cycle,capacity_true,capacity_pred,abs_error,capacity_std,capacity_p05,capacity_p95,model,dataset,battery,seed
65,1.0443456172943115,1.0540415048599243,0.009695887565612793,0.0008577688131481409,1.0526304751622957,1.055452534557553,sg-dits,calce,CS2_35,57
66,1.0435796976089478,1.0503671169281006,0.006787419319152832,0.0036880888510495424,1.044300210768124,1.056434023088077,sg-dits,calce,CS2_35,57
67,1.0414338111877441,1.0509982109069824,0.009564399719238281,0.0014320736518129706,1.0486424497497502,1.0533539720642147,sg-dits,calce,CS2_35,57
68,1.0423264503479004,1.046554446220398,0.004227995872497559,0.001924805692397058,1.0433881408564047,1.0497207515843912,sg-dits,calce,CS2_35,57
69,1.041955828666687,1.049601435661316,0.007645606994628906,0.0016640765825286508,1.0468640296830563,1.0523388416395756,sg-dits,calce,CS2_35,57
70,1.034641981124878,1.0490312576293945,0.014389276504516602,0.003618846647441387,1.0430782548943534,1.0549842603644357,sg-dits,calce,CS2_35,57
71,1.0334434509277344,1.0456863641738892,0.012242913246154785,0.004909267649054527,1.0376106188911944,1.0537621094565839,sg-dits,calce,CS2_35,57
72,1.0329174995422363,1.0366878509521484,0.0037703514099121094,0.004203575663268566,1.0297729689860717,1.0436027329182251,sg-dits,calce,CS2_35,57
73,1.032427191734314,1.0391114950180054,0.006684303283691406,0.002925810869783163,1.0342985361372121,1.0439244538987986,sg-dits,calce,CS2_35,57
74,1.025694489479065,1.0390653610229492,0.013370871543884277,0.0035185564775019884,1.0332773356174585,1.04485338642844,sg-dits,calce,CS2_35,57
75,1.03208327293396,1.0325535535812378,0.00047028064727783203,0.004154555033892393,1.0257193105504847,1.0393877966119909,sg-dits,calce,CS2_35,57
76,1.0319108963012695,1.0402711629867554,0.00836026668548584,0.003717820392921567,1.0341553484403994,1.0463869775331114,sg-dits,calce,CS2_35,57
77,1.0313844680786133,1.034963607788086,0.0035791397094726562,0.0030150488018989563,1.030003852508962,1.0399233630672098,sg-dits,calce,CS2_35,57
78,1.0303640365600586,1.0354342460632324,0.005070209503173828,0.0028894839342683554,1.030681044991361,1.0401874471351038,sg-dits,calce,CS2_35,57
79,1.0253773927688599,1.0346351861953735,0.009257793426513672,0.005492416676133871,1.0256001607631333,1.0436702116276138,sg-dits,calce,CS2_35,57
80,1.0253169536590576,1.0284759998321533,0.003159046173095703,0.005467131733894348,1.0194825681298971,1.0374694315344095,sg-dits,calce,CS2_35,57
81,1.0247266292572021,1.0328059196472168,0.008079290390014648,0.0027871099300682545,1.0282211238122545,1.037390715482179,sg-dits,calce,CS2_35,57
82,1.0236788988113403,1.0287957191467285,0.005116820335388184,0.005519824102520943,1.0197156084980816,1.0378758297953754,sg-dits,calce,CS2_35,57
83,1.0230799913406372,1.0296802520751953,0.0066002607345581055,0.0028297414537519217,1.0250253273837735,1.0343351767666171,sg-dits,calce,CS2_35,57
84,1.0226447582244873,1.0290368795394897,0.006392121315002441,0.00396652752533555,1.0225119417603128,1.0355618173186667,sg-dits,calce,CS2_35,57
85,1.0220903158187866,1.0301117897033691,0.00802147388458252,0.004370658192783594,1.02292205697624,1.0373015224304982,sg-dits,calce,CS2_35,57
86,1.0215154886245728,1.0245964527130127,0.0030809640884399414,0.0036324728280305862,1.0186210349109024,1.030571870515123,sg-dits,calce,CS2_35,57
87,1.016603708267212,1.0284250974655151,0.011821389198303223,0.000880993960890919,1.0269758623998495,1.0298743325311808,sg-dits,calce,CS2_35,57
88,1.021017074584961,1.022354245185852,0.0013371706008911133,0.004257530905306339,1.0153506068466231,1.029357883525081,sg-dits,calce,CS2_35,57
89,1.0157504081726074,1.026946783065796,0.011196374893188477,0.007137487176805735,1.0152056166599506,1.0386879494716412,sg-dits,calce,CS2_35,57
90,1.0151335000991821,1.0178768634796143,0.002743363380432129,0.0032414773013442755,1.012544633318903,1.0232090936403255,sg-dits,calce,CS2_35,57
91,1.0147885084152222,1.0233323574066162,0.008543848991394043,0.0029543053824454546,1.0184725250524935,1.028192189760739,sg-dits,calce,CS2_35,57
92,1.0055391788482666,1.0102030038833618,0.004663825035095215,0.020348254591226578,0.976730125080794,1.0436758826859296,sg-dits,calce,CS2_35,57
93,1.0041149854660034,1.0164737701416016,0.012358784675598145,0.0034544793888926506,1.010791151546873,1.02215638873633,sg-dits,calce,CS2_35,57
94,0.9987375736236572,1.016016960144043,0.017279386520385742,0.0023009879514575005,1.0122318349638955,1.0198020853241905,sg-dits,calce,CS2_35,57
95,0.9978437423706055,1.0033588409423828,0.005515098571777344,0.005396100226789713,0.9944822560693137,1.0122354258154518,sg-dits,calce,CS2_35,57
96,1.0161961317062378,1.0079140663146973,0.008282065391540527,0.006803376134485006,0.9967225125734694,1.0191056200559252,sg-dits,calce,CS2_35,57
97,1.0155185461044312,1.024579405784607,0.009060859680175781,0.0019545708782970905,1.0213641366898083,1.0277946748794056,sg-dits,calce,CS2_35,57
98,1.01426362991333,1.0121864080429077,0.0020772218704223633,0.0015323112020269036,1.0096657561155735,1.014707059970242,sg-dits,calce,CS2_35,57
99,1.022953987121582,1.012204885482788,0.010749101638793945,0.0032813004218041897,1.00680714628892,1.017602624676656,sg-dits,calce,CS2_35,57
100,1.0230958461761475,1.0156298875808716,0.007465958595275879,0.00181856588460505,1.0126383467006963,1.0186214284610469,sg-dits,calce,CS2_35,57
101,1.0136374235153198,1.0225975513458252,0.008960127830505371,0.004855207167565823,1.0146107355551794,1.030584367136471,sg-dits,calce,CS2_35,57
102,1.0421100854873657,1.013940453529358,0.028169631958007812,0.0060052042827010155,1.0040618924843148,1.023819014574401,sg-dits,calce,CS2_35,57
103,1.0415623188018799,1.0348421335220337,0.006720185279846191,0.005379207897931337,1.0259933365299367,1.0436909305141306,sg-dits,calce,CS2_35,57
104,1.0496809482574463,1.0293669700622559,0.02031397819519043,0.006990903988480568,1.0178669330012053,1.0408670071233064,sg-dits,calce,CS2_35,57
105,1.050218939781189,1.0432333946228027,0.0069855451583862305,0.0038373114075511694,1.036921017357381,1.0495457718882244,sg-dits,calce,CS2_35,57
106,1.0345139503479004,1.0373858213424683,0.002871870994567871,0.0036012858618050814,1.0314617060997988,1.0433099365851377,sg-dits,calce,CS2_35,57
107,1.0342059135437012,1.0356600284576416,0.0014541149139404297,0.003873683512210846,1.0292878190800547,1.0420322378352285,sg-dits,calce,CS2_35,57
108,1.0346719026565552,1.0333656072616577,0.001306295394897461,0.003619466908276081,1.0274115841975435,1.039319630325772,sg-dits,calce,CS2_35,57
109,1.0333621501922607,1.031124472618103,0.002237677574157715,0.00401687016710639,1.024516721193213,1.0377322240429931,sg-dits,calce,CS2_35,57
110,1.032349944114685,1.0361348390579224,0.0037848949432373047,0.003702543443068862,1.030044155094074,1.0422255230217707,sg-dits,calce,CS2_35,57
111,1.0411694049835205,1.0346202850341797,0.00654911994934082,0.002030287403613329,1.0312804622552358,1.0379601078131235,sg-dits,calce,CS2_35,57
112,1.0414137840270996,1.0404763221740723,0.0009374618530273438,0.002309804316610098,1.0366766940732486,1.044275950274896,sg-dits,calce,CS2_35,57
113,1.0316780805587769,1.0360850095748901,0.004406929016113281,0.004077433608472347,1.029377631288953,1.0427923878608272,sg-dits,calce,CS2_35,57
114,1.0251245498657227,1.03047513961792,0.005350589752197266,0.004651844967156649,1.0228228546469473,1.0381274245888925,sg-dits,calce,CS2_35,57
115,1.0237631797790527,1.0261807441711426,0.0024175643920898438,0.002323940396308899,1.0223578622192144,1.0300036261230707,sg-dits,calce,CS2_35,57
116,1.023033857345581,1.0260024070739746,0.0029685497283935547,0.001631090184673667,1.0233192637201864,1.0286855504277628,sg-dits,calce,CS2_35,57
117,1.0168249607086182,1.0245702266693115,0.007745265960693359,0.0026598512195050716,1.0201947714132258,1.0289456819253973,sg-dits,calce,CS2_35,57
118,1.0308916568756104,1.020613431930542,0.01027822494506836,0.0037576754111796618,1.0144320558791515,1.0267948079819325,sg-dits,calce,CS2_35,57
119,1.0313292741775513,1.0345395803451538,0.003210306167602539,0.0031933889258652925,1.0292864555621053,1.0397927051282023,sg-dits,calce,CS2_35,57
120,1.0216346979141235,1.0258054733276367,0.004170775413513184,0.006167662795633078,1.0156596680288204,1.035951278626453,sg-dits,calce,CS2_35,57
121,1.0136929750442505,1.0203074216842651,0.0066144466400146484,0.0031072674319148064,1.0151959667587653,1.025418876609765,sg-dits,calce,CS2_35,57
122,1.0140507221221924,1.0158497095108032,0.0017989873886108398,0.004411004949361086,1.0085936063691043,1.0231058126525021,sg-dits,calce,CS2_35,57
123,1.0074247121810913,1.016229271888733,0.008804559707641602,0.00255137518979609,1.0120322597015183,1.0204262840759475,sg-dits,calce,CS2_35,57
124,1.0144954919815063,1.0088410377502441,0.005654454231262207,0.004426573868840933,1.0015593237360008,1.0161227517644875,sg-dits,calce,CS2_35,57
125,1.0212360620498657,1.019456148147583,0.0017799139022827148,0.004211748950183392,1.0125278211245314,1.0263844751706346,sg-dits,calce,CS2_35,57
126,1.0214519500732422,1.0226541757583618,0.001202225685119629,0.0026417847257107496,1.0183084398845677,1.026999911632156,sg-dits,calce,CS2_35,57
127,1.021308183670044,1.015549898147583,0.0057582855224609375,0.003719382220879197,1.0094315143942367,1.0216682819009293,sg-dits,calce,CS2_35,57
128,1.0210868120193481,1.0195115804672241,0.0015752315521240234,0.0038590370677411556,1.0131634644907899,1.0258596964436584,sg-dits,calce,CS2_35,57
129,1.020821452140808,1.0181344747543335,0.0026869773864746094,0.004974881187081337,1.0099507952015847,1.0263181543070823,sg-dits,calce,CS2_35,57
130,1.0209851264953613,1.0216951370239258,0.0007100105285644531,0.002638595411553979,1.0173546475719195,1.026035626475932,sg-dits,calce,CS2_35,57
131,1.020792841911316,1.0200626850128174,0.0007301568984985352,0.0035029686987400055,1.01430030150339,1.0258250685222448,sg-dits,calce,CS2_35,57
132,1.0204963684082031,1.019875168800354,0.0006211996078491211,0.0015987700317054987,1.0172451920981984,1.0225051455025096,sg-dits,calce,CS2_35,57
133,1.0199933052062988,1.0148248672485352,0.005168437957763672,0.007343572564423084,1.0027446903800592,1.0269050441170111,sg-dits,calce,CS2_35,57
134,1.015980839729309,1.0207606554031372,0.004779815673828125,0.0021818275563418865,1.0171715490729547,1.0243497617333197,sg-dits,calce,CS2_35,57
135,1.0156879425048828,1.017377495765686,0.0016895532608032227,0.004872648976743221,1.0093619881989435,1.0253930033324286,sg-dits,calce,CS2_35,57
136,1.015556812286377,1.0173596143722534,0.0018028020858764648,0.002211526967585087,1.0137216525105759,1.020997576233931,sg-dits,calce,CS2_35,57
137,1.0155082941055298,1.016318440437317,0.0008101463317871094,0.001617934787645936,1.0136569377116393,1.0189799431629945,sg-dits,calce,CS2_35,57
138,1.015482783317566,1.015609622001648,0.00012683868408203125,0.0031946878880262375,1.0103543604258447,1.0208648835774512,sg-dits,calce,CS2_35,57
139,1.015929937362671,1.017733097076416,0.0018031597137451172,0.001796034281142056,1.0147786206839373,1.0206875734688947,sg-dits,calce,CS2_35,57
140,1.0199768543243408,1.014357328414917,0.005619525909423828,0.0036116614937782288,1.0084161452576519,1.020298511572182,sg-dits,calce,CS2_35,57
141,0.9974042773246765,1.0135443210601807,0.01614004373550415,0.006573946680873632,1.0027301787701435,1.0243584633502179,sg-dits,calce,CS2_35,57
142,0.9982094764709473,1.000084638595581,0.001875162124633789,0.0026367725804448128,0.9957471477007493,1.0044221294904128,sg-dits,calce,CS2_35,57
143,0.9965401887893677,1.0010223388671875,0.004482150077819824,0.002379870042204857,0.9971074526477605,1.0049372250866144,sg-dits,calce,CS2_35,57
144,0.9960215091705322,0.9986661672592163,0.002644658088684082,0.0008659535669721663,0.9972416736415471,1.0000906608768856,sg-dits,calce,CS2_35,57
145,0.994604229927063,1.000565528869629,0.005961298942565918,0.0033054922241717577,0.9951279941608664,1.0060030635783914,sg-dits,calce,CS2_35,57
146,1.0047953128814697,1.004047155380249,0.0007481575012207031,0.0029495146591216326,0.9991952037659939,1.0088991069945041,sg-dits,calce,CS2_35,57
147,1.00534188747406,1.0108373165130615,0.005495429039001465,0.003824031911790371,1.0045467840181663,1.0171278490079567,sg-dits,calce,CS2_35,57
148,0.989225447177887,1.005438208580017,0.016212761402130127,0.003441696288064122,0.9997766181861516,1.0110997989738826,sg-dits,calce,CS2_35,57
149,0.9878303408622742,0.9917030334472656,0.003872692584991455,0.0026245114859193563,0.9873857120529282,0.996020354841603,sg-dits,calce,CS2_35,57
150,0.9952966570854187,0.9962432980537415,0.0009466409683227539,0.003885068465024233,0.9898523604287766,1.0026342356787064,sg-dits,calce,CS2_35,57
151,1.0047639608383179,1.0059912204742432,0.001227259635925293,0.004887894261628389,0.9979506344138644,1.0140318065346219,sg-dits,calce,CS2_35,57
152,1.0049594640731812,1.0166593790054321,0.011699914932250977,0.0019176891073584557,1.0135047804238275,1.0198139775870367,sg-dits,calce,CS2_35,57
153,0.9888022541999817,1.0042150020599365,0.015412747859954834,0.0026914707850664854,0.9997875326185022,1.0086424715013709,sg-dits,calce,CS2_35,57
154,0.9940255880355835,0.9969877004623413,0.0029621124267578125,0.003181376261636615,0.9917543365119491,1.0022210644127336,sg-dits,calce,CS2_35,57
155,0.9943771362304688,1.0007078647613525,0.006330728530883789,0.003092651255428791,0.9956204534461722,1.005795276076533,sg-dits,calce,CS2_35,57
156,0.9938228726387024,0.9988309144973755,0.005008041858673096,0.002278154483065009,0.9950833503727335,1.0025784786220173,sg-dits,calce,CS2_35,57
157,0.9946039915084839,0.9971349835395813,0.002530992031097412,0.003047111677005887,0.9921224848309066,1.002147482248256,sg-dits,calce,CS2_35,57
158,1.0029174089431763,1.0018762350082397,0.0010411739349365234,0.0021856199018657207,0.9982808902696706,1.0054715797468088,sg-dits,calce,CS2_35,57
159,1.0039498805999756,1.0051326751708984,0.0011827945709228516,0.0027347072027623653,1.0006340818223542,1.0096312685194426,sg-dits,calce,CS2_35,57
160,0.9891223907470703,1.001466155052185,0.012343764305114746,0.002206338569521904,0.9978367281053215,1.0050955819990486,sg-dits,calce,CS2_35,57
161,0.9883695840835571,0.9915488362312317,0.0031792521476745605,0.0023652096278965473,0.9876580663933419,0.9954396060691215,sg-dits,calce,CS2_35,57
162,0.9872901439666748,0.9928540587425232,0.005563914775848389,0.0017921836115419865,0.9899059167015366,0.9958022007835098,sg-dits,calce,CS2_35,57
163,0.9883442521095276,0.9877120852470398,0.000632166862487793,0.0012081394670531154,0.9857246958237375,0.9896994746703421,sg-dits,calce,CS2_35,57
164,0.9966089129447937,0.9924333691596985,0.004175543785095215,0.0030145596247166395,0.9874744185770397,0.9973923197423573,sg-dits,calce,CS2_35,57
165,1.002802848815918,0.999864399433136,0.0029384493827819824,0.0015408596955239773,0.997329685233999,1.002399113632273,sg-dits,calce,CS2_35,57
166,1.003350853919983,1.0077427625656128,0.004391908645629883,0.0020129068288952112,1.0044315308320801,1.0110539942991454,sg-dits,calce,CS2_35,57
167,0.987069308757782,1.0018061399459839,0.014736831188201904,0.0042642527259886265,0.9947914442117326,1.0088208356802353,sg-dits,calce,CS2_35,57
168,0.988744854927063,0.9944480061531067,0.005703151226043701,0.0013403064804151654,0.9922432019928238,0.9966528103133896,sg-dits,calce,CS2_35,57
169,0.9951140284538269,0.9921499490737915,0.0029640793800354004,0.0018843823345378041,0.9890501401334768,0.9952497580141062,sg-dits,calce,CS2_35,57
170,1.0035061836242676,0.995011031627655,0.008495151996612549,0.0038904098328202963,0.9886113074526657,1.0014107558026444,sg-dits,calce,CS2_35,57
171,1.0036969184875488,0.9998159408569336,0.0038809776306152344,0.003338836133480072,0.9943235554173588,1.0053083262965083,sg-dits,calce,CS2_35,57
172,1.0038726329803467,1.0013070106506348,0.002565622329711914,0.004131542053073645,0.9945106239733286,1.008103397327941,sg-dits,calce,CS2_35,57
173,1.0040581226348877,1.004415512084961,0.0003573894500732422,0.0038510095328092575,0.9980806014034898,1.0107504227664321,sg-dits,calce,CS2_35,57
174,1.0042544603347778,1.00559401512146,0.001339554786682129,0.0026433563325554132,1.0012456939544063,1.0099423362885136,sg-dits,calce,CS2_35,57
175,1.0044063329696655,1.0009891986846924,0.0034171342849731445,0.0035700551234185696,0.9951164580066688,1.0068619393627158,sg-dits,calce,CS2_35,57
176,1.005053997039795,1.0012248754501343,0.0038291215896606445,0.002228962490335107,0.997558232153533,1.0048915187467355,sg-dits,calce,CS2_35,57
177,1.0052666664123535,0.996770441532135,0.008496224880218506,0.015726452693343163,0.9709004268515855,1.0226404562126845,sg-dits,calce,CS2_35,57
178,1.005370855331421,1.0066853761672974,0.0013145208358764648,0.0013838345184922218,1.0044089683843778,1.008961783950217,sg-dits,calce,CS2_35,57
179,1.0053999423980713,1.0007778406143188,0.004622101783752441,0.005774644669145346,0.9912785501335748,1.010277131095063,sg-dits,calce,CS2_35,57
180,1.0057002305984497,1.000136137008667,0.005564093589782715,0.007017830852419138,0.9885918052564375,1.0116804687608965,sg-dits,calce,CS2_35,57
181,1.005802035331726,1.0015811920166016,0.004220843315124512,0.0030709062702953815,0.9965295512019656,1.0066328328312375,sg-dits,calce,CS2_35,57
182,1.0058555603027344,1.006882905960083,0.0010273456573486328,0.003633902408182621,1.0009051364986226,1.0128606754215435,sg-dits,calce,CS2_35,57
183,1.0058808326721191,1.003887414932251,0.001993417739868164,0.002899067709222436,0.9991184485505801,1.008656381313922,sg-dits,calce,CS2_35,57
184,1.006019949913025,1.0041277408599854,0.0018922090530395508,0.0026459437794983387,0.9997751633427105,1.0084803183772602,sg-dits,calce,CS2_35,57
185,1.0059863328933716,1.0053101778030396,0.0006761550903320312,0.0028586562257260084,1.0006076883117203,1.0100126672943588,sg-dits,calce,CS2_35,57
186,1.0059876441955566,1.0077881813049316,0.001800537109375,0.00274846563115716,1.0032669553416782,1.012309407268185,sg-dits,calce,CS2_35,57
187,1.0059696435928345,1.0010154247283936,0.004954218864440918,0.003591206856071949,0.9951078894501552,1.0069229600066318,sg-dits,calce,CS2_35,57
188,0.996330976486206,1.0029001235961914,0.0065691471099853516,0.00449862377718091,0.9954998874827288,1.010300359709654,sg-dits,calce,CS2_35,57
189,0.9948217272758484,0.9935479164123535,0.001273810863494873,0.004245308227837086,0.9865643843775616,1.0005314484471455,sg-dits,calce,CS2_35,57
190,0.9945210218429565,0.9935327172279358,0.000988304615020752,0.0017435806803405285,0.9906645270087756,0.996400907447096,sg-dits,calce,CS2_35,57
191,0.9883843660354614,0.9914411306381226,0.003056764602661133,0.002723054261878133,0.986961706377333,0.9959205548989121,sg-dits,calce,CS2_35,57
192,0.9871311187744141,0.9896413087844849,0.0025101900100708008,0.0021431574132293463,0.9861158148397225,0.9931668027292472,sg-dits,calce,CS2_35,57
193,0.9961886405944824,0.9924795627593994,0.003709077835083008,0.002151999855414033,0.9889395229972433,0.9960196025215555,sg-dits,calce,CS2_35,57
194,1.00162672996521,0.9980832934379578,0.0035434365272521973,0.0025602474343031645,0.9938716864085291,1.0022949004673865,sg-dits,calce,CS2_35,57
195,0.9973176717758179,0.9995833039283752,0.002265632152557373,0.003866759594529867,0.9932224843953736,1.0059441234613768,sg-dits,calce,CS2_35,57
196,0.9868965744972229,0.9916682243347168,0.0047716498374938965,0.00247759697958827,0.9875925773032941,0.9957438713661395,sg-dits,calce,CS2_35,57
197,1.026721715927124,0.9868526458740234,0.039869070053100586,0.0021767746657133102,0.983271851548925,0.9904334401991218,sg-dits,calce,CS2_35,57
198,1.0329060554504395,1.011957049369812,0.02094900608062744,0.0010523319942876697,1.0102259632392088,1.0136881355004153,sg-dits,calce,CS2_35,57
199,1.03432035446167,1.021121621131897,0.01319873332977295,0.0021365948487073183,1.0176069226057733,1.0246363196580206,sg-dits,calce,CS2_35,57
200,1.0348238945007324,1.0277256965637207,0.007098197937011719,0.005603760480880737,1.018507510572672,1.0369438825547694,sg-dits,calce,CS2_35,57
201,1.0348836183547974,1.0305659770965576,0.004317641258239746,0.002516152337193489,1.0264269065018743,1.034705047691241,sg-dits,calce,CS2_35,57
202,1.034729242324829,1.0301499366760254,0.004579305648803711,0.002109451685100794,1.0266798886540345,1.0336199846980163,sg-dits,calce,CS2_35,57
203,1.0347002744674683,1.0277425050735474,0.0069577693939208984,0.003111501457169652,1.0226240851765034,1.0328609249705913,sg-dits,calce,CS2_35,57
204,1.0348150730133057,1.0267077684402466,0.008107304573059082,0.001750887488014996,1.0238275585224619,1.0295879783580313,sg-dits,calce,CS2_35,57
205,1.0345752239227295,1.029251217842102,0.005324006080627441,0.001827551401220262,1.0262448957870947,1.0322575398971094,sg-dits,calce,CS2_35,57
206,1.0341867208480835,1.0277818441390991,0.006404876708984375,0.0020573390647768974,1.0243975213775411,1.031166166900657,sg-dits,calce,CS2_35,57
207,1.033809781074524,1.0262584686279297,0.007551312446594238,0.003962012007832527,1.0197409588750452,1.0327759783808141,sg-dits,calce,CS2_35,57
208,1.0330899953842163,1.0251173973083496,0.0079725980758667,0.002661108737811446,1.0207398734346498,1.0294949211820494,sg-dits,calce,CS2_35,57
209,1.032852292060852,1.0263457298278809,0.006506562232971191,0.00304524227976799,1.0213363062776626,1.0313551533780991,sg-dits,calce,CS2_35,57
210,1.0325689315795898,1.024688720703125,0.007880210876464844,0.0017648685025051236,1.021785512016504,1.027591929389746,sg-dits,calce,CS2_35,57
211,1.0322508811950684,1.029194951057434,0.0030559301376342773,0.002274412428960204,1.0254535426117946,1.0329363595030736,sg-dits,calce,CS2_35,57
212,1.0321310758590698,1.0250791311264038,0.007051944732666016,0.002744467696174979,1.020564481766196,1.0295937804866115,sg-dits,calce,CS2_35,57
213,1.0315885543823242,1.027647852897644,0.003940701484680176,0.0015824839938431978,1.025044666727772,1.0302510390675161,sg-dits,calce,CS2_35,57
214,1.0228286981582642,1.0240256786346436,0.0011969804763793945,0.003163904882967472,1.0188210551021621,1.029230302167125,sg-dits,calce,CS2_35,57
215,1.0139822959899902,1.0210208892822266,0.007038593292236328,0.002599751576781273,1.0167442979384214,1.0252974806260318,sg-dits,calce,CS2_35,57
216,1.0144460201263428,1.0120505094528198,0.0023955106735229492,0.0023725952487438917,1.008147590268636,1.0159534286370036,sg-dits,calce,CS2_35,57
217,1.013516902923584,1.0101817846298218,0.003335118293762207,0.0028852270916104317,1.0054355860641226,1.014927983195521,sg-dits,calce,CS2_35,57
218,1.0071947574615479,1.0106191635131836,0.003424406051635742,0.004721612669527531,1.002852110671811,1.0183862163545563,sg-dits,calce,CS2_35,57
219,1.015550971031189,1.0100661516189575,0.005484819412231445,0.0024117990396916866,1.0060987421986647,1.0140335610392504,sg-dits,calce,CS2_35,57
220,1.0210814476013184,1.0113568305969238,0.009724617004394531,0.0027774495538324118,1.0067879260808694,1.0159257351129782,sg-dits,calce,CS2_35,57
221,1.0150789022445679,1.0149039030075073,0.00017499923706054688,0.0017020873492583632,1.0121039693179774,1.0177038366970372,sg-dits,calce,CS2_35,57
222,1.005128264427185,1.005383849143982,0.000255584716796875,0.004232699517160654,0.9984210584382527,1.0123466398497112,sg-dits,calce,CS2_35,57
223,1.0045216083526611,1.0039267539978027,0.0005948543548583984,0.006591787561774254,0.9930832634586841,1.0147702445369213,sg-dits,calce,CS2_35,57
224,0.9991076588630676,1.0035924911499023,0.004484832286834717,0.0021420021075755358,1.0000688976829406,1.007116084616864,sg-dits,calce,CS2_35,57
225,0.9976109266281128,1.0001939535140991,0.002583026885986328,0.003111915895715356,0.9950748518656474,1.0053130551625509,sg-dits,calce,CS2_35,57
226,1.0070068836212158,1.0012174844741821,0.005789399147033691,0.0018708336865529418,0.9981399630598026,1.0042950058885618,sg-dits,calce,CS2_35,57
227,1.0076463222503662,1.0066900253295898,0.0009562969207763672,0.002949558198451996,1.0018380020931363,1.0115420485660434,sg-dits,calce,CS2_35,57
228,0.9982191920280457,1.0018969774246216,0.0036777853965759277,0.004223599098622799,0.9949491569073871,1.008844797941856,sg-dits,calce,CS2_35,57
229,0.99588543176651,0.9983008503913879,0.0024154186248779297,0.0027223131619393826,0.9938226452399976,1.0027790555427782,sg-dits,calce,CS2_35,57
230,0.99531090259552,0.9936297535896301,0.0016811490058898926,0.0020758204627782106,0.99021502892836,0.9970444782509003,sg-dits,calce,CS2_35,57
231,0.9898175001144409,0.9955429434776306,0.005725443363189697,0.002211150946095586,0.9919056001713034,0.9991802867839579,sg-dits,calce,CS2_35,57
232,0.988537609577179,0.9932713508605957,0.004733741283416748,0.0008683718042448163,0.9918428792426129,0.9946998224785785,sg-dits,calce,CS2_35,57
233,0.9979857206344604,0.9931600093841553,0.004825711250305176,0.002837751992046833,0.9884919073572382,0.9978281114110723,sg-dits,calce,CS2_35,57
234,1.0036791563034058,1.0003796815872192,0.0032994747161865234,0.0025459229946136475,0.9961916382610798,1.0045677249133587,sg-dits,calce,CS2_35,57
235,0.9964133501052856,0.996488094329834,7.474422454833984e-05,0.004004690330475569,0.9899003787362016,1.0030758099234662,sg-dits,calce,CS2_35,57
236,0.9868981838226318,0.9930648803710938,0.006166696548461914,0.0018450617790222168,0.9900297537446022,0.9961000069975853,sg-dits,calce,CS2_35,57
237,0.9870885014533997,0.9904230237007141,0.003334522247314453,0.0019550882279872894,0.987206903565675,0.9936391438357532,sg-dits,calce,CS2_35,57
238,0.9867313504219055,0.9889620542526245,0.002230703830718994,0.00189834029879421,0.985839284461108,0.992084824044141,sg-dits,calce,CS2_35,57
239,0.9863201379776001,0.9899570345878601,0.0036368966102600098,0.0022337515838444233,0.986282513232436,0.9936315559432842,sg-dits,calce,CS2_35,57
240,0.9890539050102234,0.9915809631347656,0.0025270581245422363,0.002427949570119381,0.9875869860919192,0.9955749401776121,sg-dits,calce,CS2_35,57
241,0.995421826839447,0.9922481775283813,0.003173649311065674,0.0033558944705873728,0.9867277311242652,0.9977686239324975,sg-dits,calce,CS2_35,57
242,0.9956969618797302,0.9974654316902161,0.0017684698104858398,0.004818361718207598,0.9895392266637646,1.0053916367166675,sg-dits,calce,CS2_35,57
243,0.9795235395431519,0.9901750087738037,0.010651469230651855,0.002878748346120119,0.9854394677444361,0.9949105498031713,sg-dits,calce,CS2_35,57
244,0.9787960052490234,0.9844273924827576,0.005631387233734131,0.000588629103731364,0.9834590976071195,0.9853956873583957,sg-dits,calce,CS2_35,57
245,0.9889367818832397,0.9831708073616028,0.005765974521636963,0.0011537806130945683,0.9812728382530622,0.9850687764701433,sg-dits,calce,CS2_35,57
246,0.9966287612915039,0.9855884909629822,0.011040270328521729,0.0033079287968575954,0.9801469480921514,0.9910300338338129,sg-dits,calce,CS2_35,57
247,0.9969204664230347,0.9992753863334656,0.002354919910430908,0.00400972506031394,0.9926793886092491,1.005871384057682,sg-dits,calce,CS2_35,57
248,0.9968583583831787,0.9922698736190796,0.004588484764099121,0.0047370935790240765,0.984477354681585,1.0000623925565741,sg-dits,calce,CS2_35,57
249,0.9968217611312866,0.9944952130317688,0.0023265480995178223,0.0033310800790786743,0.9890155863016844,0.9999748397618532,sg-dits,calce,CS2_35,57
250,0.9968846440315247,0.9948417544364929,0.0020428895950317383,0.0026159416884183884,0.9905385303590447,0.9991449785139411,sg-dits,calce,CS2_35,57
251,0.9968361854553223,0.9949008822441101,0.0019353032112121582,0.00307609629817307,0.9898407038336154,0.9999610606546048,sg-dits,calce,CS2_35,57
252,0.9968111515045166,0.9967876076698303,2.3543834686279297e-05,0.002097491640597582,0.9933372339210473,1.0002379814186133,sg-dits,calce,CS2_35,57
253,0.9965887665748596,0.9956876635551453,0.0009011030197143555,0.0024726020637899637,0.9916202331602108,0.9997550939500798,sg-dits,calce,CS2_35,57
254,0.9963910579681396,0.9960293173789978,0.0003617405891418457,0.003133200341835618,0.9908752028166782,1.0011834319413173,sg-dits,calce,CS2_35,57
255,0.9962127208709717,0.9925435185432434,0.0036692023277282715,0.0037732587661594152,0.9863365078729112,0.9987505292135757,sg-dits,calce,CS2_35,57
256,0.9960312247276306,0.9956962466239929,0.0003349781036376953,0.0019492781721055508,0.9924896840308793,0.9989028092171065,sg-dits,calce,CS2_35,57
257,0.9959191083908081,0.9972643852233887,0.0013452768325805664,0.0026477687060832977,0.9929088057018817,1.0016199647448958,sg-dits,calce,CS2_35,57
258,0.9958409667015076,0.9978713989257812,0.0020304322242736816,0.0025616970378905535,0.9936574072984513,1.0020853905531113,sg-dits,calce,CS2_35,57
259,0.9958535432815552,0.9956177473068237,0.0002357959747314453,0.0007482973742298782,0.9943867981262156,0.9968486964874319,sg-dits,calce,CS2_35,57
260,0.995717465877533,0.9959654808044434,0.0002480149269104004,0.0029208140913397074,0.9911607416241895,1.0007702199846973,sg-dits,calce,CS2_35,57
261,0.9956501722335815,0.9957451820373535,9.500980377197266e-05,0.0018517290009185672,0.9926990878308425,0.9987912762438645,sg-dits,calce,CS2_35,57
262,0.995422899723053,0.9984008073806763,0.002977907657623291,0.0017896161880344152,0.9954568887513596,1.0013447260099928,sg-dits,calce,CS2_35,57
263,0.9789683222770691,0.9926646947860718,0.013696372509002686,0.003510706592351198,0.986889582441654,0.9984398071304895,sg-dits,calce,CS2_35,57
264,0.9777511954307556,0.9828760027885437,0.005124807357788086,0.0035306899808347225,0.9770680177700706,0.9886839878070168,sg-dits,calce,CS2_35,57
265,0.9775720834732056,0.9823793768882751,0.00480729341506958,0.0031195159535855055,0.977247773144627,0.9875109806319233,sg-dits,calce,CS2_35,57
266,0.9863156676292419,0.978767991065979,0.0075476765632629395,0.0027703423984348774,0.9742107778205537,0.9833252043114044,sg-dits,calce,CS2_35,57
267,0.9871017932891846,0.9866336584091187,0.00046813488006591797,0.004955323878675699,0.9784821506286971,0.9947851661895402,sg-dits,calce,CS2_35,57
268,0.9783507585525513,0.9894008040428162,0.011050045490264893,0.004697307012975216,0.981673734006472,0.9971278740791604,sg-dits,calce,CS2_35,57
269,0.9704416990280151,0.9794918894767761,0.009050190448760986,0.0035936059430241585,0.9735804077005014,0.9854033712530509,sg-dits,calce,CS2_35,57
270,0.9703654050827026,0.9753426909446716,0.004977285861968994,0.0025759742129594088,0.9711052133643534,0.9795801685249899,sg-dits,calce,CS2_35,57
271,0.9699810743331909,0.9737153053283691,0.0037342309951782227,0.002403991064056754,0.9697607400279957,0.9776698706287426,sg-dits,calce,CS2_35,57
272,0.9784245491027832,0.9729511141777039,0.005473434925079346,0.0015756062930449843,0.9703592418256448,0.9755429865297629,sg-dits,calce,CS2_35,57
273,0.9796392917633057,0.976176381111145,0.0034629106521606445,0.001984736416488886,0.9729114897060208,0.9794412725162692,sg-dits,calce,CS2_35,57
274,0.9852946996688843,0.9833757281303406,0.0019189715385437012,0.0034790877252817154,0.9776526288222521,0.989098827438429,sg-dits,calce,CS2_35,57
275,0.9689326882362366,0.9841226935386658,0.0151900053024292,0.0036674460861831903,0.9780897447268945,0.9901556423504371,sg-dits,calce,CS2_35,57
276,0.9683434963226318,0.9683946967124939,5.120038986206055e-05,0.0016631472390145063,0.965658819504315,0.9711305739206728,sg-dits,calce,CS2_35,57
277,0.9682142734527588,0.9728474020957947,0.004633128643035889,0.000998673029243946,0.9712045849626884,0.974490219228901,sg-dits,calce,CS2_35,57
278,0.9685044884681702,0.9733315706253052,0.00482708215713501,0.003383575240150094,0.9677655893552582,0.9788975518953521,sg-dits,calce,CS2_35,57
279,0.9684786200523376,0.9674846529960632,0.000993967056274414,0.0026618114206939936,0.9631059732090216,0.9718633327831049,sg-dits,calce,CS2_35,57
280,0.9778201580047607,0.970277726650238,0.007542431354522705,0.002588812028989196,0.9660191308625508,0.9745363224379253,sg-dits,calce,CS2_35,57
281,0.9784144163131714,0.9784390926361084,2.467632293701172e-05,0.0030994126573204994,0.9733405588148162,0.9835376264574006,sg-dits,calce,CS2_35,57
282,0.9692798852920532,0.9818099141120911,0.012530028820037842,0.002329461742192507,0.9779779495461844,0.9856418786779977,sg-dits,calce,CS2_35,57
283,0.9623054265975952,0.9657317399978638,0.0034263134002685547,0.0033591287210583687,0.9602059732517227,0.9712575067440048,sg-dits,calce,CS2_35,57
284,0.9625190496444702,0.9596775770187378,0.002841472625732422,0.005720596760511398,0.9502671953476965,0.969087958689779,sg-dits,calce,CS2_35,57
285,0.9619630575180054,0.9657067656517029,0.0037437081336975098,0.0015841497806832194,0.963100839262479,0.9683126920409267,sg-dits,calce,CS2_35,57
286,0.9610128998756409,0.9677151441574097,0.006702244281768799,0.002602155087515712,0.9634345990384463,0.971995689276373,sg-dits,calce,CS2_35,57
287,0.970035195350647,0.9624342322349548,0.007600963115692139,0.0012177412863820791,0.9604310478188564,0.9644374166510533,sg-dits,calce,CS2_35,57
288,0.9766201376914978,0.9726194143295288,0.004000723361968994,0.008044426329433918,0.95938633301761,0.9858524956414476,sg-dits,calce,CS2_35,57
289,0.9711609482765198,0.979007363319397,0.007846415042877197,0.0021411385387182236,0.9754851904232055,0.9825295362155885,sg-dits,calce,CS2_35,57
290,0.9602030515670776,0.9761162400245667,0.015913188457489014,0.003031764877960086,0.9711289868003223,0.981103493248811,sg-dits,calce,CS2_35,57
291,0.9603708982467651,0.9589133262634277,0.0014575719833374023,0.002528333803638816,0.9547542171564419,0.9630724353704135,sg-dits,calce,CS2_35,57
292,0.9625217914581299,0.9670379757881165,0.004516184329986572,0.002245110459625721,0.9633447690820321,0.9707311824942008,sg-dits,calce,CS2_35,57
293,0.9619549512863159,0.9618557095527649,9.924173355102539e-05,0.00246946862898767,0.9577934336580802,0.9659179854474496,sg-dits,calce,CS2_35,57
294,0.9711865186691284,0.9666005373001099,0.004585981369018555,0.004204591736197472,0.9596839838940651,0.9735170907061547,sg-dits,calce,CS2_35,57
295,0.9765622019767761,0.9730175137519836,0.0035446882247924805,0.002411562716588378,0.9690504930831958,0.9769845344207715,sg-dits,calce,CS2_35,57
296,0.9766113758087158,0.9708790183067322,0.005732357501983643,0.002622358500957489,0.9665652385726571,0.9751927980408073,sg-dits,calce,CS2_35,57
297,0.9766634106636047,0.9666843414306641,0.009979069232940674,0.0021233083680272102,0.9631914991652593,0.9701771836960689,sg-dits,calce,CS2_35,57
298,0.9766857028007507,0.9746424555778503,0.0020432472229003906,0.002167210914194584,0.9710773936240003,0.9782075175317004,sg-dits,calce,CS2_35,57
299,0.9774037003517151,0.9737676978111267,0.003636002540588379,0.0028023819904774427,0.9691577794367913,0.9783776161854622,sg-dits,calce,CS2_35,57
300,0.9775983095169067,0.9713020324707031,0.006296277046203613,0.0037928475067019463,0.9650627983221785,0.9775412666192278,sg-dits,calce,CS2_35,57
301,0.9777585864067078,0.9770040512084961,0.0007545351982116699,0.0008443708065897226,0.975615061231656,0.9783930411853362,sg-dits,calce,CS2_35,57
302,0.9778448343276978,0.9753240346908569,0.0025207996368408203,0.0029535582289099693,0.9704654314043001,0.9801826379774138,sg-dits,calce,CS2_35,57
303,0.9779059886932373,0.9732386469841003,0.004667341709136963,0.004722521174699068,0.9654700996517204,0.9810071943164803,sg-dits,calce,CS2_35,57
304,0.9779961109161377,0.9764605760574341,0.0015355348587036133,0.0022667613811790943,0.9727317535853944,0.9801893985294737,sg-dits,calce,CS2_35,57
305,0.9780020117759705,0.9743420481681824,0.003659963607788086,0.002381076803430915,0.9704251768265385,0.9782589195098262,sg-dits,calce,CS2_35,57
306,0.9780862331390381,0.9771814942359924,0.0009047389030456543,0.0026927173603326082,0.9727519741782453,0.9816110142937395,sg-dits,calce,CS2_35,57
307,0.9782530665397644,0.9752311706542969,0.0030218958854675293,0.0016312904190272093,0.9725476979149971,0.9779146433935967,sg-dits,calce,CS2_35,57
308,0.9785300493240356,0.9761348962783813,0.002395153045654297,0.0022875892464071512,0.9723718119680416,0.9798979805887211,sg-dits,calce,CS2_35,57
309,0.9783459305763245,0.9775703549385071,0.0007755756378173828,0.0035576082300394773,0.9717180894000922,0.983422620476922,sg-dits,calce,CS2_35,57
310,0.978335440158844,0.975030243396759,0.003305196762084961,0.0020648613572120667,0.9716335464641452,0.9784269403293728,sg-dits,calce,CS2_35,57
311,0.968181848526001,0.9761401414871216,0.007958292961120605,0.0015609323745593429,0.9735724077309714,0.9787078752432717,sg-dits,calce,CS2_35,57
312,0.9608754515647888,0.9716446995735168,0.010769248008728027,0.0015282019739970565,0.9691308073262916,0.974158591820742,sg-dits,calce,CS2_35,57
313,0.9609583616256714,0.9628762602806091,0.0019178986549377441,0.0022516699973493814,0.9591722631349694,0.9665802574262489,sg-dits,calce,CS2_35,57
314,0.9608500599861145,0.9617339968681335,0.000883936882019043,0.002356122015044093,0.957858176153386,0.9656098175828811,sg-dits,calce,CS2_35,57
315,0.9600415229797363,0.9540802240371704,0.005961298942565918,0.0020354525186121464,0.9507319046440534,0.9574285434302874,sg-dits,calce,CS2_35,57
316,0.9683875441551208,0.9584770798683167,0.0099104642868042,0.0031220740638673306,0.9533412680332549,0.9636128917033784,sg-dits,calce,CS2_35,57
317,0.9700992703437805,0.9665689468383789,0.0035303235054016113,0.0008056989754550159,0.9652435720237554,0.9678943216530024,sg-dits,calce,CS2_35,57
318,0.9606813788414001,0.9683834910392761,0.0077021121978759766,0.0033024640288203955,0.9629509377118666,0.9738160443666857,sg-dits,calce,CS2_35,57
319,0.9597800970077515,0.9544893503189087,0.0052907466888427734,0.0026493784971535206,0.9501311226910911,0.9588475779467263,sg-dits,calce,CS2_35,57
320,0.9601190090179443,0.9600891470909119,2.9861927032470703e-05,0.004071423783898354,0.9533916549663991,0.9667866392154246,sg-dits,calce,CS2_35,57
321,0.9592152833938599,0.9579483866691589,0.0012668967247009277,0.0031866279896348715,0.9527063836262095,0.9631903897121084,sg-dits,calce,CS2_35,57
322,0.9531109929084778,0.96101313829422,0.007902145385742188,0.002250620163977146,0.9573108681244775,0.9647154084639624,sg-dits,calce,CS2_35,57
323,0.9683423042297363,0.9558576941490173,0.012484610080718994,0.002843852387741208,0.9511795569711831,0.9605358313268516,sg-dits,calce,CS2_35,57
324,0.9696407914161682,0.9692828059196472,0.0003579854965209961,0.002964320359751582,0.9644064989278559,0.9741591129114385,sg-dits,calce,CS2_35,57
325,0.9621798396110535,0.9651778340339661,0.0029979944229125977,0.004644096828997135,0.9575382947502658,0.9728173733176664,sg-dits,calce,CS2_35,57
326,0.9534041881561279,0.9561819434165955,0.0027777552604675293,0.0023301606997847557,0.9523488290654495,0.9600150577677414,sg-dits,calce,CS2_35,57
327,0.9590403437614441,0.953441321849823,0.005599021911621094,0.002558514242991805,0.9492325659201015,0.9576500777795445,sg-dits,calce,CS2_35,57
328,0.959370493888855,0.9581200480461121,0.00125044584274292,0.002392142778262496,0.9541849731758703,0.9620551229163539,sg-dits,calce,CS2_35,57
329,0.9590044617652893,0.9571972489356995,0.0018072128295898438,0.0018030909122899175,0.9542311643849826,0.9601633334864164,sg-dits,calce,CS2_35,57
330,0.9610721468925476,0.9590163230895996,0.002055823802947998,0.003016711911186576,0.9540538319956977,0.9639788141835015,sg-dits,calce,CS2_35,57
331,0.9687960147857666,0.960891842842102,0.00790417194366455,0.004390852991491556,0.9536688896710984,0.9681147960131057,sg-dits,calce,CS2_35,57
332,0.9695193767547607,0.9625799655914307,0.006939411163330078,0.004630422685295343,0.9549629202741198,0.9701970109087416,sg-dits,calce,CS2_35,57
333,0.9596849679946899,0.9604257345199585,0.0007407665252685547,0.0017886835848912597,0.9574833500228124,0.9633681190171046,sg-dits,calce,CS2_35,57
334,0.9587616324424744,0.954727828502655,0.004033803939819336,0.0038699416909366846,0.9483617744210642,0.9610938825842459,sg-dits,calce,CS2_35,57
335,0.9588601589202881,0.9570462703704834,0.0018138885498046875,0.0023239930160343647,0.9532233018591069,0.9608692388818599,sg-dits,calce,CS2_35,57
336,0.9533860087394714,0.957258403301239,0.003872394561767578,0.004652001895010471,0.9496058601839468,0.9649109464185313,sg-dits,calce,CS2_35,57
337,0.9528632760047913,0.952014148235321,0.0008491277694702148,0.002351626055315137,0.9481457233743277,0.9558825730963144,sg-dits,calce,CS2_35,57
338,0.9603535532951355,0.9536945819854736,0.006658971309661865,0.0030700198840349913,0.9486443992762361,0.9587447646947111,sg-dits,calce,CS2_35,57
339,0.9521365165710449,0.9593735337257385,0.0072370171546936035,0.0034161920193582773,0.9537538978538942,0.9649931695975829,sg-dits,calce,CS2_35,57
340,0.9515682458877563,0.949783980846405,0.0017842650413513184,0.001759448554366827,0.9468896879744716,0.9526782737183385,sg-dits,calce,CS2_35,57
341,0.959637463092804,0.9515562057495117,0.008081257343292236,0.001582561177201569,0.9489528926130152,0.9541595188860083,sg-dits,calce,CS2_35,57
342,0.9592289328575134,0.9516413807868958,0.007587552070617676,0.0017594259697943926,0.948747125066584,0.9545356365072075,sg-dits,calce,CS2_35,57
343,0.9533217549324036,0.9562795162200928,0.002957761287689209,0.0036602704785764217,0.9502583712828345,0.962300661157351,sg-dits,calce,CS2_35,57
344,0.9621930718421936,0.9552484750747681,0.006944596767425537,0.002686620457097888,0.950828984422842,0.9596679657266941,sg-dits,calce,CS2_35,57
345,0.9676479697227478,0.957416832447052,0.0102311372756958,0.0018340451642870903,0.9543998281517997,0.9604338367423043,sg-dits,calce,CS2_35,57
346,0.9679039120674133,0.9585115909576416,0.009392321109771729,0.004448487889021635,0.9511938283802011,0.9658293535350821,sg-dits,calce,CS2_35,57
347,0.9680513739585876,0.9607753753662109,0.007275998592376709,0.004225093871355057,0.9538250959478318,0.96772565478459,sg-dits,calce,CS2_35,57
348,0.9681374430656433,0.9609067440032959,0.007230699062347412,0.0043649389408528805,0.9537264194455929,0.9680870685609989,sg-dits,calce,CS2_35,57
349,0.9682880640029907,0.9628082513809204,0.0054798126220703125,0.0040701208636164665,0.9561129025602714,0.9695036002015694,sg-dits,calce,CS2_35,57
350,0.9693557024002075,0.9592731595039368,0.010082542896270752,0.006805588025599718,0.9480779672018252,0.9704683518060483,sg-dits,calce,CS2_35,57
351,0.9713428020477295,0.9628241658210754,0.008518636226654053,0.004381196107715368,0.9556170982238836,0.9700312334182672,sg-dits,calce,CS2_35,57
352,0.9774094223976135,0.9616951942443848,0.01571422815322876,0.004944150801748037,0.9535620661755092,0.9698283223132603,sg-dits,calce,CS2_35,57
353,0.9777852892875671,0.9643629193305969,0.013422369956970215,0.0014128020266070962,0.9620388599968283,0.9666869786643656,sg-dits,calce,CS2_35,57
354,0.9689928889274597,0.9530572295188904,0.015935659408569336,0.0036437720991671085,0.9470632244157605,0.9590512346220202,sg-dits,calce,CS2_35,57
355,0.9689238667488098,0.9586014151573181,0.0103224515914917,0.0022406724747270346,0.9549155089363921,0.9622873213782441,sg-dits,calce,CS2_35,57
356,0.9701719284057617,0.9629783630371094,0.007193565368652344,0.0028010723181068897,0.9583705990738235,0.9675861270003953,sg-dits,calce,CS2_35,57
357,0.9712986350059509,0.9661280512809753,0.005170583724975586,0.001450521987862885,0.9637419426109409,0.9685141599510098,sg-dits,calce,CS2_35,57
358,0.9712000489234924,0.9676198959350586,0.003580152988433838,0.003390260972082615,0.9620429166359827,0.9731968752341345,sg-dits,calce,CS2_35,57
359,0.9778180718421936,0.9641239643096924,0.01369410753250122,0.0014299050671979785,0.9617717704741517,0.966476158145233,sg-dits,calce,CS2_35,57
360,0.9782103896141052,0.9662824869155884,0.011927902698516846,0.005455342587083578,0.9573084483598359,0.9752565254713409,sg-dits,calce,CS2_35,57
361,0.9714821577072144,0.970496654510498,0.0009855031967163086,0.0023937479127198458,0.9665589391940739,0.9744343698269222,sg-dits,calce,CS2_35,57
362,0.9695559144020081,0.9677615165710449,0.0017943978309631348,0.0033755421172827482,0.9622087497881148,0.9733142833539751,sg-dits,calce,CS2_35,57
363,0.96942138671875,0.966391921043396,0.003029465675354004,0.0016230267938226461,0.9637220419675577,0.9690618001192343,sg-dits,calce,CS2_35,57
364,0.970751166343689,0.9597092270851135,0.01104193925857544,0.0015430808998644352,0.9571708590048366,0.9622475951653905,sg-dits,calce,CS2_35,57
365,0.9707291722297668,0.9663307666778564,0.0043984055519104,0.00303513347171247,0.9613379721168894,0.9713235612388235,sg-dits,calce,CS2_35,57
366,0.976093590259552,0.9682950377464294,0.007798552513122559,0.0023740376345813274,0.9643897458375431,0.9722003296553158,sg-dits,calce,CS2_35,57
367,0.977114200592041,0.9694288969039917,0.007685303688049316,0.003976959269493818,0.9628867989056744,0.975970994902309,sg-dits,calce,CS2_35,57
368,0.9772564172744751,0.9690334796905518,0.00822293758392334,0.0029508541338145733,0.9641793246404268,0.9738876347406767,sg-dits,calce,CS2_35,57
369,0.9687844514846802,0.973288357257843,0.004503905773162842,0.0023347868118435144,0.9694476329523605,0.9771290815633256,sg-dits,calce,CS2_35,57
370,0.9686663150787354,0.9634789228439331,0.005187392234802246,0.004297581501305103,0.9564094012742862,0.97054844441358,sg-dits,calce,CS2_35,57
371,0.9684567451477051,0.9652245044708252,0.003232240676879883,0.001891576568596065,0.9621128610154847,0.9683361479261657,sg-dits,calce,CS2_35,57
372,0.9681439399719238,0.9634391069412231,0.004704833030700684,0.0025273840874433517,0.9592815601173789,0.9675966537650674,sg-dits,calce,CS2_35,57
373,0.9623796939849854,0.9632444381713867,0.0008647441864013672,0.002536287996917963,0.9590722444164567,0.9674166319263168,sg-dits,calce,CS2_35,57
374,0.9700122475624084,0.9619539380073547,0.008058309555053711,0.0029049732256680727,0.9571752570511307,0.9667326189635788,sg-dits,calce,CS2_35,57
375,0.9708125591278076,0.9686607122421265,0.0021518468856811523,0.0022516234312206507,0.9649567916977685,0.9723646327864844,sg-dits,calce,CS2_35,57
376,0.9688127636909485,0.9658131003379822,0.0029996633529663086,0.00333457812666893,0.9603277193196118,0.9712984813563525,sg-dits,calce,CS2_35,57
377,0.9619879126548767,0.9616329073905945,0.00035500526428222656,0.005141938105225563,0.9531744192074985,0.9700913955736905,sg-dits,calce,CS2_35,57
378,0.9624464511871338,0.960221529006958,0.0022249221801757812,0.0008332476136274636,0.9588508366825408,0.9615922213313752,sg-dits,calce,CS2_35,57
379,0.9677940011024475,0.9604283571243286,0.0073656439781188965,0.0007926851976662874,0.9591243899741676,0.9617323242744896,sg-dits,calce,CS2_35,57
380,0.968273401260376,0.9641020894050598,0.004171311855316162,0.0022665690630674362,0.9603735832963138,0.9678305955138058,sg-dits,calce,CS2_35,57
381,0.9685214161872864,0.9655752778053284,0.002946138381958008,0.0008835711632855237,0.9641218032417237,0.967028752368933,sg-dits,calce,CS2_35,57
382,0.9702553749084473,0.9646297693252563,0.005625605583190918,0.0006578091997653246,0.9635476731916424,0.9657118654588703,sg-dits,calce,CS2_35,57
383,0.9706258177757263,0.9679169058799744,0.002708911895751953,0.002011145232245326,0.9646085719729308,0.9712252397870179,sg-dits,calce,CS2_35,57
384,0.97077476978302,0.9665182828903198,0.004256486892700195,0.0014548797626048326,0.9641250056808349,0.9689115600998047,sg-dits,calce,CS2_35,57
385,0.9708607792854309,0.9657942056655884,0.005066573619842529,0.002122812904417515,0.9623021784378216,0.9692862328933551,sg-dits,calce,CS2_35,57
386,0.9708552956581116,0.9670902490615845,0.0037650465965270996,0.002532492857426405,0.962924298311118,0.9712561998120509,sg-dits,calce,CS2_35,57
387,0.9759605526924133,0.9700930118560791,0.0058675408363342285,0.0022024826612323523,0.9664699278783518,0.9737160958338064,sg-dits,calce,CS2_35,57
388,0.9761834740638733,0.971470057964325,0.00471341609954834,0.0034379144199192524,0.9658146887435578,0.9771254271850921,sg-dits,calce,CS2_35,57
389,0.9762741923332214,0.9707425236701965,0.005531668663024902,0.002101718448102474,0.967285196823068,0.974199850517325,sg-dits,calce,CS2_35,57
390,0.9762730598449707,0.970720112323761,0.005552947521209717,0.0013874637661501765,0.9684377344284439,0.973002490219078,sg-dits,calce,CS2_35,57
391,0.9762805104255676,0.9738594889640808,0.0024210214614868164,0.003910400904715061,0.9674268794758245,0.9802920984523371,sg-dits,calce,CS2_35,57
392,0.9760725498199463,0.9721676111221313,0.0039049386978149414,0.0009165357332676649,0.970659909840906,0.9736753124033567,sg-dits,calce,CS2_35,57
393,0.9761205315589905,0.974671483039856,0.0014490485191345215,0.0021998470183461905,0.9710527346946765,0.9782902313850355,sg-dits,calce,CS2_35,57
394,0.9760217070579529,0.9742919206619263,0.0017297863960266113,0.0031342569272965193,0.9691360680165235,0.979447773307329,sg-dits,calce,CS2_35,57
395,0.9760316610336304,0.9706457853317261,0.005385875701904297,0.004335310310125351,0.9635141998715698,0.9777773707918823,sg-dits,calce,CS2_35,57
396,0.9760494232177734,0.9729000329971313,0.00314939022064209,0.003798864549025893,0.9666509008139837,0.979149165180279,sg-dits,calce,CS2_35,57
397,0.9759930372238159,0.9726516008377075,0.0033414363861083984,0.004243430215865374,0.965671158132609,0.9796320435428061,sg-dits,calce,CS2_35,57
398,0.9758076667785645,0.9712415933609009,0.004566073417663574,0.0017600491410121322,0.9683463125239359,0.9741368741978659,sg-dits,calce,CS2_35,57
399,0.9678377509117126,0.9682356715202332,0.0003979206085205078,0.002540155779570341,0.96405711526284,0.9724142277776263,sg-dits,calce,CS2_35,57
400,0.9810616970062256,0.9668178558349609,0.014243841171264648,0.0013589613372460008,0.9645823644351913,0.9690533472347306,sg-dits,calce,CS2_35,57
401,0.9800405502319336,0.9796453714370728,0.00039517879486083984,0.0030189414974302053,0.9746792126738001,0.9846115302003454,sg-dits,calce,CS2_35,57
402,0.9807074069976807,0.9798188209533691,0.0008885860443115234,0.002144515048712492,0.9762910936982371,0.9833465482085012,sg-dits,calce,CS2_35,57
403,0.9884019494056702,0.9774318933486938,0.010970056056976318,0.0028451464604586363,0.9727516274212394,0.9821121592761483,sg-dits,calce,CS2_35,57
404,0.9891694784164429,0.9655530452728271,0.023616433143615723,0.005049653351306915,0.9572463655099273,0.973859725035727,sg-dits,calce,CS2_35,57
405,0.9808050394058228,0.9681655764579773,0.012639462947845459,0.006295635364949703,0.957809256282635,0.9785218966333196,sg-dits,calce,CS2_35,57
406,0.9800571799278259,0.9767561554908752,0.0033010244369506836,0.0016059535555541515,0.9741143618919886,0.9793979490897619,sg-dits,calce,CS2_35,57
407,0.9803666472434998,0.9766603112220764,0.00370633602142334,0.003669763682410121,0.9706235499645117,0.9826970724796411,sg-dits,calce,CS2_35,57
408,0.9800806045532227,0.9819292426109314,0.0018486380577087402,0.003688611788675189,0.9758614762185607,0.9879970090033021,sg-dits,calce,CS2_35,57
409,0.9789817929267883,0.9792981147766113,0.00031632184982299805,0.0025767621118575335,0.9750593411026057,0.9835368884506169,sg-dits,calce,CS2_35,57
410,0.9866677522659302,0.9770709872245789,0.009596765041351318,0.0030289224814623594,0.9720884097425733,0.9820535647065844,sg-dits,calce,CS2_35,57
411,0.9871377944946289,0.9810729026794434,0.006064891815185547,0.003685754258185625,0.975009836924728,0.9871359684341587,sg-dits,calce,CS2_35,57
412,0.9860458970069885,0.9810638427734375,0.004982054233551025,0.0031253418419510126,0.975922655443428,0.986205030103447,sg-dits,calce,CS2_35,57
413,0.9776592254638672,0.9842519164085388,0.006592690944671631,0.002281302586197853,0.9804991736542433,0.9880046591628343,sg-dits,calce,CS2_35,57
414,0.9778881072998047,0.9741623997688293,0.003725707530975342,0.0036497367545962334,0.9681585828075185,0.9801662167301401,sg-dits,calce,CS2_35,57
415,0.9778551459312439,0.9753409624099731,0.002514183521270752,0.0025315205566585064,0.9711766110942699,0.9795053137256764,sg-dits,calce,CS2_35,57
416,0.9694574475288391,0.9738314151763916,0.00437396764755249,0.003376869484782219,0.9682764648739248,0.9793863654788584,sg-dits,calce,CS2_35,57
417,0.9696243405342102,0.9664149880409241,0.003209352493286133,0.003134883474558592,0.9612581047252752,0.971571871356573,sg-dits,calce,CS2_35,57
418,0.9779205918312073,0.9680981636047363,0.009822428226470947,0.0030036119278520346,0.9631572219834197,0.973039105226053,sg-dits,calce,CS2_35,57
419,0.9784395694732666,0.9709550738334656,0.007484495639801025,0.002525465330109,0.9668006833654362,0.9751094643014949,sg-dits,calce,CS2_35,57
420,0.9687510132789612,0.9746056199073792,0.005854606628417969,0.001838979311287403,0.9715804989403114,0.9776307408744469,sg-dits,calce,CS2_35,57
421,0.9610661864280701,0.9633735418319702,0.0023073554039001465,0.0031256156507879496,0.958231904086424,0.9685151795775164,sg-dits,calce,CS2_35,57
422,0.9605962038040161,0.9615384936332703,0.0009422898292541504,0.003923837561160326,0.9550837808451615,0.967993206421379,sg-dits,calce,CS2_35,57
423,0.9683040976524353,0.9585243463516235,0.009779751300811768,0.0023412364535033703,0.9546730123856105,0.9623756803176365,sg-dits,calce,CS2_35,57
424,0.9694006443023682,0.9663825035095215,0.0030181407928466797,0.0032009778078645468,0.9611168950155843,0.9716481120034587,sg-dits,calce,CS2_35,57
425,0.9698449969291687,0.9664837121963501,0.0033612847328186035,0.002419269410893321,0.9625040140154306,0.9704634103772696,sg-dits,calce,CS2_35,57
426,0.9699426293373108,0.964936375617981,0.005006253719329834,0.003233448602259159,0.9596173526672647,0.9702553985686972,sg-dits,calce,CS2_35,57
427,0.9702362418174744,0.9641439914703369,0.006092250347137451,0.0023977512028068304,0.9601996907417196,0.9680882921989542,sg-dits,calce,CS2_35,57
428,0.9705387353897095,0.9678167104721069,0.002722024917602539,0.004628359340131283,0.960203059357591,0.9754303615866229,sg-dits,calce,CS2_35,57
429,0.9705435037612915,0.9669439792633057,0.00359952449798584,0.003291879780590534,0.9615288370242342,0.9723591215023771,sg-dits,calce,CS2_35,57
430,0.970305323600769,0.9701188206672668,0.00018650293350219727,0.0021596471779048443,0.9665662010596133,0.9736714402749204,sg-dits,calce,CS2_35,57
431,0.9695138335227966,0.9705884456634521,0.0010746121406555176,0.0027787622530013323,0.9660173817572649,0.9751595095696394,sg-dits,calce,CS2_35,57
432,0.9692293405532837,0.9695118069648743,0.00028246641159057617,0.00210972991771996,0.9660413012502249,0.9729823126795236,sg-dits,calce,CS2_35,57
433,0.9689562916755676,0.9642762541770935,0.004680037498474121,0.0022225959692150354,0.9606200838077348,0.9679324245464522,sg-dits,calce,CS2_35,57
434,0.9687097668647766,0.9647845029830933,0.00392526388168335,0.002947987988591194,0.9599350627418608,0.9696339432243257,sg-dits,calce,CS2_35,57
435,0.9686266183853149,0.9656441807746887,0.0029824376106262207,0.0011086888844147325,0.9638203875598265,0.967467973989551,sg-dits,calce,CS2_35,57
436,0.9684963226318359,0.9655448198318481,0.002951502799987793,0.0024595018476247787,0.9614989392925054,0.9695907003711909,sg-dits,calce,CS2_35,57
437,0.9683731198310852,0.9649922251701355,0.003380894660949707,0.0016784992767497897,0.9622310938598821,0.9677533564803888,sg-dits,calce,CS2_35,57
438,0.9682105183601379,0.9661537408828735,0.0020567774772644043,0.001918720779940486,0.9629974451998714,0.9693100365658757,sg-dits,calce,CS2_35,57
439,0.9680627584457397,0.9671229720115662,0.000939786434173584,0.0016581680392846465,0.9643952855869429,0.9698506584361895,sg-dits,calce,CS2_35,57
440,0.9506776332855225,0.9670505523681641,0.0163729190826416,0.0015379061223939061,0.9645206967968261,0.9695804079395021,sg-dits,calce,CS2_35,57
441,0.9442161321640015,0.9522269368171692,0.008010804653167725,0.003624492324888706,0.9462646469427273,0.9581892266916111,sg-dits,calce,CS2_35,57
442,0.9420542120933533,0.9438088536262512,0.0017546415328979492,0.0020365086384117603,0.9404587969160638,0.9471589103364386,sg-dits,calce,CS2_35,57
443,0.9416968822479248,0.942785382270813,0.0010885000228881836,0.0023332431446760893,0.9389471972978208,0.9466235672438051,sg-dits,calce,CS2_35,57
444,0.9350996017456055,0.9376992583274841,0.002599656581878662,0.006009757053107023,0.9278132079751231,0.9475853086798451,sg-dits,calce,CS2_35,57
445,0.9513069987297058,0.9425680041313171,0.008738994598388672,0.0030711123254150152,0.9375160243560094,0.9476199839066248,sg-dits,calce,CS2_35,57
446,0.9526757001876831,0.956749677658081,0.004073977470397949,0.0023031095042824745,0.9529610625235364,0.9605382927926257,sg-dits,calce,CS2_35,57
447,0.9442774057388306,0.9526544213294983,0.008377015590667725,0.0023141989950090647,0.9488475639827084,0.9564612786762882,sg-dits,calce,CS2_35,57
448,0.9433460235595703,0.9418544769287109,0.001491546630859375,0.007702083792537451,0.9291845490899868,0.954524404767435,sg-dits,calce,CS2_35,57
449,0.9503787159919739,0.9421553611755371,0.008223354816436768,0.0011437662178650498,0.9402738657471491,0.9440368566039251,sg-dits,calce,CS2_35,57
450,0.9527775049209595,0.9559410214424133,0.0031635165214538574,0.003325043246150017,0.9504713253024966,0.9614107175823301,sg-dits,calce,CS2_35,57
451,0.9531486630439758,0.9532558917999268,0.00010722875595092773,0.0018242986407130957,0.9502549205359537,0.9562568630638998,sg-dits,calce,CS2_35,57
452,0.9419817924499512,0.9487596750259399,0.0067778825759887695,0.0008767512044869363,0.9473174192945589,0.950201930757321,sg-dits,calce,CS2_35,57
453,0.9345536828041077,0.9419357776641846,0.007382094860076904,0.0019248232711106539,0.9387694433832076,0.9451021119451616,sg-dits,calce,CS2_35,57
454,0.9337666630744934,0.9386568069458008,0.004890143871307373,0.003486678237095475,0.9329212212457787,0.9443923926458229,sg-dits,calce,CS2_35,57
455,0.9334888458251953,0.9360691905021667,0.0025803446769714355,0.0021354795899242163,0.9325563265767414,0.9395820544275921,sg-dits,calce,CS2_35,57
456,0.9258153438568115,0.9387109279632568,0.012895584106445312,0.0038854440208524466,0.9323193725489546,0.9451024833775591,sg-dits,calce,CS2_35,57
457,0.9320645928382874,0.9463512301445007,0.014286637306213379,0.0030428559985011816,0.9413457320269663,0.9513567282620352,sg-dits,calce,CS2_35,57
458,0.9343991279602051,0.9368124604225159,0.002413332462310791,0.0077386037446558475,0.924082457262557,0.9495424635824747,sg-dits,calce,CS2_35,57
459,0.9428251385688782,0.9413796067237854,0.0014455318450927734,0.0006274657789617777,0.9403474255173933,0.9424117879301775,sg-dits,calce,CS2_35,57
460,0.9440757632255554,0.9391273856163025,0.00494837760925293,0.0028754076920449734,0.9343973399628885,0.9438574312697164,sg-dits,calce,CS2_35,57
461,0.9341702461242676,0.9424124360084534,0.008242189884185791,0.0026151195634156466,0.9381105643266346,0.9467143076902721,sg-dits,calce,CS2_35,57
462,0.9329054355621338,0.9337724447250366,0.000867009162902832,0.0021468233317136765,0.9302409203443677,0.9373039691057056,sg-dits,calce,CS2_35,57
463,0.9327884316444397,0.9355785846710205,0.0027901530265808105,0.0027338925283402205,0.9310813314619009,0.9400758378801402,sg-dits,calce,CS2_35,57
464,0.9320480227470398,0.9328974485397339,0.0008494257926940918,0.0015508353244513273,0.9303463244310115,0.9354485726484563,sg-dits,calce,CS2_35,57
465,0.9258986711502075,0.934146523475647,0.008247852325439453,0.0025836671702563763,0.9298963909805752,0.9383966559707188,sg-dits,calce,CS2_35,57
466,0.9351601600646973,0.9315237402915955,0.0036364197731018066,0.0017923255218192935,0.9285753648082027,0.9344721157749882,sg-dits,calce,CS2_35,57
467,0.9415538311004639,0.9378571510314941,0.0036966800689697266,0.0024711526930332184,0.9337921048514545,0.9419221972115338,sg-dits,calce,CS2_35,57
468,0.9408929347991943,0.9396938681602478,0.0011990666389465332,0.0046404036693274975,0.9320604041242041,0.9473273321962915,sg-dits,calce,CS2_35,57
469,0.9259181618690491,0.9376955628395081,0.011777400970458984,0.005459260661154985,0.9287150790519081,0.946676046627108,sg-dits,calce,CS2_35,57
470,0.9259197115898132,0.9235543608665466,0.0023653507232666016,0.002789469202980399,0.9189656840276439,0.9281430377054494,sg-dits,calce,CS2_35,57
471,0.9246494770050049,0.9276813864707947,0.003031909465789795,0.0016683738213032484,0.9249369115347509,0.9304258614068385,sg-dits,calce,CS2_35,57
472,0.9240650534629822,0.9219828248023987,0.002082228660583496,0.003929051570594311,0.915519534968771,0.9284461146360263,sg-dits,calce,CS2_35,57
473,0.9239050149917603,0.9259803891181946,0.002075374126434326,0.001573324203491211,0.9233922708034515,0.9285685074329376,sg-dits,calce,CS2_35,57
474,0.9328508377075195,0.9280017018318176,0.004849135875701904,0.00352112902328372,0.922209444588516,0.9337939590751193,sg-dits,calce,CS2_35,57
475,0.9336589574813843,0.9336940050125122,3.504753112792969e-05,0.004151725675910711,0.9268644162756391,0.9405235937493853,sg-dits,calce,CS2_35,57
476,0.9243494272232056,0.9286920428276062,0.004342615604400635,0.0029011513106524944,0.9239196489215828,0.9334644367336296,sg-dits,calce,CS2_35,57
477,0.9234685897827148,0.9227837324142456,0.0006848573684692383,0.0036175637505948544,0.916832840044517,0.9287346247839742,sg-dits,calce,CS2_35,57
478,0.923947274684906,0.9274259805679321,0.003478705883026123,0.003818504512310028,0.9211445406451821,0.9337074204906821,sg-dits,calce,CS2_35,57
479,0.9236280918121338,0.9244816303253174,0.0008535385131835938,0.003532969392836094,0.918669895674102,0.9302933649765328,sg-dits,calce,CS2_35,57
480,0.9234251379966736,0.9230839610099792,0.00034117698669433594,0.002113497816026211,0.9196072571026161,0.9265606649173423,sg-dits,calce,CS2_35,57
481,0.9254165887832642,0.9223292469978333,0.003087341785430908,0.0019440563628450036,0.9191312742809532,0.9255272197147133,sg-dits,calce,CS2_35,57
482,0.9320799708366394,0.9271095395088196,0.004970431327819824,0.006085451226681471,0.9170989722409285,0.9371201067767106,sg-dits,calce,CS2_35,57
483,0.9323381781578064,0.9300169944763184,0.002321183681488037,0.0040480089373886585,0.923358019774314,0.9366759691783227,sg-dits,calce,CS2_35,57
484,0.916784942150116,0.9266712069511414,0.00988626480102539,0.004194508772343397,0.9197712400206365,0.9335711738816462,sg-dits,calce,CS2_35,57
485,0.9168064594268799,0.9147404432296753,0.00206601619720459,0.001917417743243277,0.9115862910420401,0.9178945954173104,sg-dits,calce,CS2_35,57
486,0.9168059825897217,0.9169759750366211,0.00016999244689941406,0.003778651123866439,0.9107600939378608,0.9231918561353814,sg-dits,calce,CS2_35,57
487,0.9168177247047424,0.9195272922515869,0.0027095675468444824,0.0036067445762455463,0.913594197423663,0.9254603870795108,sg-dits,calce,CS2_35,57
488,0.9157667756080627,0.9216437339782715,0.00587695837020874,0.0015056900447234511,0.9191668738547014,0.9241205941018416,sg-dits,calce,CS2_35,57
489,0.9243561625480652,0.9194284081459045,0.0049277544021606445,0.0031089556869119406,0.9143141760409343,0.9245426402508747,sg-dits,calce,CS2_35,57
490,0.9250413179397583,0.9281894564628601,0.0031481385231018066,0.0011504794238135219,0.9262969178106869,0.9300819951150333,sg-dits,calce,CS2_35,57
491,0.9252684116363525,0.9273408651351929,0.002072453498840332,0.0018776856595650315,0.9242520722252084,0.9304296580451773,sg-dits,calce,CS2_35,57
492,0.9252484440803528,0.9216282963752747,0.003620147705078125,0.003763216082006693,0.9154378059203736,0.9278187868301757,sg-dits,calce,CS2_35,57
493,0.9251909255981445,0.9214239120483398,0.0037670135498046875,0.004200426861643791,0.9145142098609358,0.9283336142357439,sg-dits,calce,CS2_35,57
494,0.9250848293304443,0.9192639589309692,0.005820870399475098,0.0031222824472934008,0.9141278043051716,0.9244001135567669,sg-dits,calce,CS2_35,57
495,0.9250143766403198,0.923739492893219,0.00127488374710083,0.004009074531495571,0.9171445652889088,0.9303344204975292,sg-dits,calce,CS2_35,57
496,0.9247575402259827,0.9211280345916748,0.0036295056343078613,0.0009001209982670844,0.9196473355495255,0.9226087336338241,sg-dits,calce,CS2_35,57
497,0.9248037934303284,0.9209232926368713,0.0038805007934570312,0.0021786950528621674,0.9173393392749131,0.9245072459988296,sg-dits,calce,CS2_35,57
498,0.9243890643119812,0.920455813407898,0.003933250904083252,0.004734864458441734,0.9126669613737612,0.9282446654420347,sg-dits,calce,CS2_35,57
499,0.9243072867393494,0.9222273230552673,0.0020799636840820312,0.003037641756236553,0.9172304023662582,0.9272242437442765,sg-dits,calce,CS2_35,57
500,0.9241234064102173,0.9211023449897766,0.003021061420440674,0.001292045577429235,0.9189769300149055,0.9232277599646477,sg-dits,calce,CS2_35,57
501,0.9235459566116333,0.9225590229034424,0.000986933708190918,0.004132539499551058,0.9157609954266809,0.9293570503802039,sg-dits,calce,CS2_35,57
502,0.923351526260376,0.9220751523971558,0.0012763738632202148,0.0036828697193413973,0.9160168317088392,0.9281334730854723,sg-dits,calce,CS2_35,57
503,0.9168325662612915,0.9213553667068481,0.004522800445556641,0.002933748532086611,0.9165293503715657,0.9261813830421306,sg-dits,calce,CS2_35,57
504,0.9160386919975281,0.9131708741188049,0.0028678178787231445,0.0013128495775163174,0.9110112365637906,0.9153305116738193,sg-dits,calce,CS2_35,57
505,0.9168403744697571,0.9099198579788208,0.006920516490936279,0.007877971045672894,0.8969605956086889,0.9228791203489527,sg-dits,calce,CS2_35,57
506,0.9237143397331238,0.9129912257194519,0.010723114013671875,0.0023909672163426876,0.9090580846485682,0.9169243667903356,sg-dits,calce,CS2_35,57
507,0.9237202405929565,0.9138471484184265,0.00987309217453003,0.005712444428354502,0.9044501773337834,0.9232441195030696,sg-dits,calce,CS2_35,57
508,0.9144200682640076,0.9170878529548645,0.0026677846908569336,0.003390270285308361,0.9115108583355322,0.9226648475741968,sg-dits,calce,CS2_35,57
509,0.9076129794120789,0.9138241410255432,0.0062111616134643555,0.004583773668855429,0.9062838333402761,0.9213644487108104,sg-dits,calce,CS2_35,57
510,0.9076300859451294,0.9087982177734375,0.0011681318283081055,0.0019022478954866529,0.905669019985362,0.911927415561513,sg-dits,calce,CS2_35,57
511,0.9070267081260681,0.9097281694412231,0.0027014613151550293,0.002048010937869549,0.9063591914484277,0.9130971474340186,sg-dits,calce,CS2_35,57
512,0.9063550233840942,0.9034216403961182,0.0029333829879760742,0.004339529201388359,0.8962831148598344,0.910560165932402,sg-dits,calce,CS2_35,57
513,0.9140815734863281,0.9060649275779724,0.008016645908355713,0.0027488654013723135,0.901543043992715,0.9105868111632298,sg-dits,calce,CS2_35,57
514,0.9146963953971863,0.9090551733970642,0.00564122200012207,0.005071480292826891,0.9007125883153639,0.9173977584787645,sg-dits,calce,CS2_35,57
515,0.9148760437965393,0.9107500910758972,0.00412595272064209,0.0035182733554393053,0.9049625314061995,0.9165376507455949,sg-dits,calce,CS2_35,57
516,0.9052565097808838,0.905883252620697,0.0006267428398132324,0.0067614843137562275,0.894760610924568,0.917005894316826,sg-dits,calce,CS2_35,57
517,0.8984546065330505,0.8967604041099548,0.0016942024230957031,0.002962204860523343,0.8918875771143939,0.9016332311055157,sg-dits,calce,CS2_35,57
518,0.8983882069587708,0.8964828848838806,0.0019053220748901367,0.003509986912831664,0.8907089564122725,0.9022568133554887,sg-dits,calce,CS2_35,57
519,0.898034393787384,0.9001650810241699,0.0021306872367858887,0.0034875082783401012,0.8944281299063005,0.9059020321420393,sg-dits,calce,CS2_35,57
520,0.8982338905334473,0.89940345287323,0.0011695623397827148,0.004316405393183231,0.8923029660014435,0.9065039397450164,sg-dits,calce,CS2_35,57
521,0.9061464071273804,0.8980607390403748,0.008085668087005615,0.0029409273993223906,0.8932229134684895,0.90289856461226,sg-dits,calce,CS2_35,57
522,0.9064674377441406,0.9074235558509827,0.000956118106842041,0.005430127028375864,0.8984909968893043,0.916356114812661,sg-dits,calce,CS2_35,57
523,0.9051238894462585,0.9027625322341919,0.0023613572120666504,0.004712406080216169,0.8950106242322363,0.9105144402361475,sg-dits,calce,CS2_35,57
524,0.8967711329460144,0.9007077217102051,0.003936588764190674,0.002542748348787427,0.8965249006764497,0.9048905427439604,sg-dits,calce,CS2_35,57
525,0.8892238736152649,0.8962317109107971,0.0070078372955322266,0.0012176879681646824,0.8942286142031662,0.898234807618428,sg-dits,calce,CS2_35,57
526,0.8966240882873535,0.8916148543357849,0.0050092339515686035,0.006206444930285215,0.8814052524254657,0.9018244562461041,sg-dits,calce,CS2_35,57
527,0.8892220854759216,0.8978367447853088,0.008614659309387207,0.002966429805383086,0.8929569677554536,0.902716521815164,sg-dits,calce,CS2_35,57
528,0.888775646686554,0.8885178565979004,0.00025779008865356445,0.004140728153288364,0.881706358785741,0.8953293544100598,sg-dits,calce,CS2_35,57
529,0.8981384038925171,0.8916146755218506,0.006523728370666504,0.004791805054992437,0.883732156206388,0.8994971948373132,sg-dits,calce,CS2_35,57
530,0.8984679579734802,0.8990599513053894,0.0005919933319091797,0.0018754862248897552,0.8959747764654458,0.902145126145333,sg-dits,calce,CS2_35,57
531,0.8958615660667419,0.8961841464042664,0.00032258033752441406,0.0062676179222762585,0.8858739149221219,0.9064943778864109,sg-dits,calce,CS2_35,57
532,0.888001561164856,0.8893398642539978,0.0013383030891418457,0.002687163185328245,0.8849194808141329,0.8937602476938628,sg-dits,calce,CS2_35,57
533,0.8888992071151733,0.8851296901702881,0.003769516944885254,0.0022290577180683613,0.8814628902240657,0.8887964901165105,sg-dits,calce,CS2_35,57
534,0.888800323009491,0.8903568387031555,0.0015565156936645508,0.0020692090038210154,0.88695298989187,0.893760687514441,sg-dits,calce,CS2_35,57
535,0.8882005214691162,0.8881517648696899,4.875659942626953e-05,0.0039412048645317554,0.8816684828675352,0.8946350468718447,sg-dits,calce,CS2_35,57
536,0.8888139724731445,0.8880721926689148,0.0007417798042297363,0.0014489998575299978,0.885688587903278,0.8904557974345516,sg-dits,calce,CS2_35,57
537,0.8961203098297119,0.8896143436431885,0.0065059661865234375,0.0016571953892707825,0.886888257227838,0.8923404300585389,sg-dits,calce,CS2_35,57
538,0.8961985111236572,0.8948919177055359,0.0013065934181213379,0.005710062570869923,0.8854988647764549,0.9042849706346169,sg-dits,calce,CS2_35,57
539,0.896360456943512,0.8950121998786926,0.001348257064819336,0.0019315010868012905,0.8918348805909045,0.8981895191664807,sg-dits,calce,CS2_35,57
540,0.8963600397109985,0.892006516456604,0.004353523254394531,0.003566141938790679,0.8861402129672933,0.8978728199459147,sg-dits,calce,CS2_35,57
541,0.896224319934845,0.8960872888565063,0.00013703107833862305,0.0010088639101013541,0.8944277077243896,0.8977468699886231,sg-dits,calce,CS2_35,57
542,0.896479606628418,0.8925803303718567,0.0038992762565612793,0.004545664414763451,0.8851027124095708,0.9000579483341425,sg-dits,calce,CS2_35,57
543,0.8965879678726196,0.8925841450691223,0.0040038228034973145,0.002140350639820099,0.8890632682666183,0.8961050218716263,sg-dits,calce,CS2_35,57
544,0.8965998291969299,0.8896751403808594,0.006924688816070557,0.00252641667611897,0.8855191849486437,0.8938310958130751,sg-dits,calce,CS2_35,57
545,0.8965876698493958,0.8944430351257324,0.00214463472366333,0.0032223821617662907,0.8891422164696269,0.899743853781838,sg-dits,calce,CS2_35,57
546,0.8966440558433533,0.892500102519989,0.004143953323364258,0.00247050984762609,0.8884361138206441,0.8965640912193339,sg-dits,calce,CS2_35,57
547,0.8967422842979431,0.8918397426605225,0.004902541637420654,0.002848535543307662,0.8871539016917813,0.8965255836292636,sg-dits,calce,CS2_35,57
548,0.8964688181877136,0.8951683044433594,0.001300513744354248,0.00429918710142374,0.8880961416615173,0.9022404672252015,sg-dits,calce,CS2_35,57
549,0.8964741826057434,0.8936612010002136,0.002812981605529785,0.0015546499053016305,0.8911038019059925,0.8962186000944348,sg-dits,calce,CS2_35,57
550,0.8964430689811707,0.8924307823181152,0.00401228666305542,0.002843004884198308,0.887754039283609,0.8971075253526215,sg-dits,calce,CS2_35,57
551,0.8965010643005371,0.89268958568573,0.003811478614807129,0.0021078253630548716,0.8892222129635047,0.8961569584079553,sg-dits,calce,CS2_35,57
552,0.879988968372345,0.8923876285552979,0.01239866018295288,0.002759774914011359,0.8878477988217491,0.8969274582888466,sg-dits,calce,CS2_35,57
553,0.8791704773902893,0.8813889622688293,0.002218484878540039,0.003120678709819913,0.8762554457911755,0.8865224787464832,sg-dits,calce,CS2_35,57
554,0.8797184824943542,0.8763050436973572,0.0034134387969970703,0.0030203082133084536,0.8713366366864648,0.8812734507082496,sg-dits,calce,CS2_35,57
555,0.8873633742332458,0.8775206208229065,0.009842753410339355,0.0037540567573159933,0.8713451974571217,0.8836960441886913,sg-dits,calce,CS2_35,57
556,0.8875856399536133,0.8850899934768677,0.0024956464767456055,0.00438200356438756,0.8778815976134502,0.8922983893402852,sg-dits,calce,CS2_35,57
557,0.8788700699806213,0.8804190158843994,0.0015489459037780762,0.0034735100343823433,0.8747050918778405,0.8861329398909583,sg-dits,calce,CS2_35,57
558,0.8781692981719971,0.8713874220848083,0.006781876087188721,0.006404643878340721,0.8608517829049379,0.8819230612646788,sg-dits,calce,CS2_35,57
559,0.8779736161231995,0.8758944272994995,0.002079188823699951,0.005192729644477367,0.8673523870343343,0.8844364675646648,sg-dits,calce,CS2_35,57
560,0.878217339515686,0.8764203190803528,0.001797020435333252,0.0030250782147049904,0.8714440654171631,0.8813965727435424,sg-dits,calce,CS2_35,57
561,0.8779974579811096,0.8806636929512024,0.0026662349700927734,0.002043674001470208,0.8773018492187838,0.8840255366836209,sg-dits,calce,CS2_35,57
562,0.8790284991264343,0.8724820613861084,0.006546437740325928,0.00810746755450964,0.8591452772589401,0.8858188455132767,sg-dits,calce,CS2_35,57
563,0.880122721195221,0.8756086230278015,0.004514098167419434,0.003676106920465827,0.8695614271436353,0.8816558189119678,sg-dits,calce,CS2_35,57
564,0.8801037669181824,0.8757866024971008,0.004317164421081543,0.0025316569954156876,0.8716220267396421,0.8799511782545596,sg-dits,calce,CS2_35,57
565,0.8708941340446472,0.8761582374572754,0.005264103412628174,0.004628683440387249,0.8685440531978383,0.8837724217167124,sg-dits,calce,CS2_35,57
566,0.8699941039085388,0.8666486740112305,0.0033454298973083496,0.002143284771591425,0.8631229705619625,0.8701743774604984,sg-dits,calce,CS2_35,57
567,0.8703633546829224,0.8675310611724854,0.0028322935104370117,0.0028488668613135815,0.8628446751856245,0.8722174471593462,sg-dits,calce,CS2_35,57
568,0.8701878786087036,0.8737367391586304,0.003548860549926758,0.0015944099286571145,0.8711139348259894,0.8763595434912713,sg-dits,calce,CS2_35,57
569,0.8697259426116943,0.8705105781555176,0.0007846355438232422,0.004195669200271368,0.8636087023210712,0.8774124539899639,sg-dits,calce,CS2_35,57
570,0.8709462285041809,0.8694607615470886,0.0014854669570922852,0.0030564675107598305,0.8644328724918887,0.8744886506022885,sg-dits,calce,CS2_35,57
571,0.8709557056427002,0.8695985078811646,0.0013571977615356445,0.0019905392546206713,0.8663240708073136,0.8728729449550156,sg-dits,calce,CS2_35,57
572,0.8776896595954895,0.8659912347793579,0.011698424816131592,0.0037577529437839985,0.8598097311868332,0.8721727383718826,sg-dits,calce,CS2_35,57
573,0.8617314100265503,0.8745316863059998,0.012800276279449463,0.004977775737643242,0.8663432452175767,0.8827201273944228,sg-dits,calce,CS2_35,57
574,0.8612304925918579,0.8580443859100342,0.0031861066818237305,0.007335115689784288,0.8459781206003391,0.8701106512197293,sg-dits,calce,CS2_35,57
575,0.8612645864486694,0.8590574860572815,0.0022071003913879395,0.003033192828297615,0.8540678838547319,0.8640470882598311,sg-dits,calce,CS2_35,57
576,0.860697329044342,0.8616360425949097,0.000938713550567627,0.004038393963128328,0.8549928845255635,0.8682792006642558,sg-dits,calce,CS2_35,57
577,0.8602808713912964,0.8576523065567017,0.0026285648345947266,0.008273986168205738,0.8440415993100032,0.8712630138034001,sg-dits,calce,CS2_35,57
578,0.8692612051963806,0.857806384563446,0.01145482063293457,0.005181701388210058,0.8492824857798404,0.8663302833470516,sg-dits,calce,CS2_35,57
579,0.8701032996177673,0.8651001453399658,0.005003154277801514,0.005068555008620024,0.8567623723507859,0.8734379183291457,sg-dits,calce,CS2_35,57
580,0.8704363703727722,0.864989697933197,0.005446672439575195,0.004828270990401506,0.8570471921539865,0.8729322037124075,sg-dits,calce,CS2_35,57
581,0.8605597615242004,0.8633474111557007,0.002787649631500244,0.005123715382069349,0.8549188993521966,0.8717759229592048,sg-dits,calce,CS2_35,57
582,0.8610947728157043,0.8533704280853271,0.007724344730377197,0.003951660357415676,0.8468699467973784,0.8598709093732759,sg-dits,calce,CS2_35,57
583,0.8615961670875549,0.859832227230072,0.0017639398574829102,0.002640198450535536,0.855489100778941,0.864175353681203,sg-dits,calce,CS2_35,57
584,0.8614760637283325,0.865705668926239,0.004229605197906494,0.0031066040974110365,0.8605953051859978,0.8708160326664802,sg-dits,calce,CS2_35,57
585,0.8689585328102112,0.8630422949790955,0.005916237831115723,0.002307445276528597,0.8592465474992059,0.866838042458985,sg-dits,calce,CS2_35,57
586,0.8702070713043213,0.8678767085075378,0.0023303627967834473,0.006116739008575678,0.8578146728384308,0.8779387441766449,sg-dits,calce,CS2_35,57
587,0.8706948757171631,0.8715296983718872,0.0008348226547241211,0.001313566230237484,0.8693688819231465,0.8736905148206279,sg-dits,calce,CS2_35,57
588,0.8708361387252808,0.8653275966644287,0.005508542060852051,0.004479293245822191,0.8579591592750512,0.8726960340538062,sg-dits,calce,CS2_35,57
589,0.8708611726760864,0.8660086989402771,0.004852473735809326,0.002862062305212021,0.8613006064482033,0.8707167914323509,sg-dits,calce,CS2_35,57
590,0.8709606528282166,0.8655521869659424,0.00540846586227417,0.00374093116261065,0.8593983552034479,0.8717060187284369,sg-dits,calce,CS2_35,57
591,0.8710032105445862,0.8709614872932434,4.172325134277344e-05,0.0014558372786268592,0.8685666349699023,0.8733563396165845,sg-dits,calce,CS2_35,57
592,0.8709043860435486,0.8703891038894653,0.000515282154083252,0.0034559983760118484,0.8647039865609258,0.8760742212180048,sg-dits,calce,CS2_35,57
593,0.8708347082138062,0.8697583675384521,0.001076340675354004,0.0020034972112625837,0.8664626146259252,0.8730541204509791,sg-dits,calce,CS2_35,57
594,0.8707651495933533,0.8660620450973511,0.004703104496002197,0.006114532705396414,0.8560036387969739,0.8761204513977282,sg-dits,calce,CS2_35,57
595,0.8707020878791809,0.8695942163467407,0.0011078715324401855,0.001546325976960361,0.867050510114641,0.8721379225788405,sg-dits,calce,CS2_35,57
596,0.8705803751945496,0.8674214482307434,0.0031589269638061523,0.0064955116249620914,0.8567363316076808,0.878106564853806,sg-dits,calce,CS2_35,57
597,0.8704184293746948,0.8693258762359619,0.0010925531387329102,0.004378171171993017,0.8621237846580334,0.8765279678138904,sg-dits,calce,CS2_35,57
598,0.870235025882721,0.8671028017997742,0.0031322240829467773,0.0018386952579021454,0.8640781481005252,0.8701274554990232,sg-dits,calce,CS2_35,57
599,0.8699430823326111,0.8676856160163879,0.0022574663162231445,0.0032112207263708115,0.8624031579215079,0.872968074111268,sg-dits,calce,CS2_35,57
600,0.8706964254379272,0.8669081926345825,0.0037882328033447266,0.0030619597528129816,0.8618712688412051,0.8719451164279599,sg-dits,calce,CS2_35,57
601,0.8693876266479492,0.8723264336585999,0.0029388070106506348,0.003675073152408004,0.8662809383228887,0.878371928994311,sg-dits,calce,CS2_35,57
602,0.8617895245552063,0.8676791787147522,0.0058896541595458984,0.008277641609311104,0.8540624582674354,0.881295899162069,sg-dits,calce,CS2_35,57
603,0.8705769777297974,0.8635640144348145,0.00701296329498291,0.0031765978783369064,0.8583385109249503,0.8687895179446786,sg-dits,calce,CS2_35,57
604,0.8704978823661804,0.8684980869293213,0.001999795436859131,0.0031826295889914036,0.8632626612554304,0.8737335126032122,sg-dits,calce,CS2_35,57
605,0.8618109226226807,0.8595637679100037,0.002247154712677002,0.0025825060438364744,0.8553155454678927,0.8638119903521146,sg-dits,calce,CS2_35,57
606,0.8526521325111389,0.8586989045143127,0.006046772003173828,0.003919255454093218,0.8522517292923294,0.8651460797362961,sg-dits,calce,CS2_35,57
607,0.8526912927627563,0.8548317551612854,0.0021404623985290527,0.0018030789215117693,0.8518656903353985,0.8577978199871723,sg-dits,calce,CS2_35,57
608,0.8527118563652039,0.8537498712539673,0.0010380148887634277,0.005008324980735779,0.8455111766606569,0.8619885658472777,sg-dits,calce,CS2_35,57
609,0.8527074456214905,0.854738712310791,0.002031266689300537,0.0009929900988936424,0.853105243598111,0.856372181023471,sg-dits,calce,CS2_35,57
610,0.8525214791297913,0.8537552952766418,0.001233816146850586,0.005131934303790331,0.8453132633469067,0.862197327206377,sg-dits,calce,CS2_35,57
611,0.8619548082351685,0.8546230792999268,0.007331728935241699,0.002219840418547392,0.8509714418114163,0.8582747167884373,sg-dits,calce,CS2_35,57
612,0.8686939477920532,0.8622671365737915,0.006426811218261719,0.004973361734300852,0.8540859565208666,0.8704483166267164,sg-dits,calce,CS2_35,57
613,0.8607469797134399,0.8691577911376953,0.008410811424255371,0.002774692140519619,0.8645934225665406,0.87372215970885,sg-dits,calce,CS2_35,57
614,0.8522859215736389,0.8588341474533081,0.0065482258796691895,0.0028555544558912516,0.8541367603733669,0.8635315345332493,sg-dits,calce,CS2_35,57
615,0.8517866730690002,0.8523873090744019,0.0006006360054016113,0.002746462356299162,0.8478693784982897,0.856905239650514,sg-dits,calce,CS2_35,57
616,0.852232038974762,0.8506197929382324,0.001612246036529541,0.0039192745462059975,0.8441725863097236,0.8570669995667413,sg-dits,calce,CS2_35,57
617,0.851585865020752,0.853257954120636,0.0016720890998840332,0.0038804621435701847,0.8468745938944631,0.8596413143468089,sg-dits,calce,CS2_35,57
618,0.8512696027755737,0.8552839756011963,0.004014372825622559,0.0022933855652809143,0.8515113563463091,0.8590565948560834,sg-dits,calce,CS2_35,57
619,0.8602295517921448,0.8559514284133911,0.004278123378753662,0.0034718455281108618,0.8502402425196487,0.8616626143071335,sg-dits,calce,CS2_35,57
620,0.860758900642395,0.8602392077445984,0.0005196928977966309,0.0042113340459764,0.8533115632389672,0.8671668522502296,sg-dits,calce,CS2_35,57
621,0.8600875735282898,0.860838770866394,0.000751197338104248,0.0026322894264012575,0.856508654759964,0.8651688869728241,sg-dits,calce,CS2_35,57
622,0.8435493111610413,0.8530009984970093,0.009451687335968018,0.0032491886522620916,0.8476560831640382,0.8583459138299804,sg-dits,calce,CS2_35,57
623,0.8422452807426453,0.8412041664123535,0.001041114330291748,0.006030005402863026,0.8312848075246438,0.8511235253000632,sg-dits,calce,CS2_35,57
624,0.8704637289047241,0.8449320793151855,0.025531649589538574,0.001248388085514307,0.8428784809145146,0.8469856777158565,sg-dits,calce,CS2_35,57
625,0.8598846197128296,0.8560585379600525,0.0038260817527770996,0.004724743310362101,0.8482863352145068,0.8638307407055982,sg-dits,calce,CS2_35,57
626,0.8333051800727844,0.8333622813224792,5.710124969482422e-05,0.008065804839134216,0.8200940323621034,0.8466305302828551,sg-dits,calce,CS2_35,57
627,0.8159950375556946,0.8446117043495178,0.028616666793823242,0.010088867507874966,0.8280155172990635,0.8612078913999721,sg-dits,calce,CS2_35,57
628,0.8323062658309937,0.840790331363678,0.008484065532684326,0.003572865854948759,0.8349129670322872,0.8466676956950687,sg-dits,calce,CS2_35,57
629,0.8323560953140259,0.8190479278564453,0.013308167457580566,0.00443898094817996,0.8117458041966893,0.8263500515162013,sg-dits,calce,CS2_35,57
630,0.8253019452095032,0.8337488770484924,0.008446931838989258,0.00724765146151185,0.8218264903943054,0.8456712637026794,sg-dits,calce,CS2_35,57
631,0.8058538436889648,0.8251937031745911,0.01933985948562622,0.004735882394015789,0.8174031766364351,0.832984229712747,sg-dits,calce,CS2_35,57
632,0.7884500622749329,0.8071111440658569,0.018661081790924072,0.00396080082282424,0.8005956267123111,0.8136266614194028,sg-dits,calce,CS2_35,57
633,0.788066029548645,0.7847723364830017,0.0032936930656433105,0.004265825729817152,0.7777550531574525,0.7917896198085509,sg-dits,calce,CS2_35,57
634,0.7792850732803345,0.7836100459098816,0.004324972629547119,0.004727406892925501,0.7758334615710192,0.791386630248744,sg-dits,calce,CS2_35,57
635,0.7792702317237854,0.7833892107009888,0.004118978977203369,0.0029734093695878983,0.7784979522880167,0.7882804691139609,sg-dits,calce,CS2_35,57
636,0.7885248064994812,0.7820695042610168,0.0064553022384643555,0.005503171589225531,0.7730167869967408,0.7911222215252929,sg-dits,calce,CS2_35,57
637,0.7963775396347046,0.7910121083259583,0.005365431308746338,0.0030530111398547888,0.7859899050008972,0.7960343116510193,sg-dits,calce,CS2_35,57
638,0.7882017493247986,0.7969784140586853,0.008776664733886719,0.0035188740584999323,0.7911898662324529,0.8027669618849177,sg-dits,calce,CS2_35,57
639,0.7701175212860107,0.7822032570838928,0.01208573579788208,0.008683918043971062,0.7679182119015604,0.7964883022662252,sg-dits,calce,CS2_35,57
640,0.7701022624969482,0.7675759792327881,0.0025262832641601562,0.0018262221710756421,0.7645718437613687,0.7705801147042075,sg-dits,calce,CS2_35,57
641,0.7609089016914368,0.764737069606781,0.0038281679153442383,0.006359991617500782,0.7542748833959922,0.7751992558175698,sg-dits,calce,CS2_35,57
642,0.7609134912490845,0.7606788873672485,0.0002346038818359375,0.00877752061933279,0.746239865948446,0.775117908786051,sg-dits,calce,CS2_35,57
643,0.7517404556274414,0.7655766606330872,0.013836205005645752,0.004228254314512014,0.7586211822857148,0.7725321389804595,sg-dits,calce,CS2_35,57
644,0.7691311240196228,0.7571738958358765,0.011957228183746338,0.005279586184769869,0.74848897656193,0.7658588151098229,sg-dits,calce,CS2_35,57
645,0.7701674699783325,0.769680380821228,0.0004870891571044922,0.0038909330032765865,0.7632797960308381,0.776080965611618,sg-dits,calce,CS2_35,57
646,0.7701848745346069,0.7652063369750977,0.004978537559509277,0.0046905516646802425,0.7574903794866986,0.7729222944634967,sg-dits,calce,CS2_35,57
647,0.7517701983451843,0.7717753052711487,0.020005106925964355,0.00840254407376051,0.7579531202698127,0.7855974902724847,sg-dits,calce,CS2_35,57
648,0.7425652742385864,0.7497435212135315,0.007178246974945068,0.009058116003870964,0.7348429203871638,0.7646441220398992,sg-dits,calce,CS2_35,57
649,0.7425782680511475,0.7507363557815552,0.008158087730407715,0.005842581856995821,0.741125308626797,0.7603474029363133,sg-dits,calce,CS2_35,57
650,0.7425476312637329,0.7352526187896729,0.007295012474060059,0.005195515230298042,0.7267059962358325,0.7437992413435132,sg-dits,calce,CS2_35,57
651,0.7425616979598999,0.7391063570976257,0.00345534086227417,0.003574725240468979,0.7332259340770543,0.7449867801181972,sg-dits,calce,CS2_35,57
652,0.7425751090049744,0.7416562438011169,0.0009188652038574219,0.006985018961131573,0.7301658876100555,0.7531465999921784,sg-dits,calce,CS2_35,57
653,0.7333804368972778,0.7396451830863953,0.006264746189117432,0.002445769729092717,0.7356218918820377,0.7436684742907528,sg-dits,calce,CS2_35,57
654,0.733375608921051,0.7321022748947144,0.00127333402633667,0.005068809725344181,0.7237640828965232,0.7404404668929055,sg-dits,calce,CS2_35,57
655,0.7333672046661377,0.7350205779075623,0.0016533732414245605,0.0032917880453169346,0.7296055865730159,0.7404355692421086,sg-dits,calce,CS2_35,57
656,0.7242229580879211,0.7358217239379883,0.011598765850067139,0.0050909859128296375,0.7274470521113835,0.7441963957645931,sg-dits,calce,CS2_35,57
657,0.7242051959037781,0.725987434387207,0.001782238483428955,0.004291054792702198,0.7189286492532119,0.7330462195212022,sg-dits,calce,CS2_35,57
658,0.733406126499176,0.7216014862060547,0.011804640293121338,0.005330086685717106,0.71283349360805,0.7303694788040593,sg-dits,calce,CS2_35,57
659,0.7426056265830994,0.7273315191268921,0.015274107456207275,0.0059246039018034935,0.7175855457084254,0.7370774925453588,sg-dits,calce,CS2_35,57
660,0.7426148056983948,0.740067183971405,0.002547621726989746,0.005108335986733437,0.7316639712732286,0.7484703966695815,sg-dits,calce,CS2_35,57
661,0.7421594262123108,0.7444876432418823,0.002328217029571533,0.007865125313401222,0.7315495121013373,0.7574257743824273,sg-dits,calce,CS2_35,57
662,0.7426373958587646,0.7366272807121277,0.006010115146636963,0.002751812571659684,0.7321005490317475,0.7411540123925079,sg-dits,calce,CS2_35,57
663,0.7421063184738159,0.7394497990608215,0.0026565194129943848,0.007373115513473749,0.7273210240411572,0.7515785740804859,sg-dits,calce,CS2_35,57
664,0.7426434755325317,0.746086061000824,0.0034425854682922363,0.00429000798612833,0.7390289978636428,0.7531431241380051,sg-dits,calce,CS2_35,57
665,0.7426344752311707,0.7410500645637512,0.0015844106674194336,0.0063577620312571526,0.7305915460223332,0.7515085831051692,sg-dits,calce,CS2_35,57
666,0.7425243258476257,0.7452674508094788,0.0027431249618530273,0.007780830375850201,0.7324679848412052,0.7580669167777523,sg-dits,calce,CS2_35,57
667,0.7426586151123047,0.7423542141914368,0.0003044009208679199,0.005653717555105686,0.733053848813288,0.7516545795695856,sg-dits,calce,CS2_35,57
668,0.7426360249519348,0.7390018701553345,0.003634154796600342,0.004224472679197788,0.7320526125980541,0.7459511277126148,sg-dits,calce,CS2_35,57
669,0.7425554394721985,0.7452558875083923,0.0027004480361938477,0.002939702942967415,0.740420076167211,0.7500916988495737,sg-dits,calce,CS2_35,57
670,0.7423319220542908,0.7408620119094849,0.0014699101448059082,0.006133594084531069,0.7307722496404313,0.7509517741785384,sg-dits,calce,CS2_35,57
671,0.7420464754104614,0.7391234636306763,0.0029230117797851562,0.005941344890743494,0.7293499512854033,0.7488969759759493,sg-dits,calce,CS2_35,57
672,0.7334742546081543,0.7372943758964539,0.0038201212882995605,0.004212369676679373,0.7303650277783162,0.7442237240145915,sg-dits,calce,CS2_35,57
673,0.7701589465141296,0.7273221611976624,0.042836785316467285,0.0037462865002453327,0.7211595199047588,0.7334848024905659,sg-dits,calce,CS2_35,57
674,0.7609032988548279,0.7588240504264832,0.0020792484283447266,0.009509624913334846,0.7431807174440473,0.774467383408919,sg-dits,calce,CS2_35,57
675,0.7426676154136658,0.753132700920105,0.010465085506439209,0.008448692038655281,0.7392346025165171,0.7670307993236929,sg-dits,calce,CS2_35,57
676,0.7426465749740601,0.737875759601593,0.004770815372467041,0.002282996429130435,0.7341202304756734,0.7416312887275126,sg-dits,calce,CS2_35,57
677,0.7424494624137878,0.7426519989967346,0.00020253658294677734,0.003753784578293562,0.7364770233654417,0.7488269746280275,sg-dits,calce,CS2_35,57
678,0.7420699596405029,0.7453727722167969,0.0033028125762939453,0.003122035413980484,0.7402370239607989,0.7505085204727948,sg-dits,calce,CS2_35,57
679,0.7334772944450378,0.7361465096473694,0.002669215202331543,0.00945794116705656,0.7205881964275613,0.7517048228671774,sg-dits,calce,CS2_35,57
680,0.7334932684898376,0.7347871661186218,0.0012938976287841797,0.005709965247660875,0.7253942732862196,0.744180058951024,sg-dits,calce,CS2_35,57
681,0.7334957718849182,0.7314302921295166,0.0020654797554016113,0.006041906774044037,0.7214913554862141,0.7413692287728191,sg-dits,calce,CS2_35,57
682,0.7243289947509766,0.7315686941146851,0.007239699363708496,0.003756643505766988,0.7253890155476984,0.7377483726816717,sg-dits,calce,CS2_35,57
683,0.7243311405181885,0.7290163636207581,0.00468522310256958,0.0029107017908245325,0.7242282591748517,0.7338044680666644,sg-dits,calce,CS2_35,57
684,0.7242494821548462,0.7219861745834351,0.002263307571411133,0.005654396954923868,0.7126846915925853,0.7312876575742848,sg-dits,calce,CS2_35,57
685,0.72402423620224,0.7214719653129578,0.0025522708892822266,0.0031922829803079367,0.7162206598103512,0.7267232708155643,sg-dits,calce,CS2_35,57
686,0.715090274810791,0.7161073088645935,0.0010170340538024902,0.0018601594492793083,0.713047346570529,0.719167271158658,sg-dits,calce,CS2_35,57
687,0.7150819897651672,0.7159478664398193,0.0008658766746520996,0.00447089783847332,0.7085932394955308,0.7233024933841079,sg-dits,calce,CS2_35,57
688,0.7239010334014893,0.7130193710327148,0.010881662368774414,0.0032578478567302227,0.7076602113083936,0.7183785307570361,sg-dits,calce,CS2_35,57
689,0.7243342995643616,0.7223385572433472,0.0019957423210144043,0.0025557028129696846,0.7181344261160121,0.7265426883706823,sg-dits,calce,CS2_35,57
690,0.7151250839233398,0.723974347114563,0.008849263191223145,0.004802178591489792,0.7160747633315623,0.7318739308975637,sg-dits,calce,CS2_35,57
691,0.7059557437896729,0.718784511089325,0.0128287672996521,0.0034841441083699465,0.7130530940310564,0.7245159281475935,sg-dits,calce,CS2_35,57
692,0.7059344053268433,0.7051481604576111,0.0007862448692321777,0.005573469679802656,0.6959798028343357,0.7143165180808865,sg-dits,calce,CS2_35,57
693,0.7059285044670105,0.7027266621589661,0.0032018423080444336,0.004414405673742294,0.69546496482566,0.7099883594922721,sg-dits,calce,CS2_35,57
694,0.6967819929122925,0.6985285878181458,0.0017465949058532715,0.002296129707247019,0.6947514544497244,0.7023057211865671,sg-dits,calce,CS2_35,57
695,0.6967729330062866,0.6924218535423279,0.00435107946395874,0.005101288203150034,0.684030234448146,0.7008134726365097,sg-dits,calce,CS2_35,57
696,0.6967518925666809,0.694852888584137,0.0018990039825439453,0.0026518478989601135,0.6904905987903476,0.6992151783779263,sg-dits,calce,CS2_35,57
697,0.6967558860778809,0.694399356842041,0.0023565292358398438,0.004166839178651571,0.6875449063931591,0.7012538072909229,sg-dits,calce,CS2_35,57
698,0.6967880725860596,0.6852521300315857,0.011535942554473877,0.005890802014619112,0.6755617607175373,0.6949424993456341,sg-dits,calce,CS2_35,57
699,0.6967592239379883,0.6962985396385193,0.00046068429946899414,0.00228547933511436,0.6925389261322562,0.7000581531447824,sg-dits,calce,CS2_35,57
700,0.6875823736190796,0.7002251744270325,0.01264280080795288,0.004743265453726053,0.6924225027556531,0.7080278460984119,sg-dits,calce,CS2_35,57
701,0.6875702738761902,0.6901013851165771,0.002531111240386963,0.0034385579638183117,0.684444957266096,0.6957578129670583,sg-dits,calce,CS2_35,57
702,0.6783817410469055,0.6868487000465393,0.008466958999633789,0.005547067150473595,0.6777237745840102,0.6959736255090684,sg-dits,calce,CS2_35,57
703,0.678402841091156,0.6768225431442261,0.0015802979469299316,0.003269779961556196,0.6714437551074661,0.682201331180986,sg-dits,calce,CS2_35,57
704,0.678389310836792,0.6794344782829285,0.0010451674461364746,0.003728017909452319,0.6733018888218794,0.6855670677439776,sg-dits,calce,CS2_35,57
705,0.6783862113952637,0.6754452586174011,0.002940952777862549,0.004298477899283171,0.6683742624730803,0.682516254761722,sg-dits,calce,CS2_35,57
706,0.6783815622329712,0.6736562848091125,0.004725277423858643,0.002179046394303441,0.6700717534904834,0.6772408161277417,sg-dits,calce,CS2_35,57
707,0.6784119009971619,0.678000807762146,0.00041109323501586914,0.0014002057723701,0.6756974692665971,0.6803041462576949,sg-dits,calce,CS2_35,57
708,0.669214129447937,0.6742759943008423,0.0050618648529052734,0.004968165419995785,0.6661033621849493,0.6824486264167353,sg-dits,calce,CS2_35,57
709,0.6692155003547668,0.6682457327842712,0.0009697675704956055,0.00760000990703702,0.6557437164871953,0.6807477490813472,sg-dits,calce,CS2_35,57
710,0.6692230701446533,0.6741151213645935,0.0048920512199401855,0.003304344369098544,0.6686794748774264,0.6795507678517606,sg-dits,calce,CS2_35,57
711,0.669230580329895,0.6676377058029175,0.001592874526977539,0.006579077802598476,0.656815122817643,0.678460288788192,sg-dits,calce,CS2_35,57
712,0.6692155599594116,0.6639865040779114,0.005229055881500244,0.004505624063313007,0.6565747524937615,0.6713982556620612,sg-dits,calce,CS2_35,57
713,0.6600659489631653,0.6672613024711609,0.0071953535079956055,0.003789093578234315,0.6610282435349655,0.6734943614073563,sg-dits,calce,CS2_35,57
714,0.6600411534309387,0.6608414649963379,0.0008003115653991699,0.005415948573499918,0.6519322295929305,0.6697507003997453,sg-dits,calce,CS2_35,57
715,0.6600494384765625,0.663267195224762,0.003217756748199463,0.002821095287799835,0.6586264934763313,0.6679078969731926,sg-dits,calce,CS2_35,57
716,0.6600511074066162,0.6613572835922241,0.0013061761856079102,0.004340545739978552,0.6542170858499594,0.6684974813344888,sg-dits,calce,CS2_35,57
717,0.6600366830825806,0.6565689444541931,0.003467738628387451,0.003977364394813776,0.6500261800247245,0.6631117088836618,sg-dits,calce,CS2_35,57
718,0.6966496706008911,0.6553913950920105,0.041258275508880615,0.004517573397606611,0.6479599868529476,0.6628228033310734,sg-dits,calce,CS2_35,57
719,0.6783964037895203,0.6825964450836182,0.0042000412940979,0.00990412849932909,0.6663041537022218,0.6988887364650145,sg-dits,calce,CS2_35,57
720,0.6692261695861816,0.6686407327651978,0.0005854368209838867,0.010402996093034744,0.6515278041921556,0.6857536613382399,sg-dits,calce,CS2_35,57
721,0.6692081093788147,0.6655257344245911,0.003682374954223633,0.004236418288201094,0.6585568263405003,0.6724946425086819,sg-dits,calce,CS2_35,57
722,0.6600509881973267,0.6635825037956238,0.003531515598297119,0.0014348680851981044,0.6612221457954729,0.6659428617957747,sg-dits,calce,CS2_35,57
723,0.6600347757339478,0.6566922664642334,0.0033425092697143555,0.00440211221575737,0.6494507918693125,0.6639337410591543,sg-dits,calce,CS2_35,57
724,0.6600434184074402,0.6519569158554077,0.00808650255203247,0.005206587258726358,0.6433920798148028,0.6605217518960126,sg-dits,calce,CS2_35,57
725,0.6600648164749146,0.6630350947380066,0.002970278263092041,0.00533971656113863,0.6542512609949336,0.6718189284810796,sg-dits,calce,CS2_35,57
726,0.6600675582885742,0.6562144160270691,0.003853142261505127,0.00852641649544239,0.6421884608920664,0.6702403711620718,sg-dits,calce,CS2_35,57
727,0.6600629091262817,0.6534153819084167,0.00664752721786499,0.0025029731914401054,0.6492979910084977,0.6575327728083358,sg-dits,calce,CS2_35,57
728,0.6509026288986206,0.6524205207824707,0.0015178918838500977,0.004546089097857475,0.6449422042164952,0.6598988373484462,sg-dits,calce,CS2_35,57
729,0.6417155861854553,0.6542572379112244,0.012541651725769043,0.003205050015822053,0.6489849306351971,0.6595295451872516,sg-dits,calce,CS2_35,57
730,0.6417005062103271,0.6402196884155273,0.0014808177947998047,0.006002471316605806,0.6303456230997108,0.6500937537313439,sg-dits,calce,CS2_35,57
731,0.6325370073318481,0.6395331025123596,0.006996095180511475,0.006955464370548725,0.6280913636228069,0.6509748414019123,sg-dits,calce,CS2_35,57
732,0.6325213313102722,0.6198951601982117,0.012626171112060547,0.00859945546835661,0.6057490559527651,0.6340412644436583,sg-dits,calce,CS2_35,57
733,0.6233725547790527,0.6305596232414246,0.007187068462371826,0.006517619825899601,0.6198381386278197,0.6412811078550295,sg-dits,calce,CS2_35,57
734,0.6233439445495605,0.6225681900978088,0.000775754451751709,0.005248106550425291,0.6139350548223592,0.6312013253732585,sg-dits,calce,CS2_35,57
735,0.6233635544776917,0.6147911548614502,0.008572399616241455,0.008570395410060883,0.6006928544119,0.6288894553110004,sg-dits,calce,CS2_35,57
736,0.6233786344528198,0.6233741641044617,4.470348358154297e-06,0.007031536661088467,0.6118072862969711,0.6349410419119522,sg-dits,calce,CS2_35,57
737,0.6233572959899902,0.6194241642951965,0.003933131694793701,0.003013125853613019,0.6144675722660031,0.6243807563243899,sg-dits,calce,CS2_35,57
738,0.6325147747993469,0.6223121881484985,0.010202586650848389,0.009227123111486435,0.6071335706301033,0.6374908056668938,sg-dits,calce,CS2_35,57
739,0.6233120560646057,0.6240504384040833,0.0007383823394775391,0.007203653454780579,0.6122004284709692,0.6359004483371973,sg-dits,calce,CS2_35,57
740,0.6141356229782104,0.6216862201690674,0.007550597190856934,0.005581898149102926,0.612503997713793,0.6308684426243417,sg-dits,calce,CS2_35,57
741,0.6141446828842163,0.6161242127418518,0.001979529857635498,0.003984405659139156,0.6095698654325679,0.6226785600511358,sg-dits,calce,CS2_35,57
742,0.6141310930252075,0.6063985228538513,0.007732570171356201,0.006060723215341568,0.5964286331646145,0.6163684125430882,sg-dits,calce,CS2_35,57
743,0.6049631237983704,0.600731372833252,0.004231750965118408,0.0060716113075613976,0.5907435722323134,0.6107191734341905,sg-dits,calce,CS2_35,57
744,0.6049773693084717,0.6044518947601318,0.0005254745483398438,0.00301407091319561,0.5994937481079251,0.6094100414123386,sg-dits,calce,CS2_35,57
745,0.6049814820289612,0.6068669557571411,0.0018854737281799316,0.005568007938563824,0.5977075826982037,0.6160263288160785,sg-dits,calce,CS2_35,57
746,0.6141689419746399,0.5993869304656982,0.01478201150894165,0.0031373780220746994,0.5942259436193854,0.6045479173120111,sg-dits,calce,CS2_35,57
747,0.6049734354019165,0.6043531894683838,0.0006202459335327148,0.003722080960869789,0.598230366287753,0.6104760126490146,sg-dits,calce,CS2_35,57
748,0.6049995422363281,0.600348174571991,0.004651367664337158,0.00535787595435977,0.5915344686270692,0.6091618805169128,sg-dits,calce,CS2_35,57
749,0.5958137512207031,0.6020771861076355,0.006263434886932373,0.0024906343314796686,0.5979800926323514,0.6061742795829196,sg-dits,calce,CS2_35,57
750,0.595808744430542,0.5960749983787537,0.0002662539482116699,0.0040762415155768394,0.5893695810856298,0.6027804156718776,sg-dits,calce,CS2_35,57
751,0.586632490158081,0.586966335773468,0.0003338456153869629,0.003390346886590123,0.5813892151450273,0.5925434564019088,sg-dits,calce,CS2_35,57
752,0.5866355299949646,0.5792343616485596,0.007401168346405029,0.001466208603233099,0.5768224484962411,0.581646274800878,sg-dits,calce,CS2_35,57
753,0.5866171717643738,0.5811547040939331,0.005462467670440674,0.0020203329622745514,0.5778312563709914,0.5844781518168748,sg-dits,calce,CS2_35,57
754,0.5866400003433228,0.5741173028945923,0.012522697448730469,0.0058992356061935425,0.5644130603224039,0.5838215454667807,sg-dits,calce,CS2_35,57
755,0.577461838722229,0.5780292749404907,0.0005674362182617188,0.004657498560845852,0.5703676898078993,0.5856908600730821,sg-dits,calce,CS2_35,57
756,0.5774557590484619,0.5741809010505676,0.003274857997894287,0.004947910085320473,0.5660415889602155,0.5823202131409198,sg-dits,calce,CS2_35,57
757,0.5774537920951843,0.5725794434547424,0.0048743486404418945,0.005186287220567465,0.564048000976909,0.5811108859325759,sg-dits,calce,CS2_35,57
758,0.5958487391471863,0.5753007531166077,0.020547986030578613,0.005787672474980354,0.5657800318952649,0.5848214743379504,sg-dits,calce,CS2_35,57
759,0.6050330996513367,0.5820339918136597,0.022999107837677002,0.006501729600131512,0.5713386466214433,0.592729337005876,sg-dits,calce,CS2_35,57
760,0.6050376892089844,0.589474081993103,0.015563607215881348,0.008041433990001678,0.5762459230795502,0.6027022409066558,sg-dits,calce,CS2_35,57
761,0.6050310134887695,0.6013084053993225,0.0037226080894470215,0.007307087071239948,0.5892882471671328,0.6133285636315122,sg-dits,calce,CS2_35,57
762,0.6050361394882202,0.6012493371963501,0.003786802291870117,0.004725528880953789,0.5934758421871811,0.6090228322055191,sg-dits,calce,CS2_35,57
763,0.6050387024879456,0.6008239984512329,0.0042147040367126465,0.002538999542593956,0.5966473442036658,0.6050006526988,sg-dits,calce,CS2_35,57
764,0.6050573587417603,0.5990775227546692,0.0059798359870910645,0.004903258755803108,0.5910116621013731,0.6071433834079653,sg-dits,calce,CS2_35,57
765,0.6050480008125305,0.5978492498397827,0.007198750972747803,0.003108500735834241,0.5927357661293354,0.60296273355023,sg-dits,calce,CS2_35,57
766,0.6050602793693542,0.5951347351074219,0.009925544261932373,0.004449170548468828,0.5878158495551906,0.6024536206596531,sg-dits,calce,CS2_35,57
767,0.5958707332611084,0.5978028774261475,0.0019321441650390625,0.0031915882136672735,0.5925527148146648,0.6030530400376302,sg-dits,calce,CS2_35,57
768,0.5867153406143188,0.5883632898330688,0.00164794921875,0.0041442746296525,0.5815459580672905,0.5951806215988472,sg-dits,calce,CS2_35,57
769,0.5775386095046997,0.5680179595947266,0.009520649909973145,0.0034621157683432102,0.562322779155802,0.5737131400336511,sg-dits,calce,CS2_35,57
770,0.5683542490005493,0.5663066506385803,0.002047598361968994,0.008319847285747528,0.5526205018535256,0.579992799423635,sg-dits,calce,CS2_35,57
771,0.5591785907745361,0.5598559379577637,0.0006773471832275391,0.004773437045514584,0.5520036340178922,0.5677082418976351,sg-dits,calce,CS2_35,57
772,0.5591953992843628,0.5512270927429199,0.007968306541442871,0.0023946797009557486,0.5472878446348477,0.5551663408509921,sg-dits,calce,CS2_35,57
773,0.5500280261039734,0.5516304969787598,0.001602470874786377,0.006378904916346073,0.5411371983913704,0.5621237955661491,sg-dits,calce,CS2_35,57
774,0.5500355958938599,0.5410135984420776,0.009021997451782227,0.004353456664830446,0.5338521622284316,0.5481750346557237,sg-dits,calce,CS2_35,57
775,0.5500047206878662,0.5423960089683533,0.0076087117195129395,0.005203897133469582,0.5338355981837958,0.5509564197529108,sg-dits,calce,CS2_35,57
776,0.5500310659408569,0.5477980971336365,0.002232968807220459,0.00484111113473773,0.5398344693169929,0.5557617249502801,sg-dits,calce,CS2_35,57
777,0.5500169992446899,0.5419847369194031,0.008032262325286865,0.0065563637763261795,0.5311995185073465,0.5527699553314597,sg-dits,calce,CS2_35,57
778,0.5408768653869629,0.5462619662284851,0.005385100841522217,0.007306452840566635,0.534242851305753,0.5582810811512172,sg-dits,calce,CS2_35,57
779,0.5408724546432495,0.535117506980896,0.005754947662353516,0.005036761984229088,0.5268320335168392,0.5434029804449528,sg-dits,calce,CS2_35,57
780,0.5408706665039062,0.5400682091712952,0.000802457332611084,0.0033594605047255754,0.5345418966410216,0.5455945217015687,sg-dits,calce,CS2_35,57
781,0.5316896438598633,0.5371788740158081,0.005489230155944824,0.004900696687400341,0.5291172279650346,0.5452405200665816,sg-dits,calce,CS2_35,57
782,0.52252197265625,0.5285011529922485,0.005979180335998535,0.004782918840646744,0.5206332514993847,0.5363690544851124,sg-dits,calce,CS2_35,57
783,0.5225248336791992,0.5191081166267395,0.003416717052459717,0.006565381307154894,0.5083080643764697,0.5299081688770093,sg-dits,calce,CS2_35,57
784,0.5317092537879944,0.519903838634491,0.011805415153503418,0.0031940725166350603,0.5146495893446263,0.5251580879243556,sg-dits,calce,CS2_35,57
785,0.5317183136940002,0.5215536952018738,0.010164618492126465,0.0034467459190636873,0.5158837981650141,0.5272235922387335,sg-dits,calce,CS2_35,57
786,0.5316848754882812,0.5319830179214478,0.0002981424331665039,0.004367404617369175,0.5247986373258755,0.53916739851702,sg-dits,calce,CS2_35,57
787,0.5317137837409973,0.531725287437439,1.150369644165039e-05,0.007436720654368401,0.5194918819610029,0.543958692913875,sg-dits,calce,CS2_35,57
788,0.5408921241760254,0.5273764729499817,0.013515651226043701,0.007284451276063919,0.5153935506008566,0.5393593952991068,sg-dits,calce,CS2_35,57
789,0.5317133069038391,0.5355269312858582,0.003813624382019043,0.003951901104301214,0.5290260539692827,0.5420278086024336,sg-dits,calce,CS2_35,57
790,0.5317109227180481,0.5234501957893372,0.008260726928710938,0.005617246963083744,0.5142098245350644,0.53269056704361,sg-dits,calce,CS2_35,57
791,0.5225296020507812,0.5215612649917603,0.0009683370590209961,0.0066154771484434605,0.5106788050825708,0.5324437249009497,sg-dits,calce,CS2_35,57
792,0.5225386023521423,0.5202372074127197,0.0023013949394226074,0.006584875285625458,0.5094050875678658,0.5310693272575736,sg-dits,calce,CS2_35,57
793,0.5225355625152588,0.5231630206108093,0.0006274580955505371,0.0031837814021855593,0.5179257002042141,0.5284003410174045,sg-dits,calce,CS2_35,57
794,0.5133551359176636,0.5186685919761658,0.005313456058502197,0.008783414959907532,0.5042198743671179,0.5331173095852136,sg-dits,calce,CS2_35,57
795,0.5041879415512085,0.504408597946167,0.0002206563949584961,0.0024093822576105595,0.5004451641323976,0.5083720317599364,sg-dits,calce,CS2_35,57
796,0.4950309693813324,0.4981546998023987,0.003123730421066284,0.005570045206695795,0.4889919754373841,0.5073174241674132,sg-dits,calce,CS2_35,57
797,0.4950234293937683,0.48941633105278015,0.005607098340988159,0.009570140391588211,0.47367345010861756,0.5051592119969428,sg-dits,calce,CS2_35,57
798,0.4950120151042938,0.4901331961154938,0.004878818988800049,0.00305995624512434,0.48509956809226423,0.4951668241387233,sg-dits,calce,CS2_35,57
799,0.49501296877861023,0.48578497767448425,0.009227991104125977,0.010296089574694633,0.4688479103241116,0.502722045024857,sg-dits,calce,CS2_35,57
800,0.49505484104156494,0.4814007878303528,0.013654053211212158,0.005473813973367214,0.4723963638441637,0.49040521181654184,sg-dits,calce,CS2_35,57
801,0.48589158058166504,0.488085001707077,0.0021934211254119873,0.009384747594594955,0.4726470919139683,0.5035229115001857,sg-dits,calce,CS2_35,57
802,0.48588576912879944,0.48411598801612854,0.0017697811126708984,0.006569747347384691,0.4733087536296807,0.49492322240257636,sg-dits,calce,CS2_35,57
803,0.4950486421585083,0.48075759410858154,0.014291048049926758,0.00705170352011919,0.46915754181798547,0.4923576463991776,sg-dits,calce,CS2_35,57
804,0.46754753589630127,0.48615163564682007,0.0186040997505188,0.00643913634121418,0.47555925636552276,0.49674401492811737,sg-dits,calce,CS2_35,57
805,0.4583934545516968,0.4442012310028076,0.01419222354888916,0.026065314188599586,0.4013237891625613,0.48707867284305395,sg-dits,calce,CS2_35,57
806,0.44921228289604187,0.4701771140098572,0.020964831113815308,0.012569972313940525,0.449499509553425,0.49085471846628936,sg-dits,calce,CS2_35,57
807,0.4308806359767914,0.4476443827152252,0.016763746738433838,0.008895276114344597,0.43301165350712834,0.4622771119233221,sg-dits,calce,CS2_35,57
808,0.42169079184532166,0.4096378982067108,0.01205289363861084,0.01792580634355545,0.3801499467715621,0.4391258496418595,sg-dits,calce,CS2_35,57
809,0.42170006036758423,0.41189777851104736,0.009802281856536865,0.008362074382603168,0.39814216615166514,0.4256533908704296,sg-dits,calce,CS2_35,57
810,0.4033692479133606,0.40746578574180603,0.004096537828445435,0.006212948355823755,0.39724548569647594,0.4176860857871361,sg-dits,calce,CS2_35,57
811,0.3941834568977356,0.39484742283821106,0.0006639659404754639,0.00940884929150343,0.3793698657536879,0.4103249799227342,sg-dits,calce,CS2_35,57
812,0.3941834568977356,0.3896602690219879,0.004523187875747681,0.006163988262414932,0.37952050833031536,0.39980002971366047,sg-dits,calce,CS2_35,57
813,0.39419999718666077,0.39978742599487305,0.00558742880821228,0.011234424076974392,0.38130679838825016,0.41826805360149594,sg-dits,calce,CS2_35,57
814,0.39419102668762207,0.39483916759490967,0.0006481409072875977,0.005017217248678207,0.386585845220834,0.40309248996898533,sg-dits,calce,CS2_35,57
815,0.3941832482814789,0.39360764622688293,0.0005756020545959473,0.008273235522210598,0.3799981737928465,0.40721711866091936,sg-dits,calce,CS2_35,57
816,0.39418652653694153,0.38258159160614014,0.011604934930801392,0.006498854141682386,0.3718909765430726,0.39327220666920765,sg-dits,calce,CS2_35,57
817,0.38503360748291016,0.38936370611190796,0.004330098628997803,0.009037642739713192,0.3744967838050798,0.40423062841873614,sg-dits,calce,CS2_35,57
818,0.3758661448955536,0.38274434208869934,0.006878197193145752,0.0042296783067286015,0.3757865212741308,0.38970216290326787,sg-dits,calce,CS2_35,57
819,0.37586623430252075,0.37874913215637207,0.0028828978538513184,0.005211845971643925,0.3701756455330178,0.38732261877972635,sg-dits,calce,CS2_35,57
820,0.36667561531066895,0.36665764451026917,1.7970800399780273e-05,0.004715535324066877,0.35890058890217913,0.3744147001183592,sg-dits,calce,CS2_35,57
821,0.25667718052864075,0.37715718150138855,0.1204800009727478,0.008030551485717297,0.3639469243073836,0.3903674386953935,sg-dits,calce,CS2_35,57
822,0.35751718282699585,0.33101409673690796,0.02650308609008789,0.012313533574342728,0.31075833400711417,0.35126985946670175,sg-dits,calce,CS2_35,57
823,0.3575412929058075,0.33762845396995544,0.01991283893585205,0.01751253381371498,0.3088203358463943,0.3664365720935166,sg-dits,calce,CS2_35,57
824,0.35755184292793274,0.34223535656929016,0.015316486358642578,0.024809222668409348,0.3014241852797568,0.38304652785882354,sg-dits,calce,CS2_35,57
825,0.3483830690383911,0.3381512761116028,0.01023179292678833,0.010136636905372143,0.3214765084022656,0.35482604382093996,sg-dits,calce,CS2_35,57
826,0.3392087519168854,0.3495745062828064,0.01036575436592102,0.003426416078582406,0.3439380518335383,0.3552109607320745,sg-dits,calce,CS2_35,57
827,0.34837520122528076,0.3587501645088196,0.010374963283538818,0.017781788483262062,0.3294991224538535,0.38800120656378567,sg-dits,calce,CS2_35,57
828,0.348375141620636,0.3488689959049225,0.000493854284286499,0.0077104452066123486,0.33618531354004516,0.3615526782697998,sg-dits,calce,CS2_35,57
829,0.3575579822063446,0.3330117464065552,0.02454623579978943,0.011279032565653324,0.31445773783605546,0.3515657549770549,sg-dits,calce,CS2_35,57
830,0.35754144191741943,0.3544432818889618,0.0030981600284576416,0.005336209665983915,0.34566521698841823,0.36322134678950535,sg-dits,calce,CS2_35,57
831,0.3483749330043793,0.35714393854141235,0.008769005537033081,0.0038150243926793337,0.35086822341545487,0.36341965366736984,sg-dits,calce,CS2_35,57
832,0.3392181694507599,0.34604933857917786,0.006831169128417969,0.010756820440292358,0.32835436895489695,0.36374430820345877,sg-dits,calce,CS2_35,57
833,0.33002451062202454,0.3388429582118988,0.008818447589874268,0.008721054531633854,0.3244968235073611,0.3531890929164365,sg-dits,calce,CS2_35,57
834,0.3300274610519409,0.3176073431968689,0.012420117855072021,0.01248089224100113,0.29707627546042203,0.33813841093331576,sg-dits,calce,CS2_35,57
835,0.32085996866226196,0.32460132241249084,0.003741353750228882,0.015304382890462875,0.2994256125576794,0.3497770322673023,sg-dits,calce,CS2_35,57
836,0.3208630681037903,0.3216570019721985,0.0007939338684082031,0.00763505045324564,0.30909734397660943,0.33421665996778754,sg-dits,calce,CS2_35,57
837,0.3116953372955322,0.3165477514266968,0.004852414131164551,0.010022256523370743,0.3000611394457519,0.33303436340764164,sg-dits,calce,CS2_35,57
838,0.3116922974586487,0.3091934025287628,0.0024988949298858643,0.010532332584261894,0.291867715427652,0.32651908962987364,sg-dits,calce,CS2_35,57
839,0.31170138716697693,0.30977723002433777,0.0019241571426391602,0.009589383378624916,0.2940026943664998,0.32555176568217575,sg-dits,calce,CS2_35,57
840,0.302523672580719,0.30687084794044495,0.004347175359725952,0.015068672597408295,0.28208288151770833,0.33165881436318156,sg-dits,calce,CS2_35,57
841,0.311695396900177,0.30200228095054626,0.009693115949630737,0.014349979348480701,0.27839656492229553,0.325607996978797,sg-dits,calce,CS2_35,57
842,0.31170740723609924,0.30438703298568726,0.007320374250411987,0.005463573150336742,0.29539945515338334,0.3133746108179912,sg-dits,calce,CS2_35,57
843,0.3116874694824219,0.30951932072639465,0.0021681487560272217,0.008282891474664211,0.295893964250572,0.3231446772022173,sg-dits,calce,CS2_35,57
844,0.302521675825119,0.3011702299118042,0.0013514459133148193,0.009789065457880497,0.2850672172335908,0.3172732425900176,sg-dits,calce,CS2_35,57
845,0.302529901266098,0.29435867071151733,0.008171230554580688,0.0061141992919147015,0.28430081287631764,0.304416528546717,sg-dits,calce,CS2_35,57
846,0.3025303781032562,0.2918042540550232,0.010726124048233032,0.004101462662220001,0.2850573479756713,0.2985511601343751,sg-dits,calce,CS2_35,57
847,0.293367475271225,0.2991735637187958,0.005806088447570801,0.012265928089618683,0.27899611201137303,0.3193510154262185,sg-dits,calce,CS2_35,57
848,0.46754753589630127,0.29231345653533936,0.17523407936096191,0.0064950487576425076,0.2816291013290174,0.3029978117416613,sg-dits,calce,CS2_35,57
849,0.4583934545516968,0.38893556594848633,0.06945788860321045,0.006089462898671627,0.3789183994801715,0.3989527324168012,sg-dits,calce,CS2_35,57
850,0.44921228289604187,0.3965776562690735,0.052634626626968384,0.008643902838230133,0.38235843610018494,0.41079687643796203,sg-dits,calce,CS2_35,57
851,0.4308806359767914,0.4062635600566864,0.02461707592010498,0.005555133800953627,0.3971253649541177,0.4154017551592551,sg-dits,calce,CS2_35,57
852,0.42169079184532166,0.4251064360141754,0.0034156441688537598,0.0032536780927330256,0.4197541355516296,0.4304587364767212,sg-dits,calce,CS2_35,57
853,0.42170006036758423,0.40198662877082825,0.01971343159675598,0.009669115766882896,0.3860809333343059,0.4178923242073506,sg-dits,calce,CS2_35,57
854,0.412529319524765,0.3999514579772949,0.012577861547470093,0.008190766908228397,0.3864776464132592,0.41342526954133063,sg-dits,calce,CS2_35,57
855,0.40335413813591003,0.3995111286640167,0.0038430094718933105,0.006197354756295681,0.3893164800899103,0.4097057772381231,sg-dits,calce,CS2_35,57
856,0.4033692479133606,0.3955021798610687,0.00786706805229187,0.0043020835146307945,0.38842525247950105,0.4025791072426364,sg-dits,calce,CS2_35,57
857,0.3941834568977356,0.38892218470573425,0.005261272192001343,0.008497290313243866,0.3749441421404481,0.40290022727102043,sg-dits,calce,CS2_35,57
858,0.3941834568977356,0.38498228788375854,0.00920116901397705,0.005831945221871138,0.37538873799378053,0.39457583777373656,sg-dits,calce,CS2_35,57
859,0.39419999718666077,0.38653749227523804,0.0076625049114227295,0.007833821699023247,0.3736508555803448,0.3994241289701313,sg-dits,calce,CS2_35,57
860,0.39419102668762207,0.38656750321388245,0.007623523473739624,0.016760196536779404,0.3589969799108803,0.4141380265168846,sg-dits,calce,CS2_35,57
861,0.3941832482814789,0.37587621808052063,0.018307030200958252,0.007685929071158171,0.36323286475846545,0.3885195714025758,sg-dits,calce,CS2_35,57
862,0.39418652653694153,0.3757114112377167,0.018475115299224854,0.002960813697427511,0.3708408727054484,0.38058194976998494,sg-dits,calce,CS2_35,57
863,0.38503360748291016,0.37929099798202515,0.00574260950088501,0.0030542355962097645,0.3742667804262601,0.3843152155377902,sg-dits,calce,CS2_35,57
864,0.3758661448955536,0.3794010579586029,0.0035349130630493164,0.0057156882248818874,0.3699987508286722,0.38880336508853364,sg-dits,calce,CS2_35,57
865,0.37586623430252075,0.3649526834487915,0.010913550853729248,0.006424267310649157,0.35438476372277367,0.37552060317480934,sg-dits,calce,CS2_35,57
866,0.36667561531066895,0.3700067400932312,0.003331124782562256,0.0045336573384702206,0.3625488737714477,0.3774646064150147,sg-dits,calce,CS2_35,57
867,0.25667718052864075,0.3696765899658203,0.11299940943717957,0.005708696786314249,0.3602857837523334,0.37906739617930724,sg-dits,calce,CS2_35,57
868,0.35751718282699585,0.30814263224601746,0.049374550580978394,0.035920243710279465,0.24905383134260772,0.3672314331494272,sg-dits,calce,CS2_35,57
869,0.3575412929058075,0.3068087100982666,0.050732582807540894,0.023857686668634415,0.267562815528363,0.34605460466817023,sg-dits,calce,CS2_35,57
870,0.35755184292793274,0.3478463888168335,0.009705454111099243,0.013516528531908989,0.3256116993818432,0.3700810782518238,sg-dits,calce,CS2_35,57
871,0.3483830690383911,0.32695063948631287,0.021432429552078247,0.014715508557856083,0.3027436279086396,0.3511576510639861,sg-dits,calce,CS2_35,57
872,0.3392087519168854,0.345859169960022,0.006650418043136597,0.006443512625992298,0.33525959169026465,0.3564587482297793,sg-dits,calce,CS2_35,57
873,0.34837520122528076,0.33076566457748413,0.01760953664779663,0.017539557069540024,0.3019130931980908,0.3596182359568775,sg-dits,calce,CS2_35,57
874,0.348375141620636,0.34693342447280884,0.0014417171478271484,0.003907748498022556,0.34050517819356174,0.35336167075205593,sg-dits,calce,CS2_35,57
875,0.3575579822063446,0.3223775327205658,0.03518044948577881,0.009333038702607155,0.307024684054777,0.3377303813863546,sg-dits,calce,CS2_35,57
876,0.35754144191741943,0.3498956263065338,0.00764581561088562,0.003162126988172531,0.34469392741099,0.35509732520207765,sg-dits,calce,CS2_35,57
877,0.3483749330043793,0.3385782539844513,0.009796679019927979,0.01993970014154911,0.305777447251603,0.3713790607172996,sg-dits,calce,CS2_35,57
878,0.3392181694507599,0.34026193618774414,0.001043766736984253,0.01055597048252821,0.3228973647439852,0.35762650763150305,sg-dits,calce,CS2_35,57
879,0.33002451062202454,0.33945977687835693,0.009435266256332397,0.012270959094166756,0.31927404916845264,0.3596455045882612,sg-dits,calce,CS2_35,57
880,0.3300274610519409,0.3280850946903229,0.001942366361618042,0.014464030973613262,0.30429176373872907,0.3518784256419167,sg-dits,calce,CS2_35,57
881,0.32085996866226196,0.29916059970855713,0.021699368953704834,0.014674114063382149,0.2750216820742935,0.32329951734282075,sg-dits,calce,CS2_35,57
882,0.3208630681037903,0.3300475776195526,0.009184509515762329,0.00805621687322855,0.31679510086309165,0.3433000543760136,sg-dits,calce,CS2_35,57
