cycle,capacity_true,capacity_pred,abs_error,capacity_std,capacity_p05,capacity_p95,model,dataset,battery,seed
65,2.3510000705718994,2.3518905639648438,0.0008904933929443359,0.003232480026781559,2.346573134320788,2.3572079936088994,sg-dits,tju,CY25-1,87
66,2.3487141132354736,2.3468127250671387,0.001901388168334961,0.004121740814298391,2.340032461427618,2.3535929887066596,sg-dits,tju,CY25-1,87
67,2.349036693572998,2.3468828201293945,0.0021538734436035156,0.002749508712440729,2.3423598782974295,2.3514057619613595,sg-dits,tju,CY25-1,87
68,2.347846508026123,2.343266487121582,0.004580020904541016,0.0019347294000908732,2.3400838572584326,2.3464491169847315,sg-dits,tju,CY25-1,87
69,2.3452978134155273,2.347409963607788,0.002112150192260742,0.0034255944192409515,2.341774860788137,2.3530450664274394,sg-dits,tju,CY25-1,87
70,2.3441309928894043,2.342801570892334,0.0013294219970703125,0.002445276826620102,2.338779090512544,2.346824051272124,sg-dits,tju,CY25-1,87
71,2.3430702686309814,2.342271327972412,0.0007989406585693359,0.002546534175053239,2.3380822792544493,2.346460376690375,sg-dits,tju,CY25-1,87
72,2.34206223487854,2.3436665534973145,0.001604318618774414,0.00363206141628325,2.3376918124675283,2.3496412945271006,sg-dits,tju,CY25-1,87
73,2.3407301902770996,2.339104652404785,0.0016255378723144531,0.0038709137588739395,2.3327369992714377,2.3454723055381326,sg-dits,tju,CY25-1,87
74,2.3397274017333984,2.3366286754608154,0.003098726272583008,0.00270391209051013,2.332180740071926,2.3410766108497048,sg-dits,tju,CY25-1,87
75,2.338799476623535,2.3384554386138916,0.0003440380096435547,0.004784321878105402,2.330585229124408,2.346325648103375,sg-dits,tju,CY25-1,87
76,2.3379712104797363,2.3376059532165527,0.00036525726318359375,0.001600122544914484,2.3349737516301685,2.340238154802937,sg-dits,tju,CY25-1,87
77,2.336914539337158,2.333724021911621,0.0031905174255371094,0.003388249082490802,2.328150352170924,2.3392976916523183,sg-dits,tju,CY25-1,87
78,2.335010290145874,2.3349485397338867,6.175041198730469e-05,0.003329444443807006,2.329471603623824,2.3404254758439493,sg-dits,tju,CY25-1,87
79,2.3347268104553223,2.3312220573425293,0.0035047531127929688,0.002035666024312377,2.3278733867325356,2.334570727952523,sg-dits,tju,CY25-1,87
80,2.333717107772827,2.3337199687957764,2.86102294921875e-06,0.0015104329213500023,2.3312353066401554,2.3362046309513973,sg-dits,tju,CY25-1,87
81,2.3325583934783936,2.333225965499878,0.000667572021484375,0.0016159372171387076,2.3305677487776846,2.3358841822220713,sg-dits,tju,CY25-1,87
82,2.332667827606201,2.3325815200805664,8.630752563476562e-05,0.0035849937703460455,2.326684205328347,2.338478834832786,sg-dits,tju,CY25-1,87
83,2.3307909965515137,2.329540252685547,0.0012507438659667969,0.0023690187372267246,2.325643216862809,2.333437288508285,sg-dits,tju,CY25-1,87
84,2.329462766647339,2.3296422958374023,0.00017952919006347656,0.001555635710246861,2.327083275094046,2.3322013165807585,sg-dits,tju,CY25-1,87
85,2.3285000324249268,2.331561326980591,0.0030612945556640625,0.004303099121898413,2.324482728925068,2.3386399250361136,sg-dits,tju,CY25-1,87
86,2.329357624053955,2.328657627105713,0.0006999969482421875,0.0018772120820358396,2.3255696132307637,2.331745640980662,sg-dits,tju,CY25-1,87
87,2.327378273010254,2.3270645141601562,0.00031375885009765625,0.0027876379899680614,2.3224788496666586,2.331650178653654,sg-dits,tju,CY25-1,87
88,2.325857400894165,2.3261125087738037,0.0002551078796386719,0.002028504153713584,2.322775619440945,2.3294493981066626,sg-dits,tju,CY25-1,87
89,2.3250138759613037,2.3260841369628906,0.001070261001586914,0.004201981239020824,2.3191718778247012,2.33299639610108,sg-dits,tju,CY25-1,87
90,2.3247478008270264,2.324820041656494,7.224082946777344e-05,0.002502697054296732,2.320703105002176,2.3289369783108125,sg-dits,tju,CY25-1,87
91,2.3238351345062256,2.3230905532836914,0.0007445812225341797,0.0022572099696844816,2.3193774428835603,2.3268036636838225,sg-dits,tju,CY25-1,87
92,2.32228684425354,2.3236875534057617,0.0014007091522216797,0.0020102900452911854,2.3203806262812576,2.326994480530266,sg-dits,tju,CY25-1,87
93,2.321206569671631,2.3251004219055176,0.0038938522338867188,0.0024262545630335808,2.3211092331493273,2.329091610661708,sg-dits,tju,CY25-1,87
94,2.32041597366333,2.3220205307006836,0.0016045570373535156,0.0034417863935232162,2.3163587920833377,2.3276822693180295,sg-dits,tju,CY25-1,87
95,2.320878505706787,2.32293438911438,0.0020558834075927734,0.0053844572976231575,2.3140769568597896,2.33179182136897,sg-dits,tju,CY25-1,87
96,2.319002866744995,2.319871425628662,0.0008685588836669922,0.0028946585953235626,2.3151097122393547,2.3246331390179695,sg-dits,tju,CY25-1,87
97,2.3177483081817627,2.3198840618133545,0.002135753631591797,0.001081364694982767,2.3181052168901077,2.3216629067366013,sg-dits,tju,CY25-1,87
98,2.316462516784668,2.315253734588623,0.0012087821960449219,0.0036717948969453573,2.3092136319831478,2.3212938371940983,sg-dits,tju,CY25-1,87
99,2.317138195037842,2.3178110122680664,0.0006728172302246094,0.002687036758288741,2.3133908368006812,2.3222311877354516,sg-dits,tju,CY25-1,87
100,2.3152999877929688,2.315321922302246,2.193450927734375e-05,0.003174153156578541,2.3101004403596743,2.320543404244818,sg-dits,tju,CY25-1,87
101,2.313593626022339,2.318535804748535,0.004942178726196289,0.005632629152387381,2.309270129792858,2.3278014797042124,sg-dits,tju,CY25-1,87
102,2.3132593631744385,2.3156659603118896,0.002406597137451172,0.001687215524725616,2.3128904907737162,2.318441429850063,sg-dits,tju,CY25-1,87
103,2.3136167526245117,2.31466007232666,0.0010433197021484375,0.003908869810402393,2.308229981488548,2.3210901631647722,sg-dits,tju,CY25-1,87
104,2.3116986751556396,2.3129491806030273,0.0012505054473876953,0.0024455804377794266,2.30892620078288,2.3169721604231746,sg-dits,tju,CY25-1,87
105,2.3103132247924805,2.31477427482605,0.004461050033569336,0.003908965736627579,2.3083440261892973,2.3212045234628023,sg-dits,tju,CY25-1,87
106,2.3094370365142822,2.312624454498291,0.003187417984008789,0.0020805238746106625,2.3092019927245566,2.3160469162720254,sg-dits,tju,CY25-1,87
107,2.3086721897125244,2.308635711669922,3.647804260253906e-05,0.0033248565159738064,2.303166322701145,2.314105100638699,sg-dits,tju,CY25-1,87
108,2.3075788021087646,2.3090126514434814,0.0014338493347167969,0.0027075211983174086,2.3045587790722495,2.3134665238147134,sg-dits,tju,CY25-1,87
109,2.306675672531128,2.308579444885254,0.0019037723541259766,0.005624478217214346,2.2993271782179363,2.3178317115525715,sg-dits,tju,CY25-1,87
110,2.306001901626587,2.308276891708374,0.0022749900817871094,0.0029016355983912945,2.3035037011490203,2.313050082267728,sg-dits,tju,CY25-1,87
111,2.304250717163086,2.305807590484619,0.0015568733215332031,0.0037858402356505394,2.299579883296974,2.3120352976722645,sg-dits,tju,CY25-1,87
112,2.3026974201202393,2.3060243129730225,0.003326892852783203,0.002045003231614828,2.302660282657016,2.309388343289029,sg-dits,tju,CY25-1,87
113,2.3015739917755127,2.302945137023926,0.001371145248413086,0.0020046522840857506,2.299647484016605,2.3062427900312468,sg-dits,tju,CY25-1,87
114,2.300598621368408,2.3039426803588867,0.0033440589904785156,0.004408869426697493,2.2966900901519693,2.311195270565804,sg-dits,tju,CY25-1,87
115,2.299823760986328,2.3001511096954346,0.0003273487091064453,0.0033385464921593666,2.2946592007158326,2.3056430186750365,sg-dits,tju,CY25-1,87
116,2.2986631393432617,2.297299385070801,0.0013637542724609375,0.0034701370168477297,2.2915910096780863,2.3030077604635153,sg-dits,tju,CY25-1,87
117,2.2978687286376953,2.2987804412841797,0.000911712646484375,0.0026765759103000164,2.294377473911736,2.3031834086566234,sg-dits,tju,CY25-1,87
118,2.296818494796753,2.2976722717285156,0.0008537769317626953,0.004762451164424419,2.2898380395630373,2.305506503893994,sg-dits,tju,CY25-1,87
119,2.295830488204956,2.2947282791137695,0.0011022090911865234,0.002323283813893795,2.2909064772399144,2.2985500809876247,sg-dits,tju,CY25-1,87
120,2.2948126792907715,2.297675848007202,0.002863168716430664,0.004174368921667337,2.2908090111310595,2.304542684883345,sg-dits,tju,CY25-1,87
121,2.2939319610595703,2.2935585975646973,0.0003733634948730469,0.002978159114718437,2.2886595258209854,2.298457669308409,sg-dits,tju,CY25-1,87
122,2.2930922508239746,2.295192241668701,0.0020999908447265625,0.0028246359433978796,2.290545715541812,2.2998387677955905,sg-dits,tju,CY25-1,87
123,2.2916321754455566,2.29392147064209,0.002289295196533203,0.0026067737489938736,2.289633327824995,2.2982096134591847,sg-dits,tju,CY25-1,87
124,2.291189432144165,2.2907419204711914,0.0004475116729736328,0.0032275444827973843,2.28543260979699,2.296051231145393,sg-dits,tju,CY25-1,87
125,2.290336847305298,2.29040265083313,6.580352783203125e-05,0.002397462958469987,2.2864588242664468,2.294346477399813,sg-dits,tju,CY25-1,87
126,2.289475202560425,2.2892961502075195,0.00017905235290527344,0.0021174538414925337,2.2858129386382644,2.2927793617767747,sg-dits,tju,CY25-1,87
127,2.2888588905334473,2.2905895709991455,0.0017306804656982422,0.0014753080904483795,2.288162689190358,2.293016452807933,sg-dits,tju,CY25-1,87
128,2.287822961807251,2.288872480392456,0.0010495185852050781,0.002807572018355131,2.2842540244222618,2.2934909363626503,sg-dits,tju,CY25-1,87
129,2.2868642807006836,2.289388656616211,0.0025243759155273438,0.003351641120389104,2.2838752069731707,2.294902106259251,sg-dits,tju,CY25-1,87
130,2.2861063480377197,2.283745527267456,0.002360820770263672,0.0042341346852481365,2.276780375710223,2.290710678824689,sg-dits,tju,CY25-1,87
131,2.2850921154022217,2.2844438552856445,0.0006482601165771484,0.0023810656275600195,2.2805270023283084,2.2883607082429807,sg-dits,tju,CY25-1,87
132,2.283785581588745,2.2843542098999023,0.0005686283111572266,0.0012394436635077,2.2823153250734323,2.2863930947263724,sg-dits,tju,CY25-1,87
133,2.2835917472839355,2.284296751022339,0.0007050037384033203,0.0019500884227454662,2.2810888555669226,2.287504646477755,sg-dits,tju,CY25-1,87
134,2.2827892303466797,2.283331871032715,0.0005426406860351562,0.00213422323577106,2.2798210738098716,2.286842668255558,sg-dits,tju,CY25-1,87
135,2.2815001010894775,2.2846977710723877,0.0031976699829101562,0.0016022759955376387,2.2820620270597285,2.287333515085047,sg-dits,tju,CY25-1,87
136,2.2813942432403564,2.282139301300049,0.0007450580596923828,0.002847143914550543,2.2774557495606134,2.2868228530394843,sg-dits,tju,CY25-1,87
137,2.2801973819732666,2.2804954051971436,0.0002980232238769531,0.0017013108590617776,2.277696748833987,2.2832940615603,sg-dits,tju,CY25-1,87
138,2.2789690494537354,2.2820448875427246,0.003075838088989258,0.00296539394184947,2.2771668145083823,2.286922960577067,sg-dits,tju,CY25-1,87
139,2.2782719135284424,2.278568744659424,0.0002968311309814453,0.00462376419454813,2.2709626525593922,2.2861748367594554,sg-dits,tju,CY25-1,87
140,2.278930425643921,2.277782917022705,0.0011475086212158203,0.004369519185274839,2.270595057962928,2.2849707760824822,sg-dits,tju,CY25-1,87
141,2.276658773422241,2.2784643173217773,0.0018055438995361328,0.0028852070681750774,2.2737181516946294,2.2832104829489253,sg-dits,tju,CY25-1,87
142,2.2757034301757812,2.276362895965576,0.0006594657897949219,0.002327612368389964,2.272533973619575,2.2801918183115775,sg-dits,tju,CY25-1,87
143,2.274632453918457,2.278139591217041,0.0035071372985839844,0.00314367120154202,2.2729682520905046,2.2833109303435775,sg-dits,tju,CY25-1,87
144,2.27441668510437,2.2753775119781494,0.0009608268737792969,0.0035768900997936726,2.2694935277639887,2.28126149619231,sg-dits,tju,CY25-1,87
145,2.2731523513793945,2.273113965988159,3.838539123535156e-05,0.0035451713483780622,2.2672821591200774,2.278945772856241,sg-dits,tju,CY25-1,87
146,2.2721431255340576,2.273141622543335,0.0009984970092773438,0.002122150966897607,2.2696506842027886,2.2766325608838813,sg-dits,tju,CY25-1,87
147,2.2720305919647217,2.270622491836548,0.0014081001281738281,0.00216851569712162,2.267055283514783,2.274189700158313,sg-dits,tju,CY25-1,87
148,2.2702977657318115,2.2714571952819824,0.0011594295501708984,0.0019538826309144497,2.268243058354128,2.2746713322098366,sg-dits,tju,CY25-1,87
149,2.269442319869995,2.2695846557617188,0.0001423358917236328,0.0018437416292726994,2.266551700781565,2.2726176107418725,sg-dits,tju,CY25-1,87
150,2.269772529602051,2.270498514175415,0.0007259845733642578,0.003947055898606777,2.264005607222207,2.2769914211286233,sg-dits,tju,CY25-1,87
151,2.2673182487487793,2.2706167697906494,0.003298521041870117,0.0016270746709778905,2.267940231956891,2.273293307624408,sg-dits,tju,CY25-1,87
152,2.266834259033203,2.267181634902954,0.00034737586975097656,0.0014640300069004297,2.264773305541603,2.269589964264305,sg-dits,tju,CY25-1,87
153,2.2666478157043457,2.267216444015503,0.0005686283111572266,0.0023684706538915634,2.2633203097898513,2.2711125782411545,sg-dits,tju,CY25-1,87
154,2.2648935317993164,2.267616033554077,0.002722501754760742,0.002162778051570058,2.2640582636592446,2.2711738034489097,sg-dits,tju,CY25-1,87
155,2.2649972438812256,2.2656002044677734,0.0006029605865478516,0.001224215840920806,2.2635863694094587,2.267614039526088,sg-dits,tju,CY25-1,87
156,2.2632415294647217,2.2638440132141113,0.0006024837493896484,0.0021403972059488297,2.2603230598103257,2.267364966617897,sg-dits,tju,CY25-1,87
157,2.2617757320404053,2.2632055282592773,0.0014297962188720703,0.0020201499573886395,2.259882381579373,2.2665286749391815,sg-dits,tju,CY25-1,87
158,2.2614474296569824,2.2610530853271484,0.0003943443298339844,0.0030028759501874447,2.25611335438909,2.2659928162652068,sg-dits,tju,CY25-1,87
159,2.2604775428771973,2.261800527572632,0.0013229846954345703,0.0033203386701643467,2.2563385704602115,2.267262484685052,sg-dits,tju,CY25-1,87
160,2.2642428874969482,2.261366128921509,0.002876758575439453,0.001427663373760879,2.259017622671672,2.2637146351713455,sg-dits,tju,CY25-1,87
161,2.2617712020874023,2.2600455284118652,0.0017256736755371094,0.0024107915814965963,2.2560797762603033,2.264011280563427,sg-dits,tju,CY25-1,87
162,2.258681297302246,2.2569944858551025,0.0016868114471435547,0.0032496415078639984,2.2516488255746663,2.262340146135539,sg-dits,tju,CY25-1,87
163,2.25602650642395,2.2550840377807617,0.0009424686431884766,0.002391336252912879,2.25115028964472,2.2590177859168032,sg-dits,tju,CY25-1,87
164,2.2546823024749756,2.2536892890930176,0.0009930133819580078,0.004617035388946533,2.2460942658782006,2.2612843123078346,sg-dits,tju,CY25-1,87
165,2.253161907196045,2.253170967102051,9.059906005859375e-06,0.0025065636727958918,2.2490476698603015,2.2572942643438,sg-dits,tju,CY25-1,87
166,2.251193046569824,2.251159191131592,3.3855438232421875e-05,0.0028140940703451633,2.246530006385874,2.2557883758773096,sg-dits,tju,CY25-1,87
167,2.2506027221679688,2.252041816711426,0.0014390945434570312,0.002423727884888649,2.248054784340784,2.2560288490820675,sg-dits,tju,CY25-1,87
168,2.2497425079345703,2.2479777336120605,0.0017647743225097656,0.0033187568187713623,2.2425183786451814,2.2534370885789397,sg-dits,tju,CY25-1,87
169,2.2484142780303955,2.24946928024292,0.001055002212524414,0.003573005087673664,2.243591686873697,2.255346873612143,sg-dits,tju,CY25-1,87
170,2.2469139099121094,2.248490571975708,0.0015766620635986328,0.004930958151817322,2.2403791458159685,2.2566019981354475,sg-dits,tju,CY25-1,87
171,2.2464780807495117,2.2452521324157715,0.0012259483337402344,0.0025745483580976725,2.2410170003667007,2.2494872644648423,sg-dits,tju,CY25-1,87
172,2.2452993392944336,2.24587082862854,0.0005714893341064453,0.0029189889319241047,2.241069091835525,2.250672565421555,sg-dits,tju,CY25-1,87
173,2.2438743114471436,2.242992877960205,0.0008814334869384766,0.002098690252751112,2.2395405324944293,2.246445223425981,sg-dits,tju,CY25-1,87
174,2.2434680461883545,2.2418909072875977,0.001577138900756836,0.003471451811492443,2.2361803690576925,2.247601445517503,sg-dits,tju,CY25-1,87
175,2.242342710494995,2.239952564239502,0.002390146255493164,0.003049810416996479,2.234935626103543,2.244969502375461,sg-dits,tju,CY25-1,87
176,2.241183042526245,2.238711357116699,0.0024716854095458984,0.0016581721138209105,2.235983663989464,2.2414390502439345,sg-dits,tju,CY25-1,87
177,2.240159273147583,2.2376697063446045,0.0024895668029785156,0.0035949659068137407,2.231755987427896,2.243583425261313,sg-dits,tju,CY25-1,87
178,2.2389039993286133,2.2385635375976562,0.00034046173095703125,0.0014938770327717066,2.236106109878747,2.2410209653165656,sg-dits,tju,CY25-1,87
179,2.238386631011963,2.2379982471466064,0.0003883838653564453,0.0010802657343447208,2.236221210013609,2.2397752842796037,sg-dits,tju,CY25-1,87
180,2.2381341457366943,2.235856056213379,0.0022780895233154297,0.0010901815257966518,2.2340627076034436,2.237649404823314,sg-dits,tju,CY25-1,87
181,2.2364118099212646,2.2373483180999756,0.0009365081787109375,0.0022571776062250137,2.2336352609377355,2.2410613752622157,sg-dits,tju,CY25-1,87
182,2.235583543777466,2.236233711242676,0.0006501674652099609,0.0013498787302523851,2.2340131607314104,2.238454261753941,sg-dits,tju,CY25-1,87
183,2.2343926429748535,2.230902910232544,0.0034897327423095703,0.0021818445529788733,2.2273137759428936,2.2344920445221943,sg-dits,tju,CY25-1,87
184,2.2335705757141113,2.230288505554199,0.0032820701599121094,0.0021326388232409954,2.2267803146899676,2.233796696418431,sg-dits,tju,CY25-1,87
185,2.233389139175415,2.2315540313720703,0.0018351078033447266,0.0022373832762241364,2.2278735358826816,2.235234526861459,sg-dits,tju,CY25-1,87
186,2.2320444583892822,2.2323360443115234,0.00029158592224121094,0.0032937894575297832,2.226917760653887,2.23775432796916,sg-dits,tju,CY25-1,87
187,2.2313027381896973,2.2276992797851562,0.0036034584045410156,0.0035025656688958406,2.2219375592598225,2.23346100031049,sg-dits,tju,CY25-1,87
188,2.230038642883301,2.2296133041381836,0.0004253387451171875,0.002368057379499078,2.2257178497489076,2.2335087585274596,sg-dits,tju,CY25-1,87
189,2.229297161102295,2.2265286445617676,0.0027685165405273438,0.002423590514808893,2.222541838164907,2.2305154509586282,sg-dits,tju,CY25-1,87
190,2.228694438934326,2.229611396789551,0.0009169578552246094,0.004038102459162474,2.2229687182442284,2.236254075334873,sg-dits,tju,CY25-1,87
191,2.2276296615600586,2.226844310760498,0.0007853507995605469,0.0036970130167901516,2.2207627243478782,2.232925897173118,sg-dits,tju,CY25-1,87
192,2.2264723777770996,2.2269976139068604,0.0005252361297607422,0.0018075816333293915,2.2240241421200335,2.229971085693687,sg-dits,tju,CY25-1,87
193,2.2261111736297607,2.224539041519165,0.0015721321105957031,0.002322268905118108,2.220718909170246,2.228359173868084,sg-dits,tju,CY25-1,87
194,2.2250819206237793,2.2226686477661133,0.0024132728576660156,0.0030979271978139877,2.2175725575257093,2.2277647380065173,sg-dits,tju,CY25-1,87
195,2.2238125801086426,2.220907211303711,0.0029053688049316406,0.0033617359586060047,2.215377155651804,2.226437266955618,sg-dits,tju,CY25-1,87
196,2.2232506275177,2.222545623779297,0.0007050037384033203,0.003020300529897213,2.217577229407616,2.227514018150978,sg-dits,tju,CY25-1,87
197,2.2227423191070557,2.2209362983703613,0.001806020736694336,0.0022349858190864325,2.217259746697964,2.2246128500427584,sg-dits,tju,CY25-1,87
198,2.2216854095458984,2.220414876937866,0.0012705326080322266,0.0012179816840216517,2.2184112970676506,2.222418456808082,sg-dits,tju,CY25-1,87
199,2.2209205627441406,2.2221384048461914,0.0012178421020507812,0.0021929347421973944,2.2185310271952767,2.225745782497106,sg-dits,tju,CY25-1,87
200,2.219576358795166,2.217888355255127,0.0016880035400390625,0.0016761808656156063,2.2151310377311892,2.2206456727790647,sg-dits,tju,CY25-1,87
201,2.2186903953552246,2.2165050506591797,0.002185344696044922,0.0022304521407932043,2.212835956887575,2.2201741444307843,sg-dits,tju,CY25-1,87
202,2.217641830444336,2.214789390563965,0.0028524398803710938,0.001932390732690692,2.2116106078086886,2.217968173319241,sg-dits,tju,CY25-1,87
203,2.2164459228515625,2.2137584686279297,0.0026874542236328125,0.0022441549226641655,2.210066833780147,2.2174501034757124,sg-dits,tju,CY25-1,87
204,2.2157788276672363,2.215542793273926,0.00023603439331054688,0.003239037236198783,2.2102145770203787,2.220871009527473,sg-dits,tju,CY25-1,87
205,2.2151660919189453,2.2147092819213867,0.00045680999755859375,0.0010388821829110384,2.2130003207304982,2.216418243112275,sg-dits,tju,CY25-1,87
206,2.2144603729248047,2.2126693725585938,0.0017910003662109375,0.0014087888412177563,2.2103519149147903,2.214986830202397,sg-dits,tju,CY25-1,87
207,2.2135164737701416,2.2126567363739014,0.0008597373962402344,0.0020818097982555628,2.209232159255771,2.216081313492032,sg-dits,tju,CY25-1,87
208,2.21285080909729,2.2071785926818848,0.0056722164154052734,0.003025095211341977,2.202202311059227,2.2121548743045425,sg-dits,tju,CY25-1,87
209,2.210472583770752,2.210911273956299,0.000438690185546875,0.0038106925785541534,2.2046426846645772,2.2171798632480204,sg-dits,tju,CY25-1,87
210,2.209547996520996,2.2080745697021484,0.0014734268188476562,0.001406979514285922,2.205760088401148,2.210389051003149,sg-dits,tju,CY25-1,87
211,2.2075788974761963,2.207425117492676,0.0001537799835205078,0.0009960662573575974,2.2057865884993224,2.209063646486029,sg-dits,tju,CY25-1,87
212,2.207019329071045,2.205867290496826,0.00115203857421875,0.001709110103547573,2.2030558043764903,2.208678776617162,sg-dits,tju,CY25-1,87
213,2.2062010765075684,2.2071213722229004,0.0009202957153320312,0.00075468176510185,2.205879920719308,2.208362823726493,sg-dits,tju,CY25-1,87
214,2.2049450874328613,2.2028000354766846,0.002145051956176758,0.0007149611483328044,2.201623924387677,2.203976146565692,sg-dits,tju,CY25-1,87
215,2.2044246196746826,2.2019903659820557,0.002434253692626953,0.002253759652376175,2.198282931353897,2.2056978006102144,sg-dits,tju,CY25-1,87
216,2.202719211578369,2.202965497970581,0.00024628639221191406,0.002758895978331566,2.1984271140862255,2.2075038818549366,sg-dits,tju,CY25-1,87
217,2.2024552822113037,2.1991655826568604,0.0032896995544433594,0.004266414791345596,2.192147330325097,2.206183834988624,sg-dits,tju,CY25-1,87
218,2.2006170749664307,2.1991543769836426,0.001462697982788086,0.001659440458752215,2.196424597428995,2.20188415653829,sg-dits,tju,CY25-1,87
219,2.2004189491271973,2.1970913410186768,0.003327608108520508,0.0013477791799232364,2.194874244267703,2.1993084377696506,sg-dits,tju,CY25-1,87
220,2.198770761489868,2.1972007751464844,0.001569986343383789,0.0010482989018782973,2.1954763234528945,2.1989252268400743,sg-dits,tju,CY25-1,87
221,2.198390007019043,2.197474718093872,0.0009152889251708984,0.003236540360376239,2.192150609201053,2.202798826986691,sg-dits,tju,CY25-1,87
222,2.1976735591888428,2.1992602348327637,0.0015866756439208984,0.0021179192699491978,2.1957762576336974,2.20274421203183,sg-dits,tju,CY25-1,87
223,2.196596622467041,2.1959006786346436,0.0006959438323974609,0.0023265539202839136,2.1920734974357767,2.1997278598335104,sg-dits,tju,CY25-1,87
224,2.195307493209839,2.194561719894409,0.0007457733154296875,0.0003522707847878337,2.193982234453433,2.195141205335385,sg-dits,tju,CY25-1,87
225,2.194678544998169,2.1956512928009033,0.000972747802734375,0.0032840974163264036,2.1902489525510465,2.20105363305076,sg-dits,tju,CY25-1,87
226,2.1938347816467285,2.192540168762207,0.0012946128845214844,0.002371878596022725,2.1886384284717497,2.1964419090526643,sg-dits,tju,CY25-1,87
227,2.1932239532470703,2.189852714538574,0.0033712387084960938,0.0008771519642323256,2.188409799557412,2.1912956295197366,sg-dits,tju,CY25-1,87
228,2.192033290863037,2.188631534576416,0.0034017562866210938,0.0006835726089775562,2.187507057634648,2.189756011518184,sg-dits,tju,CY25-1,87
229,2.1903481483459473,2.1887896060943604,0.001558542251586914,0.001979279099032283,2.185533691976452,2.1920455202122686,sg-dits,tju,CY25-1,87
230,2.190206289291382,2.1898090839385986,0.0003972053527832031,0.002592397853732109,2.185544589469209,2.194073578407988,sg-dits,tju,CY25-1,87
231,2.1886367797851562,2.1870181560516357,0.0016186237335205078,0.0015530975069850683,2.1844633106526454,2.189573001450626,sg-dits,tju,CY25-1,87
232,2.187910795211792,2.1892342567443848,0.0013234615325927734,0.0013465515803545713,2.1870191793947016,2.191449334094068,sg-dits,tju,CY25-1,87
233,2.187462568283081,2.1853456497192383,0.0021169185638427734,0.002966941799968481,2.18046503045829,2.1902262689801866,sg-dits,tju,CY25-1,87
234,2.1867566108703613,2.1852827072143555,0.0014739036560058594,0.0009633151930756867,2.183698053721746,2.186867360706965,sg-dits,tju,CY25-1,87
235,2.1858725547790527,2.1827893257141113,0.0030832290649414062,0.0022191766183823347,2.1791387801768725,2.18643987125135,sg-dits,tju,CY25-1,87
236,2.1848747730255127,2.1833372116088867,0.0015375614166259766,0.0009784306166693568,2.181727693244466,2.1849467299733076,sg-dits,tju,CY25-1,87
237,2.1841983795166016,2.1824750900268555,0.0017232894897460938,0.001799075398594141,2.179515610996168,2.1854345690575427,sg-dits,tju,CY25-1,87
238,2.1823816299438477,2.1826648712158203,0.00028324127197265625,0.003353108186274767,2.1771490082493985,2.188180734182242,sg-dits,tju,CY25-1,87
239,2.181840419769287,2.1814262866973877,0.00041413307189941406,0.0034781284630298615,2.175704765375704,2.1871478080190716,sg-dits,tju,CY25-1,87
240,2.1817233562469482,2.1804356575012207,0.001287698745727539,0.0017684494378045201,2.1775265581760324,2.183344756826409,sg-dits,tju,CY25-1,87
241,2.179856300354004,2.178164005279541,0.0016922950744628906,0.0014931601472198963,2.1757077568373644,2.1806202537217176,sg-dits,tju,CY25-1,87
242,2.179170608520508,2.1798715591430664,0.0007009506225585938,0.001777017256245017,2.176948365756543,2.1827947525295897,sg-dits,tju,CY25-1,87
243,2.1783370971679688,2.177581787109375,0.00075531005859375,0.0022679083049297333,2.1738510779477656,2.1813124962709844,sg-dits,tju,CY25-1,87
244,2.1776111125946045,2.1758155822753906,0.0017955303192138672,0.002199506852775812,2.1721973935025742,2.179433771048207,sg-dits,tju,CY25-1,87
245,2.1766207218170166,2.177309989929199,0.0006892681121826172,0.0018129763193428516,2.1743276438838803,2.180292335974518,sg-dits,tju,CY25-1,87
246,2.176095485687256,2.1766366958618164,0.0005412101745605469,0.003433899488300085,2.170987931203563,2.18228546052007,sg-dits,tju,CY25-1,87
247,2.1748275756835938,2.1752305030822754,0.0004029273986816406,0.0018227745313197374,2.1722320389782546,2.178228967186296,sg-dits,tju,CY25-1,87
248,2.173875093460083,2.174309253692627,0.0004341602325439453,0.001103830523788929,2.1724934524809942,2.1761250549042597,sg-dits,tju,CY25-1,87
249,2.17356014251709,2.1724987030029297,0.0010614395141601562,0.0009179433109238744,2.17098868625646,2.1740087197493994,sg-dits,tju,CY25-1,87
250,2.1719679832458496,2.1708240509033203,0.0011439323425292969,0.001305079786106944,2.1686771946551744,2.1729709071514662,sg-dits,tju,CY25-1,87
251,2.171353340148926,2.168283224105835,0.0030701160430908203,0.0021021857392042875,2.164825128564844,2.171741319646826,sg-dits,tju,CY25-1,87
252,2.1702065467834473,2.1690499782562256,0.0011565685272216797,0.002310271840542555,2.165249581078533,2.172850375433918,sg-dits,tju,CY25-1,87
253,2.1694488525390625,2.167020797729492,0.0024280548095703125,0.0019703241996467113,2.1637796144210735,2.170261981037911,sg-dits,tju,CY25-1,87
254,2.169426918029785,2.167116641998291,0.0023102760314941406,0.002270669676363468,2.163381390380673,2.170851893615909,sg-dits,tju,CY25-1,87
255,2.167961359024048,2.168999671936035,0.0010383129119873047,0.0016072823200374842,2.1663556925195735,2.171643651352497,sg-dits,tju,CY25-1,87
256,2.1668777465820312,2.164729595184326,0.002148151397705078,0.003133162623271346,2.1595755426690446,2.1698836476996077,sg-dits,tju,CY25-1,87
257,2.1660993099212646,2.166227102279663,0.0001277923583984375,0.001644591218791902,2.1635217497247505,2.1689324548345756,sg-dits,tju,CY25-1,87
258,2.1701500415802,2.1629786491394043,0.0071713924407958984,0.0025394584517925978,2.1588012399862055,2.167156058292603,sg-dits,tju,CY25-1,87
259,2.1666858196258545,2.1674752235412598,0.0007894039154052734,0.0013986247358843684,2.16517448585073,2.1697759612317897,sg-dits,tju,CY25-1,87
260,2.164752960205078,2.163165807723999,0.0015871524810791016,0.001795165240764618,2.160212760902941,2.166118854545057,sg-dits,tju,CY25-1,87
261,2.162921190261841,2.161174774169922,0.0017464160919189453,0.0008299664477817714,2.1598094793633207,2.162540068976523,sg-dits,tju,CY25-1,87
262,2.160099744796753,2.1592676639556885,0.0008320808410644531,0.003410767763853073,2.1536569509841503,2.1648783769272266,sg-dits,tju,CY25-1,87
263,2.1591296195983887,2.157454252243042,0.0016753673553466797,0.0016812600661069155,2.1546885794342963,2.1602199250517877,sg-dits,tju,CY25-1,87
264,2.157505750656128,2.15714168548584,0.00036406517028808594,0.0020645917393267155,2.1537454320746474,2.1605379388970323,sg-dits,tju,CY25-1,87
265,2.1575047969818115,2.1560871601104736,0.0014176368713378906,0.000978736556135118,2.1544771384756314,2.157697181745316,sg-dits,tju,CY25-1,87
266,2.1552488803863525,2.1524786949157715,0.0027701854705810547,0.002022224012762308,2.1491521364147776,2.1558052534167653,sg-dits,tju,CY25-1,87
267,2.1540608406066895,2.1529054641723633,0.0011553764343261719,0.0009011605870909989,2.1514230550065987,2.154387873338128,sg-dits,tju,CY25-1,87
268,2.152371644973755,2.152214527130127,0.0001571178436279297,0.0023104159627109766,2.1484138928714676,2.1560151613887863,sg-dits,tju,CY25-1,87
269,2.1521589756011963,2.1510653495788574,0.0010936260223388672,0.0012180606136098504,2.149061639869469,2.1530690592882458,sg-dits,tju,CY25-1,87
270,2.1517488956451416,2.1502864360809326,0.0014624595642089844,0.0013574294280260801,2.14805346467183,2.1525194074900353,sg-dits,tju,CY25-1,87
271,2.1495919227600098,2.151219367980957,0.0016274452209472656,0.0016583655960857868,2.148491356575396,2.1539473793865183,sg-dits,tju,CY25-1,87
272,2.1485202312469482,2.148125171661377,0.00039505958557128906,0.001861117547377944,2.14506363329594,2.151186710026814,sg-dits,tju,CY25-1,87
273,2.1475563049316406,2.1439647674560547,0.0035915374755859375,0.0019043907523155212,2.1408320446684956,2.1470974902436137,sg-dits,tju,CY25-1,87
274,2.147048234939575,2.1431667804718018,0.0038814544677734375,0.0008104944135993719,2.1418335171614307,2.144500043782173,sg-dits,tju,CY25-1,87
275,2.145677089691162,2.1455793380737305,9.775161743164062e-05,0.0017699338495731354,2.1426677968911827,2.1484908792562782,sg-dits,tju,CY25-1,87
276,2.1455211639404297,2.1440961360931396,0.001425027847290039,0.0011596480617299676,2.142188515031594,2.1460037571546855,sg-dits,tju,CY25-1,87
277,2.143984317779541,2.143927574157715,5.6743621826171875e-05,0.002008133800700307,2.140624194055563,2.1472309542598667,sg-dits,tju,CY25-1,87
278,2.1435070037841797,2.141460657119751,0.002046346664428711,0.0022552944719791412,2.1377506977133454,2.1451706165261566,sg-dits,tju,CY25-1,87
279,2.14231014251709,2.1398656368255615,0.0024445056915283203,0.0011231317184865475,2.138018085148651,2.141713188502472,sg-dits,tju,CY25-1,87
280,2.1408751010894775,2.1394600868225098,0.0014150142669677734,0.0011854999465867877,2.1375099394103745,2.141410234234645,sg-dits,tju,CY25-1,87
281,2.1406617164611816,2.137813091278076,0.0028486251831054688,0.0018039030255749822,2.1348456708010053,2.140780511755147,sg-dits,tju,CY25-1,87
282,2.1399292945861816,2.1393725872039795,0.0005567073822021484,0.001109782257117331,2.1375469953910216,2.1411981790169374,sg-dits,tju,CY25-1,87
283,2.13860821723938,2.1367452144622803,0.0018630027770996094,0.001246677478775382,2.1346944300096946,2.138795998914866,sg-dits,tju,CY25-1,87
284,2.137214422225952,2.1366255283355713,0.0005888938903808594,0.0016026879893615842,2.1339891065930714,2.139261950078071,sg-dits,tju,CY25-1,87
285,2.1365041732788086,2.1355209350585938,0.0009832382202148438,0.0011323340004310012,2.1336582456278848,2.1373836244893027,sg-dits,tju,CY25-1,87
286,2.1352221965789795,2.1345462799072266,0.0006759166717529297,0.0010306390468031168,2.1328508786752356,2.1362416811392175,sg-dits,tju,CY25-1,87
287,2.1355175971984863,2.1342997550964355,0.0012178421020507812,0.0022090445272624493,2.130665876849089,2.137933633343782,sg-dits,tju,CY25-1,87
288,2.132938861846924,2.132412910461426,0.0005259513854980469,0.0017985927406698465,2.1294542254030238,2.135371595519828,sg-dits,tju,CY25-1,87
289,2.1323940753936768,2.1303811073303223,0.002012968063354492,0.0007817690493538976,2.129095097244135,2.1316671174165096,sg-dits,tju,CY25-1,87
290,2.131713390350342,2.1294302940368652,0.0022830963134765625,0.0009026903426274657,2.127945368423243,2.1309152196504875,sg-dits,tju,CY25-1,87
291,2.1311392784118652,2.1280319690704346,0.003107309341430664,0.0006517714937217534,2.126959804963262,2.129104133177607,sg-dits,tju,CY25-1,87
292,2.130730152130127,2.1292977333068848,0.0014324188232421875,0.001731667434796691,2.126449140376644,2.1321463262371254,sg-dits,tju,CY25-1,87
293,2.1283504962921143,2.1271681785583496,0.0011823177337646484,0.002365951891988516,2.1232761876960287,2.1310601694206706,sg-dits,tju,CY25-1,87
294,2.128596067428589,2.1272215843200684,0.0013744831085205078,0.0015218963380903006,2.12471806484391,2.129725103796227,sg-dits,tju,CY25-1,87
295,2.1284918785095215,2.126370906829834,0.0021209716796875,0.0011067618615925312,2.124550283567514,2.128191530092154,sg-dits,tju,CY25-1,87
296,2.126768112182617,2.1257176399230957,0.0010504722595214844,0.0012728262227028608,2.1236238407867494,2.127811439059442,sg-dits,tju,CY25-1,87
297,2.1249866485595703,2.1257734298706055,0.0007867813110351562,0.002309678588062525,2.121974008593243,2.129572851147968,sg-dits,tju,CY25-1,87
298,2.124490737915039,2.123082160949707,0.0014085769653320312,0.0011929150205105543,2.121119815740967,2.125044506158447,sg-dits,tju,CY25-1,87
299,2.1236367225646973,2.123746395111084,0.00010967254638671875,0.0007004165090620518,2.122594209953677,2.124898580268491,sg-dits,tju,CY25-1,87
300,2.1230432987213135,2.1215150356292725,0.0015282630920410156,0.0014607859775424004,2.1191120426962153,2.1239180285623296,sg-dits,tju,CY25-1,87
301,2.123009204864502,2.121986150741577,0.0010230541229248047,0.0015920121222734451,2.1193672908004375,2.124605010682717,sg-dits,tju,CY25-1,87
302,2.1207776069641113,2.1198675632476807,0.0009100437164306641,0.001944245072081685,2.1166692801041065,2.123065846391255,sg-dits,tju,CY25-1,87
303,2.119858741760254,2.1196916103363037,0.0001671314239501953,0.0013255736557766795,2.117511041672551,2.1218721790000563,sg-dits,tju,CY25-1,87
304,2.119370698928833,2.1198930740356445,0.0005223751068115234,0.001425112597644329,2.1175487638125197,2.1222373842587694,sg-dits,tju,CY25-1,87
305,2.118197202682495,2.118086814880371,0.00011038780212402344,0.0012329401215538383,2.116058628380415,2.120115001380327,sg-dits,tju,CY25-1,87
306,2.11820650100708,2.113929510116577,0.00427699089050293,0.0022537782788276672,2.1102220448479057,2.1176369753852486,sg-dits,tju,CY25-1,87
307,2.116964817047119,2.1166207790374756,0.0003440380096435547,0.0017992040375247598,2.113661088395747,2.119580469679204,sg-dits,tju,CY25-1,87
308,2.114453077316284,2.1169183254241943,0.0024652481079101562,0.0009681885130703449,2.1153256553201936,2.118510995528195,sg-dits,tju,CY25-1,87
309,2.1133296489715576,2.1126489639282227,0.0006806850433349609,0.001711837132461369,2.1098329918453236,2.1154649360111217,sg-dits,tju,CY25-1,87
310,2.1124067306518555,2.1115775108337402,0.0008292198181152344,0.0013530045980587602,2.109351818269934,2.1138032033975467,sg-dits,tju,CY25-1,87
311,2.1128413677215576,2.110870838165283,0.001970529556274414,0.0018933529499918222,2.1077562725625465,2.11398540376802,sg-dits,tju,CY25-1,87
312,2.1101865768432617,2.1096084117889404,0.0005781650543212891,0.00114693702198565,2.107721700387774,2.1114951231901067,sg-dits,tju,CY25-1,87
313,2.109417676925659,2.107572317123413,0.0018453598022460938,0.0011207559145987034,2.105728673643898,2.109415960602928,sg-dits,tju,CY25-1,87
314,2.1084699630737305,2.108142852783203,0.00032711029052734375,0.0019777158740907907,2.1048895101703238,2.1113961953960825,sg-dits,tju,CY25-1,87
315,2.1072514057159424,2.1067850589752197,0.00046634674072265625,0.0004944829270243645,2.1059716345602646,2.107598483390175,sg-dits,tju,CY25-1,87
316,2.1076385974884033,2.1053433418273926,0.002295255661010742,0.0010163754923269153,2.103671404142515,2.1070152795122703,sg-dits,tju,CY25-1,87
317,2.105883836746216,2.1053221225738525,0.0005617141723632812,0.001049704267643392,2.103595359053579,2.107048886094126,sg-dits,tju,CY25-1,87
318,2.104235887527466,2.1041431427001953,9.274482727050781e-05,0.0012220414355397224,2.1021328845387326,2.106153400861658,sg-dits,tju,CY25-1,87
319,2.1038434505462646,2.1024599075317383,0.0013835430145263672,0.00043595669558271766,2.1017427587675046,2.103177056295972,sg-dits,tju,CY25-1,87
320,2.1027321815490723,2.1035075187683105,0.0007753372192382812,0.0016490984708070755,2.100794751783833,2.106220285752788,sg-dits,tju,CY25-1,87
321,2.102220058441162,2.1020140647888184,0.00020599365234375,0.002024037064984441,2.098684523816919,2.1053436057607176,sg-dits,tju,CY25-1,87
322,2.1013729572296143,2.0995054244995117,0.001867532730102539,0.001011332613416016,2.0978417823504425,2.101169066648581,sg-dits,tju,CY25-1,87
323,2.100541830062866,2.0976474285125732,0.0028944015502929688,0.0017203884199261665,2.0948173895617948,2.1004774674633517,sg-dits,tju,CY25-1,87
324,2.099363327026367,2.098083257675171,0.001280069351196289,0.0018287503626197577,2.0950749633286616,2.10109155202168,sg-dits,tju,CY25-1,87
325,2.098719835281372,2.096458911895752,0.002260923385620117,0.0008660366293042898,2.0950342816405465,2.0978835421509574,sg-dits,tju,CY25-1,87
326,2.0974695682525635,2.0971224308013916,0.000347137451171875,0.0023631907533854246,2.0932349820120724,2.101009879590711,sg-dits,tju,CY25-1,87
327,2.0967905521392822,2.095114231109619,0.001676321029663086,0.002339076017960906,2.0912664510600734,2.098962011159165,sg-dits,tju,CY25-1,87
328,2.096219062805176,2.095360279083252,0.0008587837219238281,0.0011648497311398387,2.093444101275527,2.097276456890977,sg-dits,tju,CY25-1,87
329,2.095313549041748,2.0947577953338623,0.0005557537078857422,0.0013055256567895412,2.0926102056284437,2.096905385039281,sg-dits,tju,CY25-1,87
330,2.094749927520752,2.092859983444214,0.001889944076538086,0.002411036752164364,2.0888938279869036,2.096826138901524,sg-dits,tju,CY25-1,87
331,2.093308687210083,2.093940258026123,0.0006315708160400391,0.0010120351798832417,2.092275460155215,2.095605055897031,sg-dits,tju,CY25-1,87
332,2.092801332473755,2.091813564300537,0.0009877681732177734,0.0015143073396757245,2.0893225287267705,2.0943045998743037,sg-dits,tju,CY25-1,87
333,2.0924596786499023,2.090941905975342,0.0015177726745605469,0.0012796611990779638,2.0888368633028587,2.093046948647825,sg-dits,tju,CY25-1,87
334,2.0912463665008545,2.0893030166625977,0.001943349838256836,0.0015612586867064238,2.0867347461229655,2.09187128720223,sg-dits,tju,CY25-1,87
335,2.0903759002685547,2.088521957397461,0.00185394287109375,0.0016350473742932081,2.0858323044667486,2.0912116103281733,sg-dits,tju,CY25-1,87
336,2.089611768722534,2.089211940765381,0.0003998279571533203,0.0007124768453650177,2.0880399163547554,2.0903839651760063,sg-dits,tju,CY25-1,87
337,2.0884976387023926,2.0875566005706787,0.0009410381317138672,0.0014941352419555187,2.085098748097662,2.0900144530436955,sg-dits,tju,CY25-1,87
338,2.087453842163086,2.0853326320648193,0.0021212100982666016,0.0016600732924416661,2.082601811498753,2.0880634526308857,sg-dits,tju,CY25-1,87
339,2.0868964195251465,2.0854830741882324,0.0014133453369140625,0.0020038606598973274,2.0821867234027014,2.0887794249737635,sg-dits,tju,CY25-1,87
340,2.0856077671051025,2.083324432373047,0.002283334732055664,0.0014978740364313126,2.0808604295831175,2.0857884351629763,sg-dits,tju,CY25-1,87
341,2.0850327014923096,2.0834031105041504,0.0016295909881591797,0.0013162731193006039,2.081237841222901,2.0855683797854,sg-dits,tju,CY25-1,87
342,2.0849430561065674,2.081726312637329,0.0032167434692382812,0.0012785907601937652,2.07962303083681,2.083829594437848,sg-dits,tju,CY25-1,87
343,2.084001064300537,2.081902503967285,0.002098560333251953,0.0010661589913070202,2.080148672426585,2.0836563355079853,sg-dits,tju,CY25-1,87
344,2.0825514793395996,2.083216667175293,0.0006651878356933594,0.0008144024759531021,2.0818769751023503,2.0845563592482357,sg-dits,tju,CY25-1,87
345,2.0818545818328857,2.080683946609497,0.0011706352233886719,0.0015754852211102843,2.0780922734207707,2.0832756197982234,sg-dits,tju,CY25-1,87
346,2.082223892211914,2.080308198928833,0.0019156932830810547,0.00103166070766747,2.07861111706472,2.082005280792946,sg-dits,tju,CY25-1,87
347,2.0797293186187744,2.0810821056365967,0.0013527870178222656,0.0016431220574304461,2.0783791698521235,2.08378504142107,sg-dits,tju,CY25-1,87
348,2.079105854034424,2.077456474304199,0.0016493797302246094,0.000921789207495749,2.0759401310578687,2.0789728175505298,sg-dits,tju,CY25-1,87
349,2.0785675048828125,2.076766014099121,0.0018014907836914062,0.0009869048371911049,2.075142555641942,2.0783894725563004,sg-dits,tju,CY25-1,87
350,2.0770864486694336,2.07729172706604,0.0002052783966064453,0.0016782701713964343,2.074530972634093,2.080052481497987,sg-dits,tju,CY25-1,87
351,2.0773215293884277,2.0746824741363525,0.0026390552520751953,0.0009374403161928058,2.0731403848162153,2.0762245634564898,sg-dits,tju,CY25-1,87
352,2.0757369995117188,2.0746636390686035,0.0010733604431152344,0.0014239344745874405,2.072321266857907,2.0770060112793,sg-dits,tju,CY25-1,87
353,2.0749406814575195,2.0739355087280273,0.0010051727294921875,0.0013009783579036593,2.0717953993292757,2.076075618126779,sg-dits,tju,CY25-1,87
354,2.0739641189575195,2.0732686519622803,0.0006954669952392578,0.0008220492163673043,2.071916381001356,2.0746209229232044,sg-dits,tju,CY25-1,87
355,2.073352098464966,2.070755958557129,0.002596139907836914,0.0009356702212244272,2.069216781043215,2.072295136071043,sg-dits,tju,CY25-1,87
356,2.0799505710601807,2.069605827331543,0.010344743728637695,0.0008213502005673945,2.0682547062516097,2.0709569484114763,sg-dits,tju,CY25-1,87
357,2.075383186340332,2.078200340270996,0.0028171539306640625,0.0013754551764577627,2.075937716505723,2.0804629640362693,sg-dits,tju,CY25-1,87
358,2.0750112533569336,2.0720291137695312,0.0029821395874023438,0.001956631662324071,2.0688104546850083,2.075247772854054,sg-dits,tju,CY25-1,87
359,2.0721371173858643,2.0691730976104736,0.002964019775390625,0.0011890159221366048,2.067217166418559,2.0711290288023885,sg-dits,tju,CY25-1,87
360,2.069364309310913,2.070950508117676,0.0015861988067626953,0.0017073992639780045,2.068141836328432,2.0737591799069195,sg-dits,tju,CY25-1,87
361,2.0671191215515137,2.067509889602661,0.00039076805114746094,0.0017085457220673561,2.0646993318898605,2.0703204473154617,sg-dits,tju,CY25-1,87
362,2.0671048164367676,2.068155527114868,0.001050710678100586,0.002182172844186425,2.0645658527861817,2.0717452014435547,sg-dits,tju,CY25-1,87
363,2.064986228942871,2.06510591506958,0.00011968612670898438,0.0016356869600713253,2.0624152100202626,2.0677966201188975,sg-dits,tju,CY25-1,87
364,2.065081834793091,2.064189910888672,0.0008919239044189453,0.0016921402420848608,2.0614063401904423,2.0669734815869014,sg-dits,tju,CY25-1,87
365,2.063554525375366,2.0631368160247803,0.0004177093505859375,0.001377409789711237,2.060870976920705,2.0654026551288553,sg-dits,tju,CY25-1,87
366,2.061892509460449,2.0625576972961426,0.0006651878356933594,0.0008739196346141398,2.0611200994972023,2.063995295095083,sg-dits,tju,CY25-1,87
367,2.0614309310913086,2.0591542720794678,0.0022766590118408203,0.0014173719100654125,2.0568226952874102,2.0614858488715253,sg-dits,tju,CY25-1,87
368,2.0607104301452637,2.058576822280884,0.002133607864379883,0.0008259991882368922,2.057218053616234,2.0599355909455337,sg-dits,tju,CY25-1,87
369,2.0592453479766846,2.0573067665100098,0.0019385814666748047,0.0024371144827455282,2.053297713185893,2.0613158198341264,sg-dits,tju,CY25-1,87
370,2.0582523345947266,2.0558152198791504,0.002437114715576172,0.001647892757318914,2.053104436293361,2.05852600346494,sg-dits,tju,CY25-1,87
371,2.0576648712158203,2.0563316345214844,0.0013332366943359375,0.0014128040056675673,2.054007571932161,2.0586556971108076,sg-dits,tju,CY25-1,87
372,2.0580894947052,2.055300235748291,0.0027892589569091797,0.0010245449375361204,2.053614859326044,2.056985612170538,sg-dits,tju,CY25-1,87
373,2.0557591915130615,2.053767681121826,0.0019915103912353516,0.0010005825897678733,2.052121722761658,2.055413639481994,sg-dits,tju,CY25-1,87
374,2.0543267726898193,2.053069591522217,0.001257181167602539,0.0020887567661702633,2.0496335866418667,2.056505596402567,sg-dits,tju,CY25-1,87
375,2.053884506225586,2.0509302616119385,0.002954244613647461,0.0010529172141104937,2.049198212794727,2.05266231042915,sg-dits,tju,CY25-1,87
376,2.0534629821777344,2.0505313873291016,0.0029315948486328125,0.0011274304706603289,2.048676764204865,2.052386010453338,sg-dits,tju,CY25-1,87
377,2.0525426864624023,2.0507168769836426,0.0018258094787597656,0.0025278888642787933,2.046558499801904,2.054875254165381,sg-dits,tju,CY25-1,87
378,2.051126480102539,2.0480563640594482,0.0030701160430908203,0.001922879135236144,2.044893227881985,2.0512195002369116,sg-dits,tju,CY25-1,87
379,2.050034523010254,2.0499322414398193,0.00010228157043457031,0.002246155636385083,2.046237315417966,2.0536271674616726,sg-dits,tju,CY25-1,87
380,2.0491480827331543,2.0489284992218018,0.00021958351135253906,0.0014588506892323494,2.0465286898380146,2.051328308605589,sg-dits,tju,CY25-1,87
381,2.048401355743408,2.0448050498962402,0.0035963058471679688,0.0013358395081013441,2.0426075939054136,2.047002505887067,sg-dits,tju,CY25-1,87
382,2.0484800338745117,2.0462381839752197,0.002241849899291992,0.0013989247381687164,2.0439369527809323,2.048539415169507,sg-dits,tju,CY25-1,87
383,2.046684980392456,2.046238899230957,0.00044608116149902344,0.0018529662629589438,2.0431907697283895,2.0492870287335245,sg-dits,tju,CY25-1,87
384,2.046105146408081,2.0446298122406006,0.0014753341674804688,0.0008683336200192571,2.0432014034356687,2.0460582210455325,sg-dits,tju,CY25-1,87
385,2.0444741249084473,2.0428757667541504,0.001598358154296875,0.0011193564860150218,2.0410344253346557,2.044717108173645,sg-dits,tju,CY25-1,87
386,2.0445637702941895,2.042978048324585,0.0015857219696044922,0.0012399459956213832,2.040938337161788,2.045017759487382,sg-dits,tju,CY25-1,87
387,2.044381856918335,2.0410056114196777,0.0033762454986572266,0.00034225216950289905,2.0404426066008456,2.04156861623851,sg-dits,tju,CY25-1,87
388,2.042431592941284,2.0438287258148193,0.0013971328735351562,0.000303740322124213,2.043329072984925,2.0443283786447135,sg-dits,tju,CY25-1,87
389,2.0416321754455566,2.0419235229492188,0.0002913475036621094,0.0013834122801199555,2.0396478097484216,2.044199236150016,sg-dits,tju,CY25-1,87
390,2.0415525436401367,2.0408360958099365,0.0007164478302001953,0.0014957657549530268,2.038375561143039,2.043296630476834,sg-dits,tju,CY25-1,87
391,2.0399091243743896,2.037450075149536,0.0024590492248535156,0.0008557098917663097,2.0360424323775805,2.0388577179214917,sg-dits,tju,CY25-1,87
392,2.039447546005249,2.038752794265747,0.0006947517395019531,0.001548800035379827,2.0362050182075473,2.041300570323947,sg-dits,tju,CY25-1,87
393,2.0385067462921143,2.03732967376709,0.001177072525024414,0.002439431380480528,2.0333168091461995,2.04134253838798,sg-dits,tju,CY25-1,87
394,2.0376739501953125,2.0370633602142334,0.0006105899810791016,0.0008170823566615582,2.035719259737525,2.0384074606909417,sg-dits,tju,CY25-1,87
395,2.0368587970733643,2.034592390060425,0.002266407012939453,0.001221948186866939,2.032582285293029,2.0366024948278207,sg-dits,tju,CY25-1,87
396,2.0352933406829834,2.0351176261901855,0.00017571449279785156,0.0016710194759070873,2.0323687991523185,2.0378664532280526,sg-dits,tju,CY25-1,87
397,2.037396192550659,2.032611608505249,0.004784584045410156,0.0007762433378957212,2.0313346882144105,2.0338885287960875,sg-dits,tju,CY25-1,87
398,2.0341832637786865,2.0346250534057617,0.0004417896270751953,0.0015892413211986423,2.0320107514323897,2.0372393553791337,sg-dits,tju,CY25-1,87
399,2.032910108566284,2.032696485519409,0.000213623046875,0.0022153148893266916,2.0290522925264667,2.0363406785123517,sg-dits,tju,CY25-1,87
400,2.0325591564178467,2.0316829681396484,0.0008761882781982422,0.001010380918160081,2.0300208915292752,2.0333450447500216,sg-dits,tju,CY25-1,87
401,2.032011032104492,2.028003692626953,0.0040073394775390625,0.0021244040690362453,2.0245090479333885,2.0314983373205178,sg-dits,tju,CY25-1,87
402,2.0324888229370117,2.030029773712158,0.0024590492248535156,0.0019852183759212494,2.026764089483768,2.0332954579405484,sg-dits,tju,CY25-1,87
403,2.029909610748291,2.0288524627685547,0.0010571479797363281,0.0012241957010701299,2.026838660840294,2.030866264696815,sg-dits,tju,CY25-1,87
404,2.029090642929077,2.02769136428833,0.0013992786407470703,0.0015603506471961737,2.0251245874736923,2.030258141102968,sg-dits,tju,CY25-1,87
405,2.029129981994629,2.0255837440490723,0.0035462379455566406,0.0017850293079391122,2.0226473708375123,2.028520117260632,sg-dits,tju,CY25-1,87
406,2.026808738708496,2.0263702869415283,0.00043845176696777344,0.0013199872337281704,2.0241989079420453,2.0285416659410114,sg-dits,tju,CY25-1,87
407,2.0256283283233643,2.0237932205200195,0.0018351078033447266,0.0008955539669841528,2.0223200342443306,2.0252664067957085,sg-dits,tju,CY25-1,87
408,2.025308847427368,2.024343967437744,0.0009648799896240234,0.0009531699470244348,2.022776002874889,2.025911932000599,sg-dits,tju,CY25-1,87
409,2.0243947505950928,2.0228137969970703,0.001580953598022461,0.000896461948286742,2.0213391170921384,2.024288476902002,sg-dits,tju,CY25-1,87
410,2.0219638347625732,2.019749164581299,0.002214670181274414,0.0014419939834624529,2.017377084478503,2.0221212446840946,sg-dits,tju,CY25-1,87
411,2.0217275619506836,2.0202505588531494,0.0014770030975341797,0.001739304163493216,2.017389403504203,2.023111714202096,sg-dits,tju,CY25-1,87
412,2.0202901363372803,2.019132614135742,0.001157522201538086,0.002131003886461258,2.0156271127425134,2.022638115528971,sg-dits,tju,CY25-1,87
413,2.0199780464172363,2.0185189247131348,0.0014591217041015625,0.00112636957783252,2.0166660467576003,2.0203718026686692,sg-dits,tju,CY25-1,87
414,2.0188677310943604,2.0180912017822266,0.0007765293121337891,0.0007892798748798668,2.016792836388049,2.019389567176404,sg-dits,tju,CY25-1,87
415,2.0174455642700195,2.016981840133667,0.00046372413635253906,0.0021268045529723167,2.0134832466440273,2.0204804336233066,sg-dits,tju,CY25-1,87
416,2.0177669525146484,2.014458656311035,0.0033082962036132812,0.0011795440223067999,2.0125183063943406,2.0163990062277297,sg-dits,tju,CY25-1,87
417,2.0176258087158203,2.015038013458252,0.0025877952575683594,0.001143967267125845,2.0131561873038297,2.016919839612674,sg-dits,tju,CY25-1,87
418,2.0158636569976807,2.014031171798706,0.0018324851989746094,0.0011487422743812203,2.012141490757349,2.015920852840063,sg-dits,tju,CY25-1,87
419,2.015030860900879,2.012012481689453,0.0030183792114257812,0.001420418731868267,2.0096758928755296,2.0143490705033766,sg-dits,tju,CY25-1,87
420,2.0140511989593506,2.011875629425049,0.002175569534301758,0.002501674694940448,2.007760374551872,2.0159908842982257,sg-dits,tju,CY25-1,87
421,2.0144894123077393,2.0109527111053467,0.003536701202392578,0.0022112810984253883,2.007315153698437,2.0145902685122565,sg-dits,tju,CY25-1,87
422,2.0128493309020996,2.0106825828552246,0.002166748046875,0.0013541067019104958,2.008455077330582,2.012910088379867,sg-dits,tju,CY25-1,87
423,2.0115060806274414,2.010344982147217,0.0011610984802246094,0.0015802050475031137,2.007745544844074,2.0129444194503594,sg-dits,tju,CY25-1,87
424,2.0114972591400146,2.007697105407715,0.0038001537322998047,0.0016476212767884135,2.004986768407398,2.010407442408032,sg-dits,tju,CY25-1,87
425,2.0106561183929443,2.0081753730773926,0.002480745315551758,0.0009195611928589642,2.0066626949151396,2.0096880512396456,sg-dits,tju,CY25-1,87
426,2.0095908641815186,2.0065557956695557,0.0030350685119628906,0.0014818825293332338,2.0041180989088025,2.008993492430309,sg-dits,tju,CY25-1,87
427,2.0087506771087646,2.0064151287078857,0.0023355484008789062,0.0016684483271092176,2.003670531209791,2.0091597262059806,sg-dits,tju,CY25-1,87
428,2.0087807178497314,2.0052385330200195,0.003542184829711914,0.00045229564420878887,2.004494506685296,2.005982559354743,sg-dits,tju,CY25-1,87
429,2.008526086807251,2.0065932273864746,0.0019328594207763672,0.0010709587950259447,2.004831500168657,2.0083549546042923,sg-dits,tju,CY25-1,87
430,2.006077527999878,2.00479793548584,0.001279592514038086,0.0012748630251735449,2.0027007858094295,2.0068950851622502,sg-dits,tju,CY25-1,87
431,2.0057718753814697,2.001458168029785,0.00431370735168457,0.001597612164914608,1.9988300960185006,2.0040862400410697,sg-dits,tju,CY25-1,87
432,2.004727363586426,2.0045619010925293,0.00016546249389648438,0.0019124303944408894,2.001415953093674,2.0077078490913847,sg-dits,tju,CY25-1,87
433,2.0052123069763184,2.0029497146606445,0.002262592315673828,0.0005402606911957264,2.0020609858236273,2.0038384434976617,sg-dits,tju,CY25-1,87
434,2.0048727989196777,2.000972032546997,0.003900766372680664,0.0005469915340654552,2.0000722314734594,2.001871833620535,sg-dits,tju,CY25-1,87
435,2.0036203861236572,2.000441551208496,0.003178834915161133,0.0012645807582885027,1.9983613158611115,2.0025217865558806,sg-dits,tju,CY25-1,87
436,2.0021533966064453,1.999645709991455,0.0025076866149902344,0.001123855821788311,1.9977969671646134,2.0014944528182967,sg-dits,tju,CY25-1,87
437,2.0010926723480225,1.9993178844451904,0.0017747879028320312,0.002054590731859207,1.995938082691282,2.002697686199099,sg-dits,tju,CY25-1,87
438,2.0003113746643066,1.9977890253067017,0.0025223493576049805,0.0005325571983121336,1.9969129687154783,1.998665081897925,sg-dits,tju,CY25-1,87
439,2.000063180923462,1.996741771697998,0.003321409225463867,0.0007912920555099845,1.995440096266684,1.998043447129312,sg-dits,tju,CY25-1,87
440,1.9998632669448853,1.996538519859314,0.003324747085571289,0.0014369013952091336,1.9941748170641949,1.998902222654433,sg-dits,tju,CY25-1,87
441,1.9989755153656006,1.9954142570495605,0.003561258316040039,0.0011187344789505005,1.9935739388316869,1.9972545752674342,sg-dits,tju,CY25-1,87
442,1.997335433959961,1.9958394765853882,0.001495957374572754,0.0022343373857438564,1.9921639915858396,1.9995149615849368,sg-dits,tju,CY25-1,87
443,1.9970093965530396,1.9940211772918701,0.0029882192611694336,0.0007488566334359348,1.992789308129868,1.9952530464538722,sg-dits,tju,CY25-1,87
444,1.9958934783935547,1.9947881698608398,0.0011053085327148438,0.0012638785410672426,1.9927090896607842,1.9968672500608955,sg-dits,tju,CY25-1,87
445,1.9965754747390747,1.990906000137329,0.0056694746017456055,0.0008661999017931521,1.9894811012988793,1.9923308989757789,sg-dits,tju,CY25-1,87
446,1.9952359199523926,1.9915311336517334,0.0037047863006591797,0.0011533190263435245,1.9896339238533982,1.9934283434500686,sg-dits,tju,CY25-1,87
447,1.994325041770935,1.989216685295105,0.005108356475830078,0.0012895786203444004,1.9870953284646384,1.9913380421255715,sg-dits,tju,CY25-1,87
448,1.9929327964782715,1.9919164180755615,0.001016378402709961,0.0008634458063170314,1.99049604972417,1.9933367864269531,sg-dits,tju,CY25-1,87
449,1.9921296834945679,1.9883756637573242,0.0037540197372436523,0.0008067016024142504,1.9870486396213527,1.9897026878932957,sg-dits,tju,CY25-1,87
450,1.9918301105499268,1.9880956411361694,0.0037344694137573242,0.0012570905964821577,1.9860277271049562,1.9901635551673826,sg-dits,tju,CY25-1,87
451,1.9915424585342407,1.9882643222808838,0.0032781362533569336,0.0014136028476059437,1.985938945596572,1.9905896989651957,sg-dits,tju,CY25-1,87
452,1.9897998571395874,1.9870871305465698,0.002712726593017578,0.0018625716911628842,1.984023200114607,1.9901510609785327,sg-dits,tju,CY25-1,87
453,1.9891939163208008,1.9862829446792603,0.0029109716415405273,0.001078930334188044,1.984508104279521,1.9880577850789996,sg-dits,tju,CY25-1,87
454,1.9970579147338867,1.9851891994476318,0.011868715286254883,0.001161979278549552,1.9832777435344178,1.987100655360846,sg-dits,tju,CY25-1,87
455,1.9935026168823242,1.9935386180877686,3.600120544433594e-05,0.0008045652648434043,1.9922151082271011,1.994862127948436,sg-dits,tju,CY25-1,87
456,1.991044521331787,1.9895445108413696,0.0015000104904174805,0.00084464973770082,1.9881550620228519,1.9909339596598874,sg-dits,tju,CY25-1,87
457,1.9895565509796143,1.9875099658966064,0.0020465850830078125,0.001199394348077476,1.985536962194019,1.9894829695991938,sg-dits,tju,CY25-1,87
458,1.9870597124099731,1.9871617555618286,0.00010204315185546875,0.0014452280011028051,1.9847843555000144,1.9895391556236428,sg-dits,tju,CY25-1,87
459,1.9858040809631348,1.9851444959640503,0.0006595849990844727,0.0009335415670648217,1.9836088200862287,1.9866801718418718,sg-dits,tju,CY25-1,87
460,1.9848055839538574,1.9839107990264893,0.0008947849273681641,0.0014930845936760306,1.9814546748698922,1.9863669231830863,sg-dits,tju,CY25-1,87
461,1.9851531982421875,1.9817184209823608,0.00343477725982666,0.0012927062343806028,1.9795919192268048,1.983844922737917,sg-dits,tju,CY25-1,87
462,1.982861876487732,1.9802427291870117,0.002619147300720215,0.0018435920355841517,1.9772100202884757,1.9832754380855477,sg-dits,tju,CY25-1,87
463,1.9810607433319092,1.9793121814727783,0.0017485618591308594,0.001225107698701322,1.9772968793084147,1.981327483637142,sg-dits,tju,CY25-1,87
464,1.980316162109375,1.9776309728622437,0.0026851892471313477,0.001274744514375925,1.9755340181360952,1.9797279275883921,sg-dits,tju,CY25-1,87
465,1.9789469242095947,1.978573203086853,0.0003737211227416992,0.0014963530702516437,1.976111702286289,1.981034703887417,sg-dits,tju,CY25-1,87
466,1.978130578994751,1.9764171838760376,0.001713395118713379,0.0016866043442860246,1.973642719729687,1.9791916480223881,sg-dits,tju,CY25-1,87
467,1.9773476123809814,1.975427269935608,0.0019203424453735352,0.0017844833200797439,1.9724917948740768,1.978362744997139,sg-dits,tju,CY25-1,87
468,1.9772961139678955,1.973524808883667,0.0037713050842285156,0.0008248431840911508,1.972167941845837,1.9748816759214969,sg-dits,tju,CY25-1,87
469,1.9756147861480713,1.9731742143630981,0.0024405717849731445,0.0013349310029298067,1.9709782528632787,1.9753701758629176,sg-dits,tju,CY25-1,87
470,1.9756680727005005,1.9732747077941895,0.002393364906311035,0.0015900954604148865,1.970659000761807,1.975890414826572,sg-dits,tju,CY25-1,87
471,1.9731273651123047,1.9719009399414062,0.0012264251708984375,0.0008097568061202765,1.9705688899953384,1.973232989887474,sg-dits,tju,CY25-1,87
472,1.9729174375534058,1.9700241088867188,0.0028933286666870117,0.001621165545657277,1.9673572915641124,1.972690926209325,sg-dits,tju,CY25-1,87
473,1.9731042385101318,1.972240924835205,0.0008633136749267578,0.0012337806401774287,1.9702113556821133,1.974270493988297,sg-dits,tju,CY25-1,87
474,1.9718399047851562,1.9676873683929443,0.004152536392211914,0.0010676468955352902,1.9659310892497888,1.9694436475361,sg-dits,tju,CY25-1,87
475,1.9704835414886475,1.9684560298919678,0.0020275115966796875,0.0017430067528039217,1.9655887837836052,1.9713232760003303,sg-dits,tju,CY25-1,87
476,1.970009684562683,1.9678258895874023,0.0021837949752807617,0.0016771010123193264,1.965067058422137,1.9705847207526677,sg-dits,tju,CY25-1,87
477,1.9692373275756836,1.9669221639633179,0.0023151636123657227,0.0017717020818963647,1.9640077140385983,1.9698366138880374,sg-dits,tju,CY25-1,87
478,1.9688763618469238,1.9670159816741943,0.0018603801727294922,0.0007893807487562299,1.9657174503424903,1.9683145130058983,sg-dits,tju,CY25-1,87
479,1.9677422046661377,1.964475393295288,0.0032668113708496094,0.0015900020953267813,1.9618598398484755,1.9670909467421007,sg-dits,tju,CY25-1,87
480,1.965641736984253,1.964424729347229,0.0012170076370239258,0.0009914841502904892,1.9627937379200011,1.966055720774457,sg-dits,tju,CY25-1,87
481,1.9671447277069092,1.964106559753418,0.003038167953491211,0.0011019411031156778,1.9622938666387926,1.9659192528680434,sg-dits,tju,CY25-1,87
482,1.9653453826904297,1.9628268480300903,0.0025185346603393555,0.0012266729027032852,1.9608089711051435,1.9648447249550371,sg-dits,tju,CY25-1,87
483,1.964956283569336,1.9608237743377686,0.004132509231567383,0.00120504479855299,1.9588414756441488,1.9628060730313883,sg-dits,tju,CY25-1,87
484,1.9636744260787964,1.9601653814315796,0.003509044647216797,0.0007244747830554843,1.9589736204134534,1.9613571424497058,sg-dits,tju,CY25-1,87
485,1.9628591537475586,1.9606399536132812,0.0022192001342773438,0.0010497831972315907,1.9589130602538354,1.9623668469727271,sg-dits,tju,CY25-1,87
486,1.9625674486160278,1.9589554071426392,0.003612041473388672,0.0016363922040909529,1.9562635419669094,1.9616472723183689,sg-dits,tju,CY25-1,87
487,1.963502049446106,1.9580628871917725,0.005439162254333496,0.0011955173686146736,1.9560962611204014,1.9600295132631436,sg-dits,tju,CY25-1,87
488,1.961043357849121,1.9572715759277344,0.0037717819213867188,0.0012074592523276806,1.9552853054576553,1.9592578463978134,sg-dits,tju,CY25-1,87
489,1.9602129459381104,1.9574986696243286,0.0027142763137817383,0.0008300330373458564,1.9561332652778947,1.9588640739707626,sg-dits,tju,CY25-1,87
490,1.9590601921081543,1.9561235904693604,0.0029366016387939453,0.0014356353785842657,1.9537619702715892,1.9584852106671315,sg-dits,tju,CY25-1,87
491,1.958256721496582,1.9579253196716309,0.0003314018249511719,0.0010420100297778845,1.9562112131726463,1.9596394261706154,sg-dits,tju,CY25-1,87
492,1.9577183723449707,1.954997181892395,0.0027211904525756836,0.001103606540709734,1.9531817491329275,1.9568126146518625,sg-dits,tju,CY25-1,87
493,1.9566073417663574,1.95488440990448,0.0017229318618774414,0.0005440960521809757,1.9539893718986423,1.9557794479103177,sg-dits,tju,CY25-1,87
494,1.9568352699279785,1.9534188508987427,0.00341641902923584,0.000689057691488415,1.9522853509962443,1.954552350801241,sg-dits,tju,CY25-1,87
495,1.9563958644866943,1.9531443119049072,0.0032515525817871094,0.001816083793528378,1.950156854064553,1.9561317697452614,sg-dits,tju,CY25-1,87
496,1.9550937414169312,1.9512771368026733,0.0038166046142578125,0.002266076859086752,1.9475494403694755,1.9550048332358712,sg-dits,tju,CY25-1,87
497,1.9537248611450195,1.9525526762008667,0.001172184944152832,0.0008683657506480813,1.9511242145410506,1.9539811378606828,sg-dits,tju,CY25-1,87
498,1.9528214931488037,1.9489414691925049,0.003880023956298828,0.001551707973703742,1.9463889095757623,1.9514940288092475,sg-dits,tju,CY25-1,87
499,1.95260751247406,1.9505022764205933,0.002105236053466797,0.0010784378973767161,1.9487282460794086,1.9522763067617779,sg-dits,tju,CY25-1,87
500,1.9537086486816406,1.9481133222579956,0.0055953264236450195,0.0006307517178356647,1.947075735682156,1.9491509088338352,sg-dits,tju,CY25-1,87
501,1.95133376121521,1.9497674703598022,0.0015662908554077148,0.0011231987737119198,1.9479198083770461,1.9516151323425583,sg-dits,tju,CY25-1,87
502,1.949868083000183,1.9477413892745972,0.0021266937255859375,0.0006385756423696876,1.9466909323428991,1.9487918462062952,sg-dits,tju,CY25-1,87
503,1.9498870372772217,1.9453035593032837,0.004583477973937988,0.001242980593815446,1.9432588562264572,1.9473482623801102,sg-dits,tju,CY25-1,87
504,1.9476494789123535,1.9474570751190186,0.00019240379333496094,0.0014658472500741482,1.9450457563926467,1.9498683938453905,sg-dits,tju,CY25-1,87
505,1.9463791847229004,1.9454340934753418,0.0009450912475585938,0.0026777423918247223,1.9410292072407902,1.9498389797098934,sg-dits,tju,CY25-1,87
506,1.9465479850769043,1.9448347091674805,0.0017132759094238281,0.0016143752727657557,1.9421790618437809,1.94749035649118,sg-dits,tju,CY25-1,87
507,1.9454419612884521,1.94454026222229,0.0009016990661621094,0.0015286847483366728,1.942025575811276,1.947054948633304,sg-dits,tju,CY25-1,87
508,1.945258617401123,1.941640853881836,0.0036177635192871094,0.0008861462119966745,1.9401831433631014,1.9430985644005705,sg-dits,tju,CY25-1,87
509,1.9442099332809448,1.9411040544509888,0.0031058788299560547,0.000995258567854762,1.9394668541068676,1.94274125479511,sg-dits,tju,CY25-1,87
510,1.9432653188705444,1.9405770301818848,0.002688288688659668,0.0011518026003614068,1.9386823149042902,1.9424717454594793,sg-dits,tju,CY25-1,87
511,1.9417932033538818,1.940136432647705,0.0016567707061767578,0.0017268694937229156,1.9372957323305309,1.9429771329648793,sg-dits,tju,CY25-1,87
512,1.9413509368896484,1.9388940334320068,0.0024569034576416016,0.001047933823429048,1.937170182292466,1.9406178845715476,sg-dits,tju,CY25-1,87
513,1.9411380290985107,1.9377957582473755,0.003342270851135254,0.0007588058360852301,1.9365475226470152,1.9390439938477357,sg-dits,tju,CY25-1,87
514,1.939990758895874,1.9383906126022339,0.0016001462936401367,0.0009027185151353478,1.9369056406448362,1.9398755845596316,sg-dits,tju,CY25-1,87
515,1.9393317699432373,1.9348042011260986,0.004527568817138672,0.0012046879855915904,1.9328224893898005,1.9367859128623968,sg-dits,tju,CY25-1,87
516,1.9387733936309814,1.9351671934127808,0.0036062002182006836,0.0009783407440409064,1.9335578228888335,1.936776563936728,sg-dits,tju,CY25-1,87
517,1.938096284866333,1.9357142448425293,0.002382040023803711,0.0015368008753284812,1.933186207402614,1.9382422822824446,sg-dits,tju,CY25-1,87
518,1.9367966651916504,1.9352043867111206,0.0015922784805297852,0.00040733348578214645,1.934534323127009,1.9358744502952323,sg-dits,tju,CY25-1,87
519,1.9367446899414062,1.9328296184539795,0.003915071487426758,0.0013854914577677846,1.9305504850059514,1.9351087519020076,sg-dits,tju,CY25-1,87
520,1.9359285831451416,1.93391752243042,0.0020110607147216797,0.0009619038319215178,1.932335190626909,1.9354998542339308,sg-dits,tju,CY25-1,87
521,1.934741497039795,1.9323359727859497,0.002405524253845215,0.0013702863361686468,1.9300818517629523,1.934590093808947,sg-dits,tju,CY25-1,87
522,1.9344141483306885,1.9321215152740479,0.002292633056640625,0.0009319780510850251,1.930588411380013,1.9336546191680828,sg-dits,tju,CY25-1,87
523,1.9344565868377686,1.9296455383300781,0.00481104850769043,0.0017488999292254448,1.9267685979465023,1.932522478713654,sg-dits,tju,CY25-1,87
524,1.933354377746582,1.9290962219238281,0.004258155822753906,0.0018385695293545723,1.9260717750480398,1.9321206687996164,sg-dits,tju,CY25-1,87
525,1.932815432548523,1.9294815063476562,0.0033339262008666992,0.0019385113846510649,1.9262926551199053,1.9326703575754072,sg-dits,tju,CY25-1,87
526,1.931801438331604,1.9301011562347412,0.001700282096862793,0.0008988379267975688,1.9286225678451592,1.9315797446243232,sg-dits,tju,CY25-1,87
527,1.9309474229812622,1.9274368286132812,0.003510594367980957,0.002049307571724057,1.924065717657795,1.9308079395687674,sg-dits,tju,CY25-1,87
528,1.930608868598938,1.929903507232666,0.0007053613662719727,0.0023635076358914375,1.9260155371716245,1.9337914772937075,sg-dits,tju,CY25-1,87
529,1.9288697242736816,1.9265127182006836,0.002357006072998047,0.001102288137190044,1.924699454215006,1.9283259821863612,sg-dits,tju,CY25-1,87
530,1.9298564195632935,1.9260015487670898,0.0038548707962036133,0.0007355643901973963,1.9247915453452151,1.9272115521889646,sg-dits,tju,CY25-1,87
531,1.9291374683380127,1.925865650177002,0.003271818161010742,0.0015784126007929444,1.9232691614486976,1.9284621389053063,sg-dits,tju,CY25-1,87
532,1.927603006362915,1.9249513149261475,0.002651691436767578,0.0019018317107111216,1.9218228017620276,1.9280798280902673,sg-dits,tju,CY25-1,87
533,1.9264482259750366,1.9255023002624512,0.0009459257125854492,0.0014690388925373554,1.9230857312842273,1.927918869240675,sg-dits,tju,CY25-1,87
534,1.9257996082305908,1.9228763580322266,0.002923250198364258,0.001143558183684945,1.920995204820065,1.9247575112443882,sg-dits,tju,CY25-1,87
535,1.9257118701934814,1.9222872257232666,0.0034246444702148438,0.0013786200433969498,1.9200193957518785,1.9245550556946547,sg-dits,tju,CY25-1,87
536,1.926126480102539,1.9220976829528809,0.004028797149658203,0.0013992971507832408,1.9197958391398424,1.9243995267659193,sg-dits,tju,CY25-1,87
537,1.9254939556121826,1.9204789400100708,0.005015015602111816,0.0012025980977341533,1.918500666139298,1.9224572138808436,sg-dits,tju,CY25-1,87
538,1.9235401153564453,1.9224765300750732,0.0010635852813720703,0.0008285747026093304,1.921113524689281,1.9238395354608655,sg-dits,tju,CY25-1,87
539,1.9226735830307007,1.9209136962890625,0.0017598867416381836,0.001072628889232874,1.9191492217662744,1.9226781708118506,sg-dits,tju,CY25-1,87
540,1.9218956232070923,1.9168810844421387,0.005014538764953613,0.0017493661725893617,1.9140033770882292,1.9197587917960481,sg-dits,tju,CY25-1,87
541,1.9216618537902832,1.9161964654922485,0.005465388298034668,0.0011118116090074182,1.9143675353954313,1.9180253955890658,sg-dits,tju,CY25-1,87
542,1.9210972785949707,1.9200177192687988,0.001079559326171875,0.00046049404772929847,1.9192602065602842,1.9207752319773135,sg-dits,tju,CY25-1,87
543,1.9209239482879639,1.9168483018875122,0.00407564640045166,0.0018107473151758313,1.913869622554048,1.9198269812209765,sg-dits,tju,CY25-1,87
544,1.9209251403808594,1.915799617767334,0.005125522613525391,0.001637360081076622,1.913106160433963,1.918493075100705,sg-dits,tju,CY25-1,87
545,1.9194798469543457,1.9157992601394653,0.003680586814880371,0.0009131728438660502,1.9142970908113057,1.917301429467625,sg-dits,tju,CY25-1,87
546,1.9183876514434814,1.9144831895828247,0.0039044618606567383,0.0019653283525258303,1.9112502244429197,1.9177161547227297,sg-dits,tju,CY25-1,87
547,1.91717529296875,1.913789987564087,0.003385305404663086,0.0013602429535239935,1.91155238790554,1.9160275872226338,sg-dits,tju,CY25-1,87
548,1.9165735244750977,1.9133093357086182,0.003264188766479492,0.0014159362763166428,1.9109801205340773,1.915638550883159,sg-dits,tju,CY25-1,87
549,1.9156620502471924,1.9126580953598022,0.0030039548873901367,0.0011232428951188922,1.9108103607973317,1.9145058299222728,sg-dits,tju,CY25-1,87
550,1.9160603284835815,1.9116569757461548,0.004403352737426758,0.0010175408096984029,1.9099831211142009,1.9133308303781087,sg-dits,tju,CY25-1,87
551,1.9157917499542236,1.911550521850586,0.004241228103637695,0.0029284704942256212,1.9067331878875848,1.916367855813587,sg-dits,tju,CY25-1,87
552,1.9226555824279785,1.9101855754852295,0.012470006942749023,0.0004309446376282722,1.909476671556331,1.910894479414128,sg-dits,tju,CY25-1,87
553,1.9200544357299805,1.9206796884536743,0.0006252527236938477,0.00219935760833323,1.9170617451879661,1.9242976317193825,sg-dits,tju,CY25-1,87
554,1.9190106391906738,1.91581392288208,0.00319671630859375,0.0008972248178906739,1.91433798805665,1.9172898577075101,sg-dits,tju,CY25-1,87
555,1.9150726795196533,1.9147768020629883,0.00029587745666503906,0.0012822566786780953,1.9126674898265628,1.9168861142994138,sg-dits,tju,CY25-1,87
556,1.9140900373458862,1.9137698411941528,0.00032019615173339844,0.0017394589958712459,1.9109084311459446,1.9166312512423611,sg-dits,tju,CY25-1,87
557,1.9127731323242188,1.913271188735962,0.0004980564117431641,0.0020940392278134823,1.9098264942062086,1.9167158832657152,sg-dits,tju,CY25-1,87
558,1.9119791984558105,1.910306692123413,0.001672506332397461,0.0008426522836089134,1.9089205291168765,1.9116928551299497,sg-dits,tju,CY25-1,87
559,1.9115259647369385,1.9094574451446533,0.0020685195922851562,0.0007869320106692612,1.9081629419871025,1.9107519483022042,sg-dits,tju,CY25-1,87
560,1.9096052646636963,1.9081873893737793,0.0014178752899169922,0.001748455222696066,1.9053111805324443,1.9110635982151143,sg-dits,tju,CY25-1,87
561,1.9084419012069702,1.9057395458221436,0.00270235538482666,0.001343390322290361,1.9035296687419758,1.9079494229023113,sg-dits,tju,CY25-1,87
562,1.907515525817871,1.9045113325119019,0.0030041933059692383,0.0006410142523236573,1.9034568640668295,1.9055658009569743,sg-dits,tju,CY25-1,87
563,1.9070026874542236,1.9066327810287476,0.0003699064254760742,0.0012878088746219873,1.9045143354299945,1.9087512266275006,sg-dits,tju,CY25-1,87
564,1.906374216079712,1.9033591747283936,0.0030150413513183594,0.0010583139955997467,1.901618248205632,1.905100101251155,sg-dits,tju,CY25-1,87
565,1.9050309658050537,1.9030083417892456,0.0020226240158081055,0.0006157279713079333,1.901995469276444,1.9040212143020472,sg-dits,tju,CY25-1,87
566,1.9056247472763062,1.9014732837677002,0.004151463508605957,0.0023342410568147898,1.89763345722924,1.9053131103061605,sg-dits,tju,CY25-1,87
567,1.903443455696106,1.8993626832962036,0.004080772399902344,0.0016069784760475159,1.8967192037031055,1.9020061628893017,sg-dits,tju,CY25-1,87
568,1.9027858972549438,1.9000649452209473,0.002720952033996582,0.0009688679128885269,1.8984711575042457,1.9016587329376489,sg-dits,tju,CY25-1,87
569,1.901738166809082,1.8988418579101562,0.0028963088989257812,0.0013614168856292963,1.8966023271332961,1.9010813886870164,sg-dits,tju,CY25-1,87
570,1.8998970985412598,1.8983511924743652,0.0015459060668945312,0.0019955462776124477,1.8950685188476928,1.9016338661010377,sg-dits,tju,CY25-1,87
571,1.899892807006836,1.8994368314743042,0.0004559755325317383,0.0012291863095015287,1.8974148199951741,1.9014588429534343,sg-dits,tju,CY25-1,87
572,1.8996578454971313,1.8951013088226318,0.004556536674499512,0.0011268171947449446,1.8932476945372765,1.8969549231079872,sg-dits,tju,CY25-1,87
573,1.8978779315948486,1.8949520587921143,0.002925872802734375,0.001753512886352837,1.892067530094064,1.8978365874901646,sg-dits,tju,CY25-1,87
574,1.8992279767990112,1.8955621719360352,0.0036658048629760742,0.0010364113841205835,1.8938572752091567,1.8972670686629136,sg-dits,tju,CY25-1,87
575,1.8967382907867432,1.8961551189422607,0.0005831718444824219,0.0011574523523449898,1.8942511098226533,1.8980591280618682,sg-dits,tju,CY25-1,87
576,1.8960522413253784,1.8932344913482666,0.0028177499771118164,0.00133264041505754,1.891042297865497,1.8954266848310362,sg-dits,tju,CY25-1,87
577,1.8956739902496338,1.892849087715149,0.0028249025344848633,0.0005503895226866007,1.8919436969503294,1.8937544784799685,sg-dits,tju,CY25-1,87
578,1.8950237035751343,1.892411231994629,0.002612471580505371,0.0018871906213462353,1.8893068034225144,1.8955156605667434,sg-dits,tju,CY25-1,87
579,1.8946141004562378,1.8900490999221802,0.004565000534057617,0.0016232256311923265,1.8873788937588687,1.8927193060854917,sg-dits,tju,CY25-1,87
580,1.8954992294311523,1.8898779153823853,0.00562131404876709,0.0019555441103875637,1.8866610453207977,1.8930947854439728,sg-dits,tju,CY25-1,87
581,1.891052484512329,1.8909389972686768,0.00011348724365234375,0.002083793981000781,1.8875111561699305,1.894366838367423,sg-dits,tju,CY25-1,87
582,1.8917584419250488,1.887969732284546,0.0037887096405029297,0.0008135753450915217,1.8866314008418703,1.8893080637272215,sg-dits,tju,CY25-1,87
583,1.890708327293396,1.8888019323349,0.0019063949584960938,0.0010806770296767354,1.8870242186210817,1.890579646048718,sg-dits,tju,CY25-1,87
584,1.8898711204528809,1.8875266313552856,0.002344489097595215,0.002363413106650114,1.8836388167948461,1.8914144459157252,sg-dits,tju,CY25-1,87
585,1.8894637823104858,1.8876873254776,0.0017764568328857422,0.0010986520210281014,1.885880042903009,1.8894946080521913,sg-dits,tju,CY25-1,87
586,1.8898260593414307,1.8864996433258057,0.003326416015625,0.0017430278239771724,1.8836323625553633,1.889366924096248,sg-dits,tju,CY25-1,87
587,1.888260841369629,1.8851410150527954,0.003119826316833496,0.0024529341608285904,1.8811059383582325,1.8891760917473583,sg-dits,tju,CY25-1,87
588,1.8882253170013428,1.8843815326690674,0.0038437843322753906,0.0020807634573429823,1.8809586767817381,1.8878043885563967,sg-dits,tju,CY25-1,87
589,1.8861478567123413,1.886236548423767,8.869171142578125e-05,0.0014491747133433819,1.8838526560203173,1.888620440827217,sg-dits,tju,CY25-1,87
590,1.8854217529296875,1.8834589719772339,0.0019627809524536133,0.001880747964605689,1.8803651415754574,1.8865528023790104,sg-dits,tju,CY25-1,87
591,1.8851306438446045,1.8833258152008057,0.0018048286437988281,0.0010407400550320745,1.8816137978102778,1.8850378325913335,sg-dits,tju,CY25-1,87
592,1.8856250047683716,1.8821649551391602,0.0034600496292114258,0.0013333165552467108,1.8799716494057792,1.884358260872541,sg-dits,tju,CY25-1,87
593,1.8818778991699219,1.8813698291778564,0.0005080699920654297,0.0007619406678713858,1.880116436779208,1.8826232215765049,sg-dits,tju,CY25-1,87
594,1.882643461227417,1.8794269561767578,0.0032165050506591797,0.001981185283511877,1.8761679063853807,1.882686005968135,sg-dits,tju,CY25-1,87
595,1.8853085041046143,1.8795936107635498,0.005714893341064453,0.0015257662162184715,1.8770837253378705,1.8821034961892291,sg-dits,tju,CY25-1,87
596,1.8829357624053955,1.878859519958496,0.004076242446899414,0.0009747024741955101,1.8772561343884444,1.8804629055285478,sg-dits,tju,CY25-1,87
597,1.8815555572509766,1.8785721063613892,0.0029834508895874023,0.001803652266971767,1.8756050983822206,1.8815391143405578,sg-dits,tju,CY25-1,87
598,1.880825161933899,1.878664255142212,0.0021609067916870117,0.0018637835746631026,1.8755983311618911,1.8817301791225327,sg-dits,tju,CY25-1,87
599,1.880078911781311,1.8774473667144775,0.002631545066833496,0.0009187962859869003,1.875935946824029,1.878958786604926,sg-dits,tju,CY25-1,87
600,1.8792039155960083,1.8773318529129028,0.0018720626831054688,0.0017402925295755267,1.8744690717017511,1.8801946341240545,sg-dits,tju,CY25-1,87
601,1.8797781467437744,1.876997709274292,0.002780437469482422,0.0006559223984368145,1.8759187169288634,1.8780767016197206,sg-dits,tju,CY25-1,87
602,1.8780364990234375,1.8755311965942383,0.0025053024291992188,0.0005133349914103746,1.8746867605333681,1.8763756326551084,sg-dits,tju,CY25-1,87
603,1.877668023109436,1.8762849569320679,0.001383066177368164,0.0013818335719406605,1.8740118407062254,1.8785580731579103,sg-dits,tju,CY25-1,87
604,1.8763889074325562,1.8747543096542358,0.0016345977783203125,0.002225183881819248,1.8710938821686431,1.8784147371398285,sg-dits,tju,CY25-1,87
605,1.8760805130004883,1.871504306793213,0.004576206207275391,0.0004636723315343261,1.870741565807839,1.8722670477785868,sg-dits,tju,CY25-1,87
606,1.8745611906051636,1.872391700744629,0.002169489860534668,0.00034467497607693076,1.8718247104089825,1.8729586910802754,sg-dits,tju,CY25-1,87
607,1.8739423751831055,1.8699846267700195,0.0039577484130859375,0.0010820915922522545,1.8682045861007646,1.8717646674392745,sg-dits,tju,CY25-1,87
608,1.8732666969299316,1.8686484098434448,0.004618287086486816,0.0005412044702097774,1.8677581284899498,1.8695386911969398,sg-dits,tju,CY25-1,87
609,1.8722264766693115,1.871442198753357,0.0007842779159545898,0.0016732725780457258,1.8686896653624716,1.8741947321442423,sg-dits,tju,CY25-1,87
610,1.8719234466552734,1.8697857856750488,0.0021376609802246094,0.0012607625685632229,1.8677118312497623,1.8718597401003354,sg-dits,tju,CY25-1,87
611,1.871401309967041,1.8692911863327026,0.002110123634338379,0.0012944034533575177,1.8671618926519296,1.8714204800134757,sg-dits,tju,CY25-1,87
612,1.870593547821045,1.8665940761566162,0.003999471664428711,0.0015581545885652304,1.8640309118584264,1.869157240454806,sg-dits,tju,CY25-1,87
613,1.8698809146881104,1.8674614429473877,0.0024194717407226562,0.001790388603694737,1.8645162536943098,1.8704066322004655,sg-dits,tju,CY25-1,87
614,1.869480848312378,1.8654613494873047,0.004019498825073242,0.0015819813124835491,1.8628589902282693,1.86806370874634,sg-dits,tju,CY25-1,87
615,1.868668556213379,1.8652926683425903,0.0033758878707885742,0.00192266667727381,1.8621298816584748,1.8684554550267058,sg-dits,tju,CY25-1,87
616,1.867822289466858,1.8656198978424072,0.0022023916244506836,0.0014484352432191372,1.8632372218673117,1.8680025738175028,sg-dits,tju,CY25-1,87
617,1.8665087223052979,1.8643440008163452,0.0021647214889526367,0.0023146262392401695,1.860536440652795,1.8681515609798953,sg-dits,tju,CY25-1,87
618,1.8674147129058838,1.864176869392395,0.0032378435134887695,0.001618209294974804,1.8615149151021615,1.8668388236826285,sg-dits,tju,CY25-1,87
619,1.8659852743148804,1.8629732131958008,0.00301206111907959,0.0014462241670116782,1.8605941744410666,1.865352251950535,sg-dits,tju,CY25-1,87
620,1.8653559684753418,1.8616747856140137,0.003681182861328125,0.001169959781691432,1.8597502017731313,1.863599369454896,sg-dits,tju,CY25-1,87
621,1.8659114837646484,1.8607449531555176,0.005166530609130859,0.002073520328849554,1.85733401221456,1.864155894096475,sg-dits,tju,CY25-1,87
622,1.8644630908966064,1.8607438802719116,0.0037192106246948242,0.0013893137220293283,1.8584584591991733,1.86302930134465,sg-dits,tju,CY25-1,87
623,1.863205909729004,1.8598829507827759,0.0033229589462280273,0.0012335828505456448,1.8578537069936283,1.8619121945719235,sg-dits,tju,CY25-1,87
624,1.8629939556121826,1.8603403568267822,0.0026535987854003906,0.0018157525919377804,1.8573534438130446,1.8633272698405199,sg-dits,tju,CY25-1,87
625,1.8619582653045654,1.859508752822876,0.002449512481689453,0.001244959537871182,1.8574607943830779,1.861556711262674,sg-dits,tju,CY25-1,87
626,1.8602306842803955,1.8592113256454468,0.0010193586349487305,0.0006304103881120682,1.8581743005570024,1.8602483507338912,sg-dits,tju,CY25-1,87
627,1.8606966733932495,1.856374979019165,0.004321694374084473,0.0021629836410284042,1.8528168709296733,1.8599330871086568,sg-dits,tju,CY25-1,87
628,1.8623048067092896,1.8560075759887695,0.0062972307205200195,0.001624863944016397,1.8533346748008626,1.8586804771766765,sg-dits,tju,CY25-1,87
629,1.8604801893234253,1.8554027080535889,0.005077481269836426,0.0017796963220462203,1.8524751076038228,1.858330308503355,sg-dits,tju,CY25-1,87
630,1.8582736253738403,1.8565709590911865,0.0017026662826538086,0.0024264624807983637,1.8525794283102732,1.8605624898720998,sg-dits,tju,CY25-1,87
631,1.8574248552322388,1.8565421104431152,0.0008827447891235352,0.0011085084406659007,1.85471861405822,1.8583656068280106,sg-dits,tju,CY25-1,87
632,1.8577903509140015,1.8536434173583984,0.004146933555603027,0.0009139403700828552,1.8521399854496121,1.8551468492671848,sg-dits,tju,CY25-1,87
633,1.8564388751983643,1.853808045387268,0.0026308298110961914,0.001157222781330347,1.8519044139119796,1.8557116768625566,sg-dits,tju,CY25-1,87
634,1.8561798334121704,1.8540329933166504,0.0021468400955200195,0.0011453962652012706,1.8521488164603943,1.8559171701729065,sg-dits,tju,CY25-1,87
635,1.855218529701233,1.8538413047790527,0.0013772249221801758,0.0024171890690922737,1.849865028760396,1.8578175807977095,sg-dits,tju,CY25-1,87
636,1.8543416261672974,1.8521080017089844,0.0022336244583129883,0.0007325821206904948,1.8509029041204486,1.8533130992975202,sg-dits,tju,CY25-1,87
637,1.853939175605774,1.8518626689910889,0.0020765066146850586,0.0013381114695221186,1.849661475623725,1.8540638623584527,sg-dits,tju,CY25-1,87
638,1.8550941944122314,1.8512319326400757,0.0038622617721557617,0.0019146527629345655,1.8480823288450483,1.854381536435103,sg-dits,tju,CY25-1,87
639,1.8530081510543823,1.8505154848098755,0.002492666244506836,0.0012003799201920629,1.8485408598411595,1.8524901097785915,sg-dits,tju,CY25-1,87
640,1.8526594638824463,1.8493964672088623,0.0032629966735839844,0.002033586846664548,1.8460512168460992,1.8527417175716254,sg-dits,tju,CY25-1,87
641,1.8513692617416382,1.8476500511169434,0.0037192106246948242,0.001704248134046793,1.8448465629364363,1.8504535392974504,sg-dits,tju,CY25-1,87
642,1.8504713773727417,1.8466557264328003,0.0038156509399414062,0.0015478050336241722,1.8441095871524886,1.849201865713112,sg-dits,tju,CY25-1,87
643,1.8500938415527344,1.8462871313095093,0.0038067102432250977,0.0008639675215817988,1.8448659047365072,1.8477083578825113,sg-dits,tju,CY25-1,87
644,1.8491795063018799,1.8469572067260742,0.002222299575805664,0.0008288517128676176,1.845593745658407,1.8483206677937414,sg-dits,tju,CY25-1,87
645,1.8495664596557617,1.843158483505249,0.006407976150512695,0.001281558070331812,1.8410503204795532,1.8452666465309449,sg-dits,tju,CY25-1,87
646,1.85109281539917,1.8457037210464478,0.005389094352722168,0.0012917877174913883,1.8435787302511744,1.8478287118417211,sg-dits,tju,CY25-1,87
647,1.8483264446258545,1.8467247486114502,0.0016016960144042969,0.001679499982856214,1.8439619711396518,1.8494875260832486,sg-dits,tju,CY25-1,87
648,1.8469535112380981,1.8452343940734863,0.0017191171646118164,0.001896187663078308,1.8421151653677226,1.84835362277925,sg-dits,tju,CY25-1,87
649,1.8462660312652588,1.8438273668289185,0.002438664436340332,0.0007809289963915944,1.8425427386298543,1.8451119950279826,sg-dits,tju,CY25-1,87
650,1.854555368423462,1.8427766561508179,0.011778712272644043,0.0008859344525262713,1.8413192939764123,1.8442340183252235,sg-dits,tju,CY25-1,87
651,1.8521203994750977,1.851969838142395,0.00015056133270263672,0.0010789984371513128,1.850194885713281,1.853744790571509,sg-dits,tju,CY25-1,87
652,1.8490126132965088,1.847785234451294,0.0012273788452148438,0.0033964677713811398,1.842198044967372,1.8533724239352158,sg-dits,tju,CY25-1,87
653,1.84866201877594,1.847705602645874,0.000956416130065918,0.002811772283166647,1.843080237240065,1.852330968051683,sg-dits,tju,CY25-1,87
654,1.8463844060897827,1.8448944091796875,0.0014899969100952148,0.0012499482836574316,1.842838244253071,1.846950574106304,sg-dits,tju,CY25-1,87
655,1.847454309463501,1.8445981740951538,0.002856135368347168,0.0011314068688079715,1.8427370097959648,1.8464593383943428,sg-dits,tju,CY25-1,87
656,1.8452742099761963,1.8423643112182617,0.0029098987579345703,0.0031531555578112602,1.8371773703256622,1.8475512521108612,sg-dits,tju,CY25-1,87
657,1.843449354171753,1.8415884971618652,0.0018608570098876953,0.0005252688424661756,1.8407244299160084,1.842452564407722,sg-dits,tju,CY25-1,87
658,1.8422784805297852,1.839316487312317,0.0029619932174682617,0.0015900867292657495,1.8367007946426748,1.841932179981959,sg-dits,tju,CY25-1,87
659,1.8416839838027954,1.8395601511001587,0.0021238327026367188,0.0014428729191422462,1.8371866251481697,1.8419336770521477,sg-dits,tju,CY25-1,87
660,1.840781569480896,1.8360612392425537,0.004720330238342285,0.002185259712859988,1.832466487014899,1.8396559914702084,sg-dits,tju,CY25-1,87
661,1.8396387100219727,1.8390713930130005,0.000567317008972168,0.0019529506098479033,1.8358587892598006,1.8422839967662004,sg-dits,tju,CY25-1,87
662,1.8391499519348145,1.8350626230239868,0.004087328910827637,0.0010545366676524282,1.8333279102056985,1.8367973358422751,sg-dits,tju,CY25-1,87
663,1.8375072479248047,1.8356239795684814,0.0018832683563232422,0.0014426606940105557,1.8332508027268342,1.8379971564101287,sg-dits,tju,CY25-1,87
664,1.8377277851104736,1.8348677158355713,0.0028600692749023438,0.0018620691262185574,1.8318046121229417,1.837930819548201,sg-dits,tju,CY25-1,87
665,1.835187554359436,1.8335797786712646,0.0016077756881713867,0.0009196407627314329,1.8320669696165715,1.8350925877259578,sg-dits,tju,CY25-1,87
666,1.8348612785339355,1.8327809572219849,0.0020803213119506836,0.0011381005169823766,1.8309087818715488,1.834653132572421,sg-dits,tju,CY25-1,87
667,1.833409070968628,1.831490397453308,0.0019186735153198242,0.001068818848580122,1.8297321904473938,1.8332486044592224,sg-dits,tju,CY25-1,87
668,1.8330087661743164,1.8310366868972778,0.0019720792770385742,0.001376527943648398,1.8287722984299761,1.8333010753645795,sg-dits,tju,CY25-1,87
669,1.8319861888885498,1.8287044763565063,0.003281712532043457,0.0011423586402088404,1.8268252963933629,1.8305836563196498,sg-dits,tju,CY25-1,87
670,1.831925868988037,1.8277488946914673,0.004176974296569824,0.0006762199918739498,1.8266365128048347,1.8288612765780998,sg-dits,tju,CY25-1,87
671,1.834084391593933,1.8289493322372437,0.005135059356689453,0.0025276653468608856,1.8247913227416575,1.8331073417328299,sg-dits,tju,CY25-1,87
672,1.8287379741668701,1.8279175758361816,0.0008203983306884766,0.0018169211689382792,1.8249287405132781,1.8309064111590851,sg-dits,tju,CY25-1,87
673,1.8291864395141602,1.825718879699707,0.003467559814453125,0.0013270522467792034,1.8235358787537552,1.8279018806456588,sg-dits,tju,CY25-1,87
674,1.8275262117385864,1.8265568017959595,0.0009694099426269531,0.0015072028618305922,1.8240774530882482,1.8290361505036707,sg-dits,tju,CY25-1,87
675,1.827569603919983,1.8252203464508057,0.002349257469177246,0.000699177966453135,1.8240701986959902,1.8263704942056211,sg-dits,tju,CY25-1,87
676,1.8263766765594482,1.824898600578308,0.0014780759811401367,0.0016850995598360896,1.8221266118023778,1.8276705893542384,sg-dits,tju,CY25-1,87
677,1.8261525630950928,1.8277926445007324,0.0016400814056396484,0.0014506495790556073,1.8254063259431859,1.830178963058279,sg-dits,tju,CY25-1,87
678,1.8251615762710571,1.821699619293213,0.0034619569778442383,0.0014768405817449093,1.8192702165362424,1.8241290220501833,sg-dits,tju,CY25-1,87
679,1.8246829509735107,1.822434663772583,0.0022482872009277344,0.002381975529715419,1.818516314026201,1.826353013518965,sg-dits,tju,CY25-1,87
680,1.8255023956298828,1.8209879398345947,0.004514455795288086,0.0016410788521170616,1.818288365122862,1.8236875145463274,sg-dits,tju,CY25-1,87
681,1.823629379272461,1.8216073513031006,0.0020220279693603516,0.001441474538296461,1.8192361256876028,1.8239785769185983,sg-dits,tju,CY25-1,87
682,1.8231655359268188,1.8201904296875,0.0029751062393188477,0.002043645828962326,1.816828632298857,1.823552227076143,sg-dits,tju,CY25-1,87
683,1.8211166858673096,1.8195010423660278,0.0016156435012817383,0.0010708144400268793,1.8177395526121836,1.821262532119872,sg-dits,tju,CY25-1,87
684,1.8208025693893433,1.8201179504394531,0.0006846189498901367,0.0015275819459930062,1.8176050781382946,1.8226308227406116,sg-dits,tju,CY25-1,87
685,1.82034432888031,1.8164281845092773,0.003916144371032715,0.0008388591813854873,1.8150482611558982,1.8178081078626565,sg-dits,tju,CY25-1,87
686,1.819683313369751,1.817441463470459,0.002241849899291992,0.002592317759990692,1.8131771007552744,1.8217058261856436,sg-dits,tju,CY25-1,87
687,1.8216675519943237,1.8181066513061523,0.0035609006881713867,0.0010514664463698864,1.816376989001874,1.8198363136104307,sg-dits,tju,CY25-1,87
688,1.8193151950836182,1.816291093826294,0.0030241012573242188,0.0012558645103126764,1.8142251967068297,1.8183569909457582,sg-dits,tju,CY25-1,87
689,1.8176212310791016,1.815358281135559,0.0022629499435424805,0.0013285249006003141,1.8131728576740715,1.8175437045970466,sg-dits,tju,CY25-1,87
690,1.8165982961654663,1.8139240741729736,0.0026742219924926758,0.0010615817736834288,1.8121777721552643,1.815670376190683,sg-dits,tju,CY25-1,87
691,1.8163087368011475,1.813633918762207,0.0026748180389404297,0.0016334770480170846,1.810946849018219,1.816320988506195,sg-dits,tju,CY25-1,87
692,1.8153626918792725,1.8124058246612549,0.002956867218017578,0.0019125825492665172,1.8092596263677114,1.8155520229547983,sg-dits,tju,CY25-1,87
693,1.8147268295288086,1.8122401237487793,0.002486705780029297,0.0013306272448971868,1.8100512419309234,1.8144290055666352,sg-dits,tju,CY25-1,87
694,1.8145276308059692,1.8103306293487549,0.0041970014572143555,0.0023025290574878454,1.8065429690491874,1.8141182896483223,sg-dits,tju,CY25-1,87
695,1.8130099773406982,1.810374140739441,0.0026358366012573242,0.0019132460001856089,1.8072268510691356,1.8135214304097462,sg-dits,tju,CY25-1,87
696,1.8125535249710083,1.8109233379364014,0.0016301870346069336,0.001526224659755826,1.808412698371103,1.8134339775016997,sg-dits,tju,CY25-1,87
697,1.811809778213501,1.8104363679885864,0.0013734102249145508,0.0022051886189728975,1.806808832710376,1.814063903266797,sg-dits,tju,CY25-1,87
698,1.8114923238754272,1.8092617988586426,0.002230525016784668,0.001328064245171845,1.8070771331753348,1.8114464645419504,sg-dits,tju,CY25-1,87
699,1.8113542795181274,1.807644248008728,0.003710031509399414,0.00122619210742414,1.8056271619920152,1.8096613340254408,sg-dits,tju,CY25-1,87
700,1.809814691543579,1.807248830795288,0.0025658607482910156,0.0016096922336146235,1.804600887070992,1.8098967745195842,sg-dits,tju,CY25-1,87
701,1.809096336364746,1.8061898946762085,0.0029064416885375977,0.0008164896862581372,1.8048467691423138,1.8075330202101032,sg-dits,tju,CY25-1,87
702,1.8078386783599854,1.8061286211013794,0.001710057258605957,0.0007338473224081099,1.804921442256018,1.8073357999467408,sg-dits,tju,CY25-1,87
703,1.8072706460952759,1.805102825164795,0.002167820930480957,0.0023845757823437452,1.8011801980028395,1.8090254523267504,sg-dits,tju,CY25-1,87
704,1.8067266941070557,1.8033909797668457,0.003335714340209961,0.0009811943164095283,1.801776915116352,1.8050050444173393,sg-dits,tju,CY25-1,87
705,1.8061678409576416,1.8039095401763916,0.00225830078125,0.0011078978423029184,1.8020870482258033,1.8057320321269799,sg-dits,tju,CY25-1,87
706,1.8050107955932617,1.8010973930358887,0.003913402557373047,0.001948869088664651,1.7978915033850353,1.804303282686742,sg-dits,tju,CY25-1,87
707,1.804253101348877,1.8024897575378418,0.0017633438110351562,0.0012844545999541879,1.800376829720917,1.8046026853547665,sg-dits,tju,CY25-1,87
708,1.8042149543762207,1.8010945320129395,0.00312042236328125,0.0009460687870159745,1.7995382488582983,1.8026508151675806,sg-dits,tju,CY25-1,87
709,1.8033983707427979,1.7992502450942993,0.004148125648498535,0.0011719268513843417,1.797322425423772,1.8011780647648266,sg-dits,tju,CY25-1,87
710,1.801496982574463,1.8001203536987305,0.0013766288757324219,0.0014322036877274513,1.797764378632419,1.802476328765042,sg-dits,tju,CY25-1,87
711,1.8012763261795044,1.79827082157135,0.003005504608154297,0.0009636027389205992,1.7966856950658256,1.7998559480768745,sg-dits,tju,CY25-1,87
712,1.8040568828582764,1.7981631755828857,0.005893707275390625,0.0023196882102638483,1.7943472884770018,1.8019790626887697,sg-dits,tju,CY25-1,87
713,1.8000901937484741,1.7983306646347046,0.0017595291137695312,0.0008700345642864704,1.7968994577764534,1.7997618714929557,sg-dits,tju,CY25-1,87
714,1.798751950263977,1.7975138425827026,0.001238107681274414,0.0016492378199473023,1.7948008463688894,1.800226838796516,sg-dits,tju,CY25-1,87
715,1.7989106178283691,1.7970656156539917,0.0018450021743774414,0.001855416689068079,1.7940134552004747,1.8001177761075087,sg-dits,tju,CY25-1,87
716,1.7970690727233887,1.795505166053772,0.0015639066696166992,0.0024436411913484335,1.7914853762940037,1.7995249558135402,sg-dits,tju,CY25-1,87
717,1.7972038984298706,1.7947827577590942,0.002421140670776367,0.001681504538282752,1.792016682793619,1.7975488327245694,sg-dits,tju,CY25-1,87
718,1.796382188796997,1.7934459447860718,0.002936244010925293,0.0022692657075822353,1.789713002697099,1.7971788868750445,sg-dits,tju,CY25-1,87
719,1.7958357334136963,1.7924168109893799,0.0034189224243164062,0.003254752606153488,1.7870627429522574,1.7977708790265023,sg-dits,tju,CY25-1,87
720,1.7940640449523926,1.792736530303955,0.0013275146484375,0.001832575537264347,1.7897219435451552,1.795751117062755,sg-dits,tju,CY25-1,87
721,1.7936850786209106,1.7914154529571533,0.0022696256637573242,0.002332146745175123,1.7875790715613402,1.7952518343529664,sg-dits,tju,CY25-1,87
722,1.7953338623046875,1.7898838520050049,0.005450010299682617,0.0014175217365846038,1.7875520287483233,1.7922156752616865,sg-dits,tju,CY25-1,87
723,1.792604923248291,1.7905490398406982,0.0020558834075927734,0.0013736914843320847,1.788289317348972,1.7928087623324245,sg-dits,tju,CY25-1,87
724,1.7920746803283691,1.7914437055587769,0.0006309747695922852,0.002744381781667471,1.7869291975279338,1.79595821358962,sg-dits,tju,CY25-1,87
725,1.79083251953125,1.7892842292785645,0.0015482902526855469,0.0020010480657219887,1.7859925052104517,1.7925759533466772,sg-dits,tju,CY25-1,87
726,1.7903120517730713,1.7885212898254395,0.001790761947631836,0.0006334474892355502,1.7874792687056469,1.789563310945232,sg-dits,tju,CY25-1,87
727,1.7897028923034668,1.7854862213134766,0.004216670989990234,0.0019297951366752386,1.7823117083136457,1.7886607343133074,sg-dits,tju,CY25-1,87
728,1.789394736289978,1.7852790355682373,0.004115700721740723,0.0027737515047192574,1.7807162143429742,1.7898418567935004,sg-dits,tju,CY25-1,87
729,1.7915396690368652,1.7859220504760742,0.005617618560791016,0.002247319556772709,1.7822252098051832,1.7896188911469653,sg-dits,tju,CY25-1,87
730,1.7885844707489014,1.786163568496704,0.0024209022521972656,0.0012413965305313468,1.7841214712039801,1.788205665789428,sg-dits,tju,CY25-1,87
731,1.7867928743362427,1.7827945947647095,0.003998279571533203,0.0032072742469608784,1.7775186286284588,1.7880705609009602,sg-dits,tju,CY25-1,87
732,1.7857708930969238,1.7845897674560547,0.0011811256408691406,0.0015712708700448275,1.7820050268748309,1.7871745080372785,sg-dits,tju,CY25-1,87
733,1.7857693433761597,1.7823526859283447,0.0034166574478149414,0.001298347720876336,1.780216903927503,1.7844884679291864,sg-dits,tju,CY25-1,87
734,1.7848296165466309,1.7819468975067139,0.002882719039916992,0.0018813040805980563,1.77885215229413,1.7850416427192977,sg-dits,tju,CY25-1,87
735,1.7834519147872925,1.7831425666809082,0.00030934810638427734,0.0008645362686365843,1.781720404519001,1.7845647288428155,sg-dits,tju,CY25-1,87
736,1.7839096784591675,1.7815437316894531,0.0023659467697143555,0.000827412644866854,1.7801826378886472,1.782904825490259,sg-dits,tju,CY25-1,87
737,1.7831048965454102,1.783133864402771,2.8967857360839844e-05,0.0031895723659545183,1.7778870178607757,1.7883807109447662,sg-dits,tju,CY25-1,87
738,1.7819654941558838,1.7777307033538818,0.004234790802001953,0.0013018168974667788,1.775589214557549,1.7798721921502147,sg-dits,tju,CY25-1,87
739,1.7825250625610352,1.7795275449752808,0.0029975175857543945,0.0010394513374194503,1.7778176475252259,1.7812374424253357,sg-dits,tju,CY25-1,87
740,1.7801568508148193,1.778249740600586,0.0019071102142333984,0.002056409139186144,1.7748669475666248,1.781632533634547,sg-dits,tju,CY25-1,87
741,1.7798817157745361,1.7754688262939453,0.00441288948059082,0.001913697924464941,1.7723207932082006,1.77861685937969,sg-dits,tju,CY25-1,87
742,1.7793322801589966,1.7756423950195312,0.003689885139465332,0.0017414521425962448,1.7727777062449603,1.7785070837941022,sg-dits,tju,CY25-1,87
743,1.7781823873519897,1.7762361764907837,0.0019462108612060547,0.0012004469754174352,1.774261441216222,1.7782109117653453,sg-dits,tju,CY25-1,87
744,1.7774055004119873,1.7741961479187012,0.003209352493286133,0.0008783746161498129,1.7727512216751347,1.7756410741622677,sg-dits,tju,CY25-1,87
745,1.7774105072021484,1.7741646766662598,0.003245830535888672,0.0029273610562086105,1.7693491677287967,1.7789801856037228,sg-dits,tju,CY25-1,87
746,1.7786146402359009,1.7735260725021362,0.0050885677337646484,0.0021855628583580256,1.7699308216001373,1.7771213234041352,sg-dits,tju,CY25-1,87
747,1.7761728763580322,1.7717950344085693,0.004377841949462891,0.0024843597784638405,1.7677082625729963,1.7758818062441424,sg-dits,tju,CY25-1,87
748,1.7852044105529785,1.7719136476516724,0.013290762901306152,0.001188787748105824,1.7699580918060382,1.7738692034973065,sg-dits,tju,CY25-1,87
749,1.7830052375793457,1.7877715826034546,0.004766345024108887,0.0012325459392741323,1.7857440445333486,1.7897991206735606,sg-dits,tju,CY25-1,87
750,1.7806215286254883,1.777884840965271,0.002736687660217285,0.0022842558100819588,1.7741272401576862,1.7816424417728558,sg-dits,tju,CY25-1,87
751,1.778617024421692,1.7765188217163086,0.0020982027053833008,0.0017202721210196614,1.7736889740772313,1.779348669355386,sg-dits,tju,CY25-1,87
752,1.7756555080413818,1.7774003744125366,0.0017448663711547852,0.0032428218983113766,1.7720659323898145,1.7827348164352588,sg-dits,tju,CY25-1,87
753,1.7750358581542969,1.7731856107711792,0.0018502473831176758,0.001579706440679729,1.770586993676261,1.7757842278660974,sg-dits,tju,CY25-1,87
754,1.7739548683166504,1.7753171920776367,0.0013623237609863281,0.003212448675185442,1.7700327140069567,1.7806016701483167,sg-dits,tju,CY25-1,87
755,1.7724788188934326,1.7726455926895142,0.00016677379608154297,0.0007182860281318426,1.7714640121732372,1.773827173205791,sg-dits,tju,CY25-1,87
756,1.7730286121368408,1.7696129083633423,0.003415703773498535,0.000686286308337003,1.768483967386128,1.7707418493405567,sg-dits,tju,CY25-1,87
757,1.7700555324554443,1.769895076751709,0.00016045570373535156,0.0011848706053569913,1.7679459646058968,1.7718441888975212,sg-dits,tju,CY25-1,87
758,1.7704343795776367,1.7656378746032715,0.004796504974365234,0.0017241190653294325,1.7628016987408046,1.7684740504657384,sg-dits,tju,CY25-1,87
759,1.7674565315246582,1.7672531604766846,0.0002033710479736328,0.0019020137842744589,1.7641243478015531,1.770381973151816,sg-dits,tju,CY25-1,87
760,1.7663527727127075,1.765352725982666,0.001000046730041504,0.0018217765027657151,1.7623559036356164,1.7683495483297156,sg-dits,tju,CY25-1,87
761,1.7658092975616455,1.7634713649749756,0.002337932586669922,0.0016870026011019945,1.7606962456961628,1.7662464842537884,sg-dits,tju,CY25-1,87
762,1.7649294137954712,1.7624766826629639,0.0024527311325073242,0.0028818112332373857,1.7577361031842884,1.7672172621416393,sg-dits,tju,CY25-1,87
763,1.7630765438079834,1.761038899421692,0.002037644386291504,0.0012718632351607084,1.7589466843998525,1.7631311144435313,sg-dits,tju,CY25-1,87
764,1.7665889263153076,1.761634349822998,0.00495457649230957,0.0019344661850482225,1.7584521529485937,1.7648165466974024,sg-dits,tju,CY25-1,87
765,1.7630538940429688,1.7612597942352295,0.0017940998077392578,0.0013427749508991838,1.7590509294410004,1.7634686590294586,sg-dits,tju,CY25-1,87
766,1.760413408279419,1.7604033946990967,1.0013580322265625e-05,0.0013750552898272872,1.7581414287473307,1.7626653606508627,sg-dits,tju,CY25-1,87
767,1.7595551013946533,1.7578740119934082,0.0016810894012451172,0.0013217098312452435,1.7556997993210097,1.7600482246658067,sg-dits,tju,CY25-1,87
768,1.7583256959915161,1.7570065259933472,0.0013191699981689453,0.0007911812863312662,1.7557050327773323,1.758308019209362,sg-dits,tju,CY25-1,87
769,1.7573764324188232,1.75608229637146,0.0012941360473632812,0.002311618998646736,1.752279683118686,1.759884909624234,sg-dits,tju,CY25-1,87
770,1.75726318359375,1.7561780214309692,0.0010851621627807617,0.0014846366830170155,1.7537357940874063,1.7586202487745322,sg-dits,tju,CY25-1,87
771,1.7553980350494385,1.7576406002044678,0.002242565155029297,0.0022784017492085695,1.7538926293270196,1.761388571081916,sg-dits,tju,CY25-1,87
772,1.754645586013794,1.7572131156921387,0.0025675296783447266,0.0014117591781541705,1.7548907718440752,1.7595354595402022,sg-dits,tju,CY25-1,87
773,1.7541916370391846,1.7529152631759644,0.0012763738632202148,0.0015684824902564287,1.7503351094794926,1.7554954168724362,sg-dits,tju,CY25-1,87
774,1.7535879611968994,1.7517046928405762,0.0018832683563232422,0.0022190676536411047,1.7480543265503365,1.7553550591308158,sg-dits,tju,CY25-1,87
775,1.7526488304138184,1.7500954866409302,0.0025533437728881836,0.0031136772595345974,1.7449734875489957,1.7552174857328646,sg-dits,tju,CY25-1,87
776,1.752380609512329,1.7498992681503296,0.0024813413619995117,0.0011587535263970494,1.7479931185994064,1.7518054177012528,sg-dits,tju,CY25-1,87
777,1.75120210647583,1.749549388885498,0.0016527175903320312,0.002527197590097785,1.7453921488497872,1.7537066289212089,sg-dits,tju,CY25-1,87
778,1.7507438659667969,1.7473478317260742,0.0033960342407226562,0.002131605288013816,1.7438413410272915,1.750854322424857,sg-dits,tju,CY25-1,87
779,1.7489690780639648,1.7481510639190674,0.0008180141448974609,0.002720005577430129,1.7436766547441949,1.75262547309394,sg-dits,tju,CY25-1,87
780,1.747785210609436,1.747277855873108,0.000507354736328125,0.0014496701769530773,1.74489314843202,1.7496625633141958,sg-dits,tju,CY25-1,87
781,1.746832013130188,1.745303988456726,0.001528024673461914,0.0012102500768378377,1.743313127080328,1.7472948498331242,sg-dits,tju,CY25-1,87
782,1.7463977336883545,1.744457483291626,0.0019402503967285156,0.0013092395383864641,1.7423037842509803,1.7466111823322716,sg-dits,tju,CY25-1,87
783,1.7456631660461426,1.744572401046753,0.0010907649993896484,0.002840174362063408,1.7399003142211587,1.7492444878723472,sg-dits,tju,CY25-1,87
784,1.7477378845214844,1.7446889877319336,0.0030488967895507812,0.0010626191506162286,1.74294097922917,1.7464369962346973,sg-dits,tju,CY25-1,87
785,1.7446398735046387,1.7435599565505981,0.0010799169540405273,0.0017277913866564631,1.7407177397195484,1.746402173381648,sg-dits,tju,CY25-1,87
786,1.742565393447876,1.743495225906372,0.0009298324584960938,0.0021716977935284376,1.7399227830360178,1.7470676687767264,sg-dits,tju,CY25-1,87
787,1.7428007125854492,1.7434431314468384,0.0006424188613891602,0.002014242811128497,1.740129702022532,1.7467565608711448,sg-dits,tju,CY25-1,87
788,1.7400078773498535,1.741061806678772,0.001053929328918457,0.001783544197678566,1.7381278764735908,1.7439957368839532,sg-dits,tju,CY25-1,87
789,1.7404356002807617,1.7402606010437012,0.00017499923706054688,0.0026889494620263577,1.7358372791786678,1.7446839229087345,sg-dits,tju,CY25-1,87
790,1.7393909692764282,1.7408783435821533,0.0014873743057250977,0.003171713324263692,1.7356608751637395,1.7460958120005672,sg-dits,tju,CY25-1,87
791,1.7385585308074951,1.734714388847351,0.003844141960144043,0.0022479502949863672,1.7310165106120985,1.7384122670826037,sg-dits,tju,CY25-1,87
792,1.7372126579284668,1.7355232238769531,0.0016894340515136719,0.00209006923250854,1.7320850599894766,1.7389613877644297,sg-dits,tju,CY25-1,87
793,1.737318992614746,1.7370021343231201,0.00031685829162597656,0.0014591241488233209,1.7346018750983057,1.7394023935479346,sg-dits,tju,CY25-1,87
794,1.7355170249938965,1.7340260744094849,0.001490950584411621,0.0035097498912364244,1.7282525358384009,1.7397996129805688,sg-dits,tju,CY25-1,87
795,1.7362911701202393,1.7312424182891846,0.0050487518310546875,0.0015640644123777747,1.7286695323308232,1.733815304247546,sg-dits,tju,CY25-1,87
796,1.7341830730438232,1.733788251876831,0.0003948211669921875,0.003017333336174488,1.728824738538824,1.738751765214838,sg-dits,tju,CY25-1,87
797,1.736839771270752,1.7306342124938965,0.006205558776855469,0.0025745145976543427,1.7263991359807551,1.7348692890070379,sg-dits,tju,CY25-1,87
798,1.7319585084915161,1.734311580657959,0.002353072166442871,0.0018423553556203842,1.7312809060979635,1.7373422552179545,sg-dits,tju,CY25-1,87
799,1.7325570583343506,1.732033371925354,0.000523686408996582,0.001374456798657775,1.729772390491562,1.734294353359146,sg-dits,tju,CY25-1,87
800,1.7320468425750732,1.7297253608703613,0.002321481704711914,0.0018382505513727665,1.726701438713353,1.7327492830273696,sg-dits,tju,CY25-1,87
801,1.7307319641113281,1.7267251014709473,0.004006862640380859,0.002351862844079733,1.7228562870924362,1.7305939158494583,sg-dits,tju,CY25-1,87
802,1.7292757034301758,1.7281687259674072,0.0011069774627685547,0.0026891292072832584,1.7237451084214264,1.732592343513388,sg-dits,tju,CY25-1,87
803,1.7280538082122803,1.7269787788391113,0.0010750293731689453,0.002532915212213993,1.7228121333150193,1.7311454243632034,sg-dits,tju,CY25-1,87
804,1.7282238006591797,1.7256122827529907,0.002611517906188965,0.0028302958235144615,1.7209564461233093,1.730268119382672,sg-dits,tju,CY25-1,87
805,1.7265477180480957,1.7254364490509033,0.0011112689971923828,0.00309629924595356,1.7203430367913097,1.730529861310497,sg-dits,tju,CY25-1,87
806,1.7252447605133057,1.7251906394958496,5.412101745605469e-05,0.001441934728063643,1.722818656868185,1.7275626221235143,sg-dits,tju,CY25-1,87
807,1.7248743772506714,1.7251814603805542,0.0003070831298828125,0.0020100295078009367,1.7218749618402216,1.7284879589208868,sg-dits,tju,CY25-1,87
808,1.7233750820159912,1.724175214767456,0.0008001327514648438,0.0013659338001161814,1.721928253666265,1.726422175868647,sg-dits,tju,CY25-1,87
809,1.722311019897461,1.720871925354004,0.0014390945434570312,0.0015427286271005869,1.7183341367624234,1.7234097139455844,sg-dits,tju,CY25-1,87
810,1.7219164371490479,1.7203762531280518,0.0015401840209960938,0.0010993770556524396,1.7185677778715034,1.7221847283846001,sg-dits,tju,CY25-1,87
811,1.7209885120391846,1.7191277742385864,0.0018607378005981445,0.001486254041083157,1.7166828863410046,1.7215726621361682,sg-dits,tju,CY25-1,87
812,1.720297932624817,1.717895746231079,0.002402186393737793,0.0022591575980186462,1.7141794319823385,1.7216120604798197,sg-dits,tju,CY25-1,87
813,1.719077229499817,1.7174155712127686,0.0016616582870483398,0.001321305870078504,1.7152420230564893,1.7195891193690478,sg-dits,tju,CY25-1,87
814,1.7194101810455322,1.7182765007019043,0.0011336803436279297,0.001925407676026225,1.715109205074841,1.7214437963289675,sg-dits,tju,CY25-1,87
815,1.7180638313293457,1.7174087762832642,0.000655055046081543,0.003610193030908704,1.7114700087474193,1.723347543819109,sg-dits,tju,CY25-1,87
816,1.716690182685852,1.7144619226455688,0.002228260040283203,0.0026622358709573746,1.710082544637844,1.7188413006532937,sg-dits,tju,CY25-1,87
817,1.7151877880096436,1.7135915756225586,0.001596212387084961,0.0016715585952624679,1.7108418617333518,1.7163412895117653,sg-dits,tju,CY25-1,87
818,1.714561939239502,1.7135463953018188,0.0010155439376831055,0.001765635097399354,1.710641925566597,1.7164508650370407,sg-dits,tju,CY25-1,87
819,1.7140207290649414,1.7130720615386963,0.0009486675262451172,0.0014209565706551075,1.7107345879799687,1.7154095350974239,sg-dits,tju,CY25-1,87
820,1.7130680084228516,1.7105637788772583,0.0025042295455932617,0.0021551779936999083,1.707018511077622,1.7141090466768947,sg-dits,tju,CY25-1,87
821,1.7124042510986328,1.7109416723251343,0.0014625787734985352,0.002030931646004319,1.7076007897674572,1.7142825548828113,sg-dits,tju,CY25-1,87
822,1.71319580078125,1.7098488807678223,0.0033469200134277344,0.0016376584535464644,1.7071549326117383,1.7125428289239062,sg-dits,tju,CY25-1,87
823,1.7138535976409912,1.7111248970031738,0.002728700637817383,0.002039090497419238,1.7077705931349192,1.7144792008714285,sg-dits,tju,CY25-1,87
824,1.7103841304779053,1.7088165283203125,0.0015676021575927734,0.0018873580265790224,1.70571182436659,1.711921232274035,sg-dits,tju,CY25-1,87
825,1.7085100412368774,1.7089259624481201,0.0004159212112426758,0.0018320323433727026,1.705912269243272,1.7119396556529682,sg-dits,tju,CY25-1,87
826,1.707737922668457,1.7085661888122559,0.0008282661437988281,0.001795177347958088,1.7056131220748647,1.711519255549647,sg-dits,tju,CY25-1,87
827,1.7073657512664795,1.7063926458358765,0.0009731054306030273,0.003330146661028266,1.700914554578485,1.711870737093268,sg-dits,tju,CY25-1,87
828,1.7064807415008545,1.704401969909668,0.0020787715911865234,0.0013516289182007313,1.7021785403392278,1.7066253994801082,sg-dits,tju,CY25-1,87
829,1.705238938331604,1.7051661014556885,7.283687591552734e-05,0.0034694073256105185,1.6994589264050592,1.7108732765063177,sg-dits,tju,CY25-1,87
830,1.7045047283172607,1.7036246061325073,0.000880122184753418,0.002009370131418109,1.7003191922663246,1.70693001999869,sg-dits,tju,CY25-1,87
831,1.7036561965942383,1.7030327320098877,0.0006234645843505859,0.0029926677234470844,1.6981097936048173,1.707955670414958,sg-dits,tju,CY25-1,87
832,1.7035229206085205,1.7007123231887817,0.0028105974197387695,0.0030989181250333786,1.6956146028731018,1.7058100435044616,sg-dits,tju,CY25-1,87
833,1.7022114992141724,1.700439453125,0.0017720460891723633,0.0015792519552633166,1.6978415836585918,1.7030373225914082,sg-dits,tju,CY25-1,87
834,1.702279806137085,1.6984894275665283,0.0037903785705566406,0.0035657379776239395,1.6926237885933368,1.7043550665397198,sg-dits,tju,CY25-1,87
835,1.7017829418182373,1.6994080543518066,0.002374887466430664,0.002137536182999611,1.6958918073307723,1.702924301372841,sg-dits,tju,CY25-1,87
836,1.6997358798980713,1.6996430158615112,9.28640365600586e-05,0.0017965229926630855,1.6966877355385805,1.702598296184442,sg-dits,tju,CY25-1,87
837,1.6992683410644531,1.7020641565322876,0.0027958154678344727,0.003078673267737031,1.69699973900686,1.7071285740577151,sg-dits,tju,CY25-1,87
838,1.6974799633026123,1.6986416578292847,0.0011616945266723633,0.001658119959756732,1.6959140504954848,1.7013692651630845,sg-dits,tju,CY25-1,87
839,1.6976354122161865,1.699222207069397,0.0015867948532104492,0.0017374538583680987,1.6963640954723815,1.7020803186664124,sg-dits,tju,CY25-1,87
840,1.6957550048828125,1.6964937448501587,0.0007387399673461914,0.001705561182461679,1.6936880967050092,1.6992993929953082,sg-dits,tju,CY25-1,87
841,1.6952979564666748,1.6940422058105469,0.0012557506561279297,0.004125974606722593,1.687254977582488,1.7008294340386056,sg-dits,tju,CY25-1,87
842,1.6947021484375,1.6930819749832153,0.001620173454284668,0.0033419837709516287,1.6875844116799998,1.6985795382864308,sg-dits,tju,CY25-1,87
843,1.696653127670288,1.691429853439331,0.005223274230957031,0.0037600563373416662,1.685244560764404,1.6976151461142581,sg-dits,tju,CY25-1,87
844,1.6933856010437012,1.6921358108520508,0.0012497901916503906,0.0007271538488566875,1.6909396427706815,1.69333197893342,sg-dits,tju,CY25-1,87
845,1.6918680667877197,1.6923117637634277,0.0004436969757080078,0.0024699324276298285,1.6882487249199767,1.6963748026068788,sg-dits,tju,CY25-1,87
846,1.7061915397644043,1.6895968914031982,0.016594648361206055,0.0024300715886056423,1.6855994236399419,1.6935943591664546,sg-dits,tju,CY25-1,87
847,1.7028039693832397,1.7026333808898926,0.00017058849334716797,0.003478552680462599,1.6969111617305317,1.7083556000492535,sg-dits,tju,CY25-1,87
848,1.7012250423431396,1.6941401958465576,0.007084846496582031,0.001504853367805481,1.6916647120565176,1.6966156796365977,sg-dits,tju,CY25-1,87
849,1.7003915309906006,1.701511025428772,0.0011194944381713867,0.0014347133692353964,1.6991509219363798,1.703871128921164,sg-dits,tju,CY25-1,87
850,1.6963707208633423,1.6959834098815918,0.0003873109817504883,0.0016026552766561508,1.6933470419514924,1.6986197778116912,sg-dits,tju,CY25-1,87
851,1.6934078931808472,1.6958539485931396,0.0024460554122924805,0.0004396444419398904,1.6951307334861485,1.6965771637001308,sg-dits,tju,CY25-1,87
852,1.6909335851669312,1.6933029890060425,0.002369403839111328,0.0030461433343589306,1.688292083221022,1.698313894791063,sg-dits,tju,CY25-1,87
853,1.6894783973693848,1.6872587203979492,0.002219676971435547,0.001509428140707314,1.6847757111064856,1.6897417296894128,sg-dits,tju,CY25-1,87
854,1.6879345178604126,1.6885325908660889,0.0005980730056762695,0.0026692375540733337,1.6841416950896382,1.6929234866425396,sg-dits,tju,CY25-1,87
855,1.6865911483764648,1.6888004541397095,0.002209305763244629,0.002569108037278056,1.6845742714183871,1.6930266368610318,sg-dits,tju,CY25-1,87
856,1.6855964660644531,1.6863809823989868,0.0007845163345336914,0.002210729755461216,1.6827443319512532,1.6900176328467205,sg-dits,tju,CY25-1,87
857,1.6844837665557861,1.686627745628357,0.0021439790725708008,0.001380847068503499,1.6843562522006688,1.688899239056045,sg-dits,tju,CY25-1,87
858,1.6830270290374756,1.6831703186035156,0.00014328956604003906,0.002128958236426115,1.6796681823045947,1.6866724549024366,sg-dits,tju,CY25-1,87
859,1.6809959411621094,1.6821677684783936,0.0011718273162841797,0.004144291393458843,1.6753504091361537,1.6889851278206334,sg-dits,tju,CY25-1,87
860,1.6813384294509888,1.6805118322372437,0.0008265972137451172,0.002608269453048706,1.6762212289869785,1.6848024354875089,sg-dits,tju,CY25-1,87
861,1.678710699081421,1.6785149574279785,0.0001957416534423828,0.001965707866474986,1.675281367987627,1.68174854686833,sg-dits,tju,CY25-1,87
862,1.677195429801941,1.6778463125228882,0.0006508827209472656,0.0044855703599750996,1.670467549280729,1.6852250757650473,sg-dits,tju,CY25-1,87
863,1.6753108501434326,1.6791253089904785,0.0038144588470458984,0.004123607184737921,1.6723419751715847,1.6859086428093724,sg-dits,tju,CY25-1,87
864,1.6746448278427124,1.6759960651397705,0.0013512372970581055,0.0016698717372491956,1.6732491261319955,1.6787430041475455,sg-dits,tju,CY25-1,87
865,1.6728708744049072,1.6733105182647705,0.00043964385986328125,0.0031432462856173515,1.66813987812493,1.678481158404611,sg-dits,tju,CY25-1,87
866,1.6718090772628784,1.6747260093688965,0.0029169321060180664,0.00273719010874629,1.6702233316400088,1.6792286870977842,sg-dits,tju,CY25-1,87
867,1.6713069677352905,1.674734354019165,0.0034273862838745117,0.0020151648204773664,1.6714194078894797,1.6780493001488503,sg-dits,tju,CY25-1,87
868,1.6733107566833496,1.6711242198944092,0.0021865367889404297,0.0013031866401433945,1.6689804778713733,1.673267961917445,sg-dits,tju,CY25-1,87
869,1.6704926490783691,1.6702394485473633,0.0002532005310058594,0.003477035090327263,1.664519725823775,1.6759591712709516,sg-dits,tju,CY25-1,87
870,1.667818546295166,1.6704304218292236,0.002611875534057617,0.004574158228933811,1.6629059315426276,1.6779549121158197,sg-dits,tju,CY25-1,87
871,1.6674269437789917,1.6706966161727905,0.003269672393798828,0.0030588419176638126,1.6656648212182334,1.6757284111273476,sg-dits,tju,CY25-1,87
872,1.6665675640106201,1.6673277616500854,0.000760197639465332,0.0019322755979374051,1.6641491682914784,1.6705063550086925,sg-dits,tju,CY25-1,87
873,1.6647312641143799,1.668114423751831,0.003383159637451172,0.004152395762503147,1.6612837327225134,1.6749451147811487,sg-dits,tju,CY25-1,87
874,1.6632041931152344,1.6653072834014893,0.002103090286254883,0.0032208464108407497,1.6600089910556561,1.6706055757473224,sg-dits,tju,CY25-1,87
875,1.6622637510299683,1.6636383533477783,0.0013746023178100586,0.002768362406641245,1.6590843971888534,1.6681923095067033,sg-dits,tju,CY25-1,87
876,1.661137580871582,1.663506031036377,0.002368450164794922,0.0014128834009170532,1.6611818378418683,1.6658302242308856,sg-dits,tju,CY25-1,87
877,1.660190224647522,1.6666418313980103,0.006451606750488281,0.0011208323994651437,1.66479806210089,1.6684856006951305,sg-dits,tju,CY25-1,87
878,1.6587942838668823,1.6623591184616089,0.0035648345947265625,0.0053110141307115555,1.6536225002165883,1.6710957367066295,sg-dits,tju,CY25-1,87
879,1.6584450006484985,1.6629822254180908,0.004537224769592285,0.0014322870410978794,1.6606261132354847,1.665338337600697,sg-dits,tju,CY25-1,87
880,1.6567895412445068,1.6555507183074951,0.0012388229370117188,0.005468764342367649,1.6465546009643004,1.6645468356506898,sg-dits,tju,CY25-1,87
881,1.6578232049942017,1.6591897010803223,0.0013664960861206055,0.002898253034800291,1.6544220748380758,1.6639573273225687,sg-dits,tju,CY25-1,87
882,1.6547693014144897,1.6589345932006836,0.004165291786193848,0.003953076899051666,1.6524317817017435,1.6654374046996236,sg-dits,tju,CY25-1,87
883,1.653610348701477,1.6567878723144531,0.0031775236129760742,0.00420943321660161,1.6498633546731434,1.6637123899557629,sg-dits,tju,CY25-1,87
884,1.6475660800933838,1.6539840698242188,0.006417989730834961,0.004275668878108263,1.6469505945197307,1.6610175451287068,sg-dits,tju,CY25-1,87
885,1.6517736911773682,1.6552538871765137,0.003480195999145508,0.0031023065093904734,1.6501505929685663,1.660357181384461,sg-dits,tju,CY25-1,87
886,1.6513381004333496,1.6532074213027954,0.0018693208694458008,0.0035263632889837027,1.6474065536924172,1.6590082889131736,sg-dits,tju,CY25-1,87
