cycle,capacity_true_ah,MGI-DSSM,MSTEA-Net,IC2ML,BATTER-MoE,RUL-Mamba,PatchFormer,SG-DiTs,Autoformer,iTransformer,MGI-DSSM absolute error (Ah),EOL threshold (Ah)
64,2.352609975,,,,,,,,,,,1.75
65,2.351000135,,,,,,,,,,,1.75
66,2.348714008,,,,,,,,,,,1.75
67,2.349036648,,,,,,,,,,,1.75
68,2.347846558,,,,,,,,,,,1.75
69,2.345297808,,,,,,,,,,,1.75
70,2.344131039,,,,,,,,,,,1.75
71,2.343070177,,,,,,,,,,,1.75
72,2.342062134,,,,,,,,,,,1.75
73,2.34073011,,,,,,,,,,,1.75
74,2.339727422,,,,,,,,,,,1.75
75,2.338799578,,,,,,,,,,,1.75
76,2.337971155,,,,,,,,,,,1.75
77,2.336914514,,,,,,,,,,,1.75
78,2.335010322,,,,,,,,,,,1.75
79,2.334726774,,,,,,,,,,,1.75
80,2.333717104,,,,,,,,,,,1.75
81,2.332558487,,,,,,,,,,,1.75
82,2.332667944,,,,,,,,,,,1.75
83,2.330791083,,,,,,,,,,,1.75
84,2.329462728,,,,,,,,,,,1.75
85,2.328500039,,,,,,,,,,,1.75
86,2.329357739,,,,,,,,,,,1.75
87,2.327378274,,,,,,,,,,,1.75
88,2.325857429,,,,,,,,,,,1.75
89,2.325013934,,,,,,,,,,,1.75
90,2.324747792,,,,,,,,,,,1.75
91,2.323835139,,,,,,,,,,,1.75
92,2.32228688,,,,,,,,,,,1.75
93,2.321206573,,,,,,,,,,,1.75
94,2.320416013,,,,,,,,,,,1.75
95,2.320878521,,,,,,,,,,,1.75
96,2.319002819,,,,,,,,,,,1.75
97,2.317748248,,,,,,,,,,,1.75
98,2.316462599,,,,,,,,,,,1.75
99,2.317138268,,,,,,,,,,,1.75
100,2.315299978,,,,,,,,,,,1.75
101,2.313593597,,,,,,,,,,,1.75
102,2.313259277,,,,,,,,,,,1.75
103,2.313616714,,,,,,,,,,,1.75
104,2.311698765,,,,,,,,,,,1.75
105,2.310313229,,,,,,,,,,,1.75
106,2.309436925,,,,,,,,,,,1.75
107,2.308672074,,,,,,,,,,,1.75
108,2.307578902,,,,,,,,,,,1.75
109,2.306675565,,,,,,,,,,,1.75
110,2.306001799,,,,,,,,,,,1.75
111,2.304250681,,,,,,,,,,,1.75
112,2.302697324,,,,,,,,,,,1.75
113,2.301573929,,,,,,,,,,,1.75
114,2.300598669,,,,,,,,,,,1.75
115,2.299823823,,,,,,,,,,,1.75
116,2.298663087,,,,,,,,,,,1.75
117,2.297868689,,,,,,,,,,,1.75
118,2.296818603,,,,,,,,,,,1.75
119,2.295830513,,,,,,,,,,,1.75
120,2.294812567,,,,,,,,,,,1.75
121,2.293931969,,,,,,,,,,,1.75
122,2.293092325,,,,,,,,,,,1.75
123,2.29163214,,,,,,,,,,,1.75
124,2.291189348,,,,,,,,,,,1.75
125,2.290336846,,,,,,,,,,,1.75
126,2.28947526,,,,,,,,,,,1.75
127,2.288858978,,,,,,,,,,,1.75
128,2.287822867,,,,,,,,,,,1.75
129,2.286864326,,,,,,,,,,,1.75
130,2.286106365,,,,,,,,,,,1.75
131,2.285092037,,,,,,,,,,,1.75
132,2.283785613,,,,,,,,,,,1.75
133,2.283591784,,,,,,,,,,,1.75
134,2.282789315,,,,,,,,,,,1.75
135,2.2815002,,,,,,,,,,,1.75
136,2.281394156,,,,,,,,,,,1.75
137,2.280197456,,,,,,,,,,,1.75
138,2.27896916,,,,,,,,,,,1.75
139,2.278271925,,,,,,,,,,,1.75
140,2.278930437,,,,,,,,,,,1.75
141,2.27665873,,,,,,,,,,,1.75
142,2.275703441,,,,,,,,,,,1.75
143,2.274632461,,,,,,,,,,,1.75
144,2.274416757,,,,,,,,,,,1.75
145,2.273152238,,,,,,,,,,,1.75
146,2.272143025,,,,,,,,,,,1.75
147,2.272030686,,,,,,,,,,,1.75
148,2.270297699,,,,,,,,,,,1.75
149,2.269442369,,,,,,,,,,,1.75
150,2.269772577,,,,,,,,,,,1.75
151,2.267318145,,,,,,,,,,,1.75
152,2.266834237,,,,,,,,,,,1.75
153,2.266647714,,,,,,,,,,,1.75
154,2.264893462,,,,,,,,,,,1.75
155,2.264997267,,,,,,,,,,,1.75
156,2.263241495,,,,,,,,,,,1.75
157,2.261775674,,,,,,,,,,,1.75
158,2.261447442,,,,,,,,,,,1.75
159,2.260477577,,,,,,,,,,,1.75
160,2.264242802,,,,,,,,,,,1.75
161,2.261771172,,,,,,,,,,,1.75
162,2.258681234,,,,,,,,,,,1.75
163,2.25602642,,,,,,,,,,,1.75
164,2.254682284,,,,,,,,,,,1.75
165,2.253161914,,,,,,,,,,,1.75
166,2.251193011,,,,,,,,,,,1.75
167,2.250602733,,,,,,,,,,,1.75
168,2.249742444,,,,,,,,,,,1.75
169,2.248414249,,,,,,,,,,,1.75
170,2.246913832,,,,,,,,,,,1.75
171,2.2464781,,,,,,,,,,,1.75
172,2.245299329,,,,,,,,,,,1.75
173,2.243874406,,,,,,,,,,,1.75
174,2.243467986,,,,,,,,,,,1.75
175,2.24234268,,,,,,,,,,,1.75
176,2.241183037,,,,,,,,,,,1.75
177,2.240159268,,,,,,,,,,,1.75
178,2.238903896,,,,,,,,,,,1.75
179,2.238386651,,,,,,,,,,,1.75
180,2.238134145,,,,,,,,,,,1.75
181,2.236411866,,,,,,,,,,,1.75
182,2.23558363,,,,,,,,,,,1.75
183,2.234392637,,,,,,,,,,,1.75
184,2.233570488,,,,,,,,,,,1.75
185,2.23338905,,,,,,,,,,,1.75
186,2.232044418,,,,,,,,,,,1.75
187,2.231302795,,,,,,,,,,,1.75
188,2.230038564,,,,,,,,,,,1.75
189,2.229297174,,,,,,,,,,,1.75
190,2.228694388,,,,,,,,,,,1.75
191,2.227629736,,,,,,,,,,,1.75
192,2.226472297,,,,,,,,,,,1.75
193,2.226111181,,,,,,,,,,,1.75
194,2.225081935,,,,,,,,,,,1.75
195,2.22381251,,,,,,,,,,,1.75
196,2.223250638,,,,,,,,,,,1.75
197,2.222742372,,,,,,,,,,,1.75
198,2.221685312,,,,,,,,,,,1.75
199,2.220920456,,,,,,,,,,,1.75
200,2.219576345,2.21991086,2.224367142,2.214699268,2.218715668,2.218909025,2.217579842,2.217888355,2.220706463,2.218294859,0.0003345153297,1.75
201,2.21869042,2.218568087,2.223295689,2.214396715,2.217380762,2.217946291,2.2166152,2.216505051,2.219002962,2.217176914,0.0001223335331,1.75
202,2.217641773,2.217683554,2.222193956,2.213819742,2.216583729,2.216981411,2.215643644,2.214789391,2.216363192,2.215129852,4.178092835e-05,1.75
203,2.216445827,2.216636181,2.220141888,2.211664438,2.215856314,2.216002941,2.214635134,2.213758469,2.2207582,2.215501785,0.0001903541546,1.75
204,2.215778711,2.215438604,2.218285084,2.21039772,2.21463275,2.215018272,2.213673353,2.215542793,2.218536854,2.213703871,0.0003401062293,1.75
205,2.215165976,2.214771986,2.216499329,2.210906506,2.213898182,2.214102507,2.212749004,2.214709282,2.21399641,2.212111235,0.0003939896756,1.75
206,2.214460428,2.214159727,2.215820789,2.209692955,2.213068962,2.213168383,2.211839914,2.212669373,2.214926004,2.21197772,0.0003007008569,1.75
207,2.213516545,2.2134552,2.215864182,2.209797144,2.212187767,2.212249994,2.21094346,2.212656736,2.211969376,2.211969852,6.134472616e-05,1.75
208,2.212850903,2.212512016,2.215110779,2.208616257,2.211343765,2.211328506,2.210030317,2.207178593,2.209406853,2.210951328,0.0003388863264,1.75
209,2.210472554,2.21184659,2.214289665,2.208432913,2.211062193,2.21044755,2.209173441,2.210911274,2.207319975,2.210573912,0.001374036483,1.75
210,2.209548049,2.209469318,2.214104652,2.205590248,2.208675623,2.209472179,2.208195448,2.20807457,2.206762791,2.209179878,7.873054104e-05,1.75
211,2.207578885,2.208545208,2.213763237,2.203882456,2.207692146,2.208498478,2.207226515,2.207425117,2.209233284,2.20767498,0.0009663232239,1.75
212,2.207019307,2.206578493,2.212528944,2.202707052,2.205771208,2.207492113,2.206204176,2.20586729,2.210170507,2.205985546,0.0004408141153,1.75
213,2.206201003,2.20601964,2.212204695,2.201693058,2.204843283,2.206489801,2.205195904,2.207121372,2.211585522,2.204516411,0.000181362906,1.75
214,2.204945094,2.205202341,2.211673498,2.200634003,2.204141378,2.20550251,2.204200029,2.202800035,2.211114407,2.203922272,0.0002572472234,1.75
215,2.204424562,2.203947783,2.210419655,2.199844837,2.202736616,2.204541922,2.203272104,2.201990366,2.209611654,2.203238249,0.0004767795584,1.75
216,2.202719321,2.203428745,2.209296227,2.199597836,2.202377558,2.203564405,2.202303886,2.202965498,2.206250906,2.202519894,0.0007094245631,1.75
217,2.202455189,2.201724052,2.20800066,2.197696686,2.200952053,2.202558279,2.201294899,2.199165583,2.205650806,2.200593233,0.0007311368886,1.75
218,2.200617193,2.201460361,2.206686258,2.197483063,2.200209379,2.201624632,2.200349808,2.199154377,2.202455044,2.199865818,0.0008431686167,1.75
219,2.200418994,2.1996243,2.20426178,2.195765734,2.198565006,2.200614452,2.199329615,2.197091341,2.202457428,2.19878912,0.0007946937644,1.75
220,2.198770664,2.199427128,2.203474998,2.195796728,2.198184967,2.199691057,2.198409557,2.197200775,2.199054718,2.198497534,0.0006564637469,1.75
221,2.198390017,2.197780132,2.200338125,2.193475246,2.197440147,2.198703527,2.197427988,2.197474718,2.198144913,2.197103977,0.0006098851984,1.75
222,2.197673673,2.197400808,2.199434757,2.193695068,2.196460247,2.197739363,2.196448088,2.199260235,2.195986748,2.19570303,0.000272864223,1.75
223,2.196596587,2.196684837,2.198078632,2.191837788,2.195744991,2.19681406,2.195523262,2.195900679,2.195099831,2.195700645,8.825057807e-05,1.75
224,2.195307601,2.195609093,2.19620657,2.190871477,2.194607019,2.195884705,2.194606543,2.19456172,2.193054676,2.194244862,0.0003014919043,1.75
225,2.194678454,2.194321632,2.194731474,2.189877748,2.193605185,2.19511795,2.193847418,2.195651293,2.194729805,2.193792105,0.0003568218827,1.75
226,2.193834758,2.193695068,2.194075108,2.189635992,2.192601919,2.194324493,2.19307518,2.192540169,2.19446063,2.192837715,0.0001396896357,1.75
227,2.193224048,2.192852259,2.193116188,2.189071417,2.192065716,2.193467379,2.192229748,2.189852715,2.192615509,2.191824913,0.0003717895867,1.75
228,2.192033388,2.192241907,2.192442179,2.188212633,2.191287756,2.192576408,2.191331148,2.188631535,2.192493916,2.191422701,0.0002085190074,1.75
229,2.190348238,2.191052914,2.191665649,2.187132359,2.190119982,2.191660166,2.190416813,2.188789606,2.190260649,2.190373659,0.0007046754963,1.75
230,2.190206323,2.189368963,2.19105196,2.185756683,2.188287497,2.190681934,2.189430237,2.189809084,2.191231966,2.189282417,0.0008373598077,1.75
231,2.188636712,2.189227819,2.190854073,2.185332298,2.187997818,2.189723253,2.18847847,2.187018156,2.191820145,2.188548803,0.0005911072832,1.75
232,2.187910685,2.187660694,2.189060688,2.183624744,2.187122107,2.188738823,2.187487602,2.189234257,2.191692829,2.186938047,0.0002499909501,1.75
233,2.18746248,2.186935425,2.188440323,2.183301926,2.186128616,2.187772274,2.18651557,2.18534565,2.189223051,2.186573744,0.0005270553845,1.75
234,2.186756712,2.186487913,2.188073635,2.182646275,2.185667753,2.186826468,2.185577631,2.185282707,2.188238859,2.185933113,0.000268799132,1.75
235,2.185872473,2.185781479,2.187864304,2.181911707,2.184744835,2.185878277,2.18463707,2.182789326,2.184313059,2.184160709,9.099419515e-05,1.75
236,2.184874798,2.184902906,2.187496185,2.180915356,2.183888435,2.184949636,2.183709383,2.183337212,2.183511257,2.1842978,2.810797289e-05,1.75
237,2.184198294,2.183904409,2.18658638,2.17999506,2.182996035,2.184010029,2.182774067,2.18247509,2.183876991,2.182969332,0.0002938846113,1.75
238,2.182381726,2.1832304,2.185276508,2.178494453,2.182338715,2.183071852,2.181831598,2.182664871,2.182061911,2.181888342,0.0008486740932,1.75
239,2.181840494,2.181415081,2.183405161,2.177601337,2.180760622,2.182096481,2.180850029,2.181426287,2.183323383,2.181099176,0.000425413304,1.75
240,2.181723364,2.18087554,2.182262897,2.1772542,2.180004358,2.181140661,2.179908752,2.180435658,2.183698177,2.180203915,0.0008478240605,1.75
241,2.17985624,2.180757999,2.181666613,2.176635027,2.179538488,2.18022871,2.178996563,2.178164005,2.177909613,2.178790331,0.000901759896,1.75
242,2.179170706,2.17889142,2.180346012,2.175173759,2.178359747,2.179256916,2.178026676,2.179871559,2.184438229,2.177942991,0.0002792858285,1.75
243,2.178337025,2.178207159,2.179460526,2.17374897,2.177325487,2.178290844,2.17706871,2.177581787,2.181327581,2.17748189,0.000129865559,1.75
244,2.177611,2.177376509,2.178225994,2.173932552,2.176600218,2.177343607,2.176138163,2.175815582,2.17923069,2.176275969,0.0002344910035,1.75
245,2.176620705,2.176651955,2.177179337,2.172204494,2.175860167,2.176431656,2.175222874,2.17730999,2.180378914,2.175675869,3.124962104e-05,1.75
246,2.176095403,2.175657272,2.175838709,2.171350956,2.174786329,2.175492048,2.174295425,2.176636696,2.181187868,2.174779892,0.0004381309549,1.75
247,2.174827576,2.175131798,2.174769163,2.170660019,2.17440176,2.174580336,2.173383713,2.175230503,2.180663824,2.173608303,0.0003042221461,1.75
248,2.173875008,2.17386508,2.173767328,2.170563221,2.172958136,2.17364049,2.172433138,2.174309254,2.176803827,2.172720194,9.928157076e-06,1.75
249,2.173560093,2.172914743,2.173128605,2.168582439,2.172186613,2.172702312,2.171490669,2.172498703,2.179147243,2.171354771,0.0006453498657,1.75
250,2.171967913,2.172599792,2.172545195,2.168150425,2.171346903,2.171824694,2.170625448,2.170824051,2.170696259,2.17045331,0.0006318789901,1.75
251,2.171353366,2.171009779,2.171243906,2.166929722,2.170264482,2.1708951,2.16968441,2.168283224,2.170839787,2.169589281,0.0003435870178,1.75
252,2.170206556,2.170395374,2.170177698,2.166659594,2.169619083,2.169991493,2.168799639,2.169049978,2.169177294,2.168946266,0.0001888186031,1.75
253,2.169448781,2.169249296,2.169034243,2.165791512,2.168461561,2.169063807,2.167885065,2.167020798,2.168142796,2.168307066,0.0001994846632,1.75
254,2.169427011,2.168492556,2.168029785,2.164269209,2.167657375,2.168153763,2.166990757,2.167116642,2.16805625,2.167278528,0.0009344549099,1.75
255,2.167961332,2.16847229,2.167998314,2.164378643,2.167204857,2.167308807,2.166139841,2.168999672,2.165695906,2.16643858,0.0005109577387,1.75
256,2.166877673,2.167008877,2.166089058,2.164319038,2.166281939,2.166428089,2.165268898,2.164729595,2.16437149,2.165665627,0.0001312040145,1.75
257,2.166099395,2.165924072,2.165804386,2.162018776,2.165094614,2.165530205,2.164373636,2.166227102,2.170348406,2.164894104,0.0001753223386,1.75
258,2.170150134,2.165145874,2.164689541,2.161071777,2.16402173,2.164660454,2.163497925,2.162978649,2.164464712,2.163555861,0.005004260334,1.75
259,2.16668582,2.169193268,2.166291237,2.164486885,2.167797089,2.164070845,2.162924767,2.167475224,2.162539005,2.162926674,0.002507447768,1.75
260,2.164753036,2.165729284,2.166219234,2.161812782,2.16443944,2.163325787,2.162182808,2.163165808,2.164786577,2.162041187,0.0009762478778,1.75
261,2.162921203,2.163796663,2.166209698,2.159867525,2.162349939,2.162531853,2.161416054,2.161174774,2.15965867,2.162324905,0.0008754599214,1.75
262,2.160099736,2.161965609,2.165253878,2.158154011,2.160801411,2.161696911,2.160590172,2.159267664,2.162596226,2.161150932,0.001865872232,1.75
263,2.159129514,2.159147024,2.163072586,2.1557827,2.158306837,2.160741329,2.159652472,2.157454252,2.164305449,2.159169197,1.751000468e-05,1.75
264,2.157505697,2.158178091,2.161553383,2.15526104,2.157325029,2.159791946,2.158690691,2.157141685,2.16216588,2.158849239,0.0006723938182,1.75
265,2.157504802,2.156554461,2.159712315,2.152921915,2.155700684,2.158787012,2.157702208,2.15608716,2.160850286,2.157398701,0.0009503411379,1.75
266,2.155248881,2.156554222,2.159228325,2.152389526,2.155006647,2.157846928,2.156731844,2.152478695,2.160627365,2.156616211,0.00130534064,1.75
267,2.154060818,2.154301167,2.15570879,2.150930166,2.153632641,2.156821012,2.155701876,2.152905464,2.158017397,2.155303478,0.0002403488824,1.75
268,2.152371716,2.153116226,2.154255867,2.149094105,2.152387381,2.155773401,2.154666901,2.152214527,2.156437397,2.154120207,0.0007445103494,1.75
269,2.152158928,2.151429176,2.15195322,2.148082733,2.150550365,2.154689074,2.153553009,2.15106535,2.156456947,2.152848244,0.0007297520386,1.75
270,2.151748781,2.151215315,2.150907278,2.147776604,2.149957657,2.153669357,2.152509451,2.150286436,2.156930685,2.151585579,0.0005334665361,1.75
271,2.149591971,2.15080595,2.151121616,2.146544456,2.149633408,2.152695894,2.151549339,2.151219368,2.154365301,2.150387287,0.001213978779,1.75
272,2.148520231,2.148650169,2.149831772,2.145276308,2.147703886,2.151647568,2.150516987,2.148125172,2.15342164,2.149243116,0.0001299384893,1.75
273,2.147556246,2.14757967,2.148660898,2.144218683,2.146665096,2.150605679,2.149436235,2.143964767,2.151789904,2.148927927,2.342400187e-05,1.75
274,2.147048349,2.146616697,2.146796703,2.142845631,2.14607501,2.149520397,2.148348808,2.14316678,2.150986195,2.147146702,0.000431651627,1.75
275,2.145677161,2.146110058,2.146281719,2.142115355,2.144869804,2.148468018,2.147287607,2.145579338,2.146835327,2.146612167,0.000432897039,1.75
276,2.145521135,2.144740343,2.144230366,2.142055988,2.144080639,2.147359371,2.146172047,2.144096136,2.144591808,2.145559072,0.0007807919196,1.75
277,2.143984425,2.144585848,2.144215107,2.140920401,2.143315077,2.146315813,2.14515233,2.143927574,2.144119978,2.144869328,0.0006014226567,1.75
278,2.143506981,2.143050909,2.143170834,2.139069796,2.141828775,2.145240068,2.14408493,2.141460657,2.146850586,2.143286467,0.0004560717869,1.75
279,2.14231013,2.14257431,2.142254591,2.1391747,2.14151907,2.144187689,2.143014669,2.139865637,2.146870136,2.142529011,0.0002641802747,1.75
280,2.140874999,2.141378641,2.141526699,2.137195826,2.140176296,2.143133879,2.141941786,2.139460087,2.145797014,2.141063929,0.0005036422879,1.75
281,2.140661629,2.139945745,2.140592098,2.136923075,2.138821602,2.142028332,2.140835524,2.137813091,2.143117666,2.140377522,0.0007158837893,1.75
282,2.139929406,2.139733791,2.139583588,2.135919571,2.138863802,2.140992165,2.139781952,2.139372587,2.142292976,2.13999176,0.0001956149032,1.75
283,2.1386081,2.139003277,2.140176773,2.134913683,2.137711525,2.13994503,2.138750315,2.136745214,2.141628742,2.138277531,0.000395176327,1.75
284,2.137214312,2.137683868,2.13796711,2.134625435,2.137126207,2.138897419,2.137685776,2.136625528,2.140111208,2.137322426,0.00046955609,1.75
285,2.136504184,2.136291742,2.135806561,2.132281303,2.13522625,2.137801647,2.13655448,2.135520935,2.139628172,2.136319399,0.0002124421089,1.75
286,2.135222102,2.135585785,2.134284973,2.132451057,2.134626627,2.136739731,2.13549757,2.13454628,2.138970375,2.135354996,0.0003636824255,1.75
287,2.135517642,2.134312391,2.134471655,2.130818605,2.133000851,2.135667086,2.134433031,2.134299755,2.13660574,2.134129047,0.001205250954,1.75
288,2.132938877,2.134609938,2.134734154,2.131376028,2.133402348,2.134669304,2.133430719,2.13241291,2.134124517,2.133726835,0.001671060914,1.75
289,2.13239411,2.132033825,2.133239269,2.128581047,2.131675482,2.133560896,2.132318735,2.130381107,2.132842302,2.13237524,0.0003602850423,1.75
290,2.131713439,2.131486416,2.132427692,2.127880096,2.130561352,2.132490635,2.131250143,2.129430294,2.133998156,2.131262302,0.0002270227003,1.75
291,2.131139368,2.1308074,2.131716728,2.127326488,2.129828453,2.131442547,2.130186796,2.128031969,2.133991957,2.129976273,0.000331968661,1.75
292,2.130730213,2.130234718,2.130887032,2.126425743,2.128867149,2.130429506,2.129155397,2.129297733,2.135118484,2.12866044,0.0004954949554,1.75
293,2.128350426,2.129824638,2.130274296,2.1262362,2.128427267,2.129444361,2.128196478,2.127168179,2.137728691,2.129110575,0.001474212445,1.75
294,2.128595965,2.127445698,2.126046181,2.123959541,2.127954483,2.128350496,2.127107143,2.127221584,2.138748407,2.127253532,0.001150267261,1.75
295,2.128491973,2.127689838,2.127595425,2.124488115,2.12671113,2.127355814,2.126140118,2.126370907,2.138425827,2.125682592,0.0008021349654,1.75
296,2.126768208,2.127586126,2.127409697,2.123431921,2.126150846,2.126394987,2.125197649,2.12571764,2.132341623,2.124753475,0.0008179180227,1.75
297,2.124986653,2.125863075,2.125429869,2.122141123,2.124655008,2.125393391,2.124176502,2.12577343,2.130143642,2.124586582,0.0008764218062,1.75
298,2.124490657,2.124082565,2.124803543,2.120298147,2.122995377,2.124356031,2.123142242,2.123082161,2.128333807,2.123913288,0.0004080916309,1.75
299,2.123636687,2.123586655,2.123450756,2.119539261,2.12231493,2.123356819,2.122161627,2.123746395,2.127433062,2.121921539,5.003219292e-05,1.75
300,2.123043219,2.122733355,2.121891022,2.119105339,2.121474266,2.12236762,2.121165752,2.121515036,2.125051022,2.120473146,0.0003098642366,1.75
301,2.123009155,2.122141361,2.120635986,2.11879015,2.121021509,2.121400118,2.120160341,2.121986151,2.126271248,2.120720625,0.000867793646,1.75
302,2.12077767,2.122107267,2.120727539,2.117697239,2.120514154,2.120496988,2.119293928,2.119867563,2.121480227,2.118353844,0.001329597737,1.75
303,2.119858704,2.119878054,2.118374586,2.116980791,2.119099617,2.119492531,2.118261814,2.11969161,2.123032093,2.117974043,1.934960564e-05,1.75
304,2.119370724,2.118958712,2.11759758,2.115333319,2.118334055,2.11850214,2.117289066,2.119893074,2.120219231,2.117772102,0.0004120125315,1.75
305,2.118197275,2.118471861,2.116923809,2.115024567,2.117275953,2.117566824,2.116406441,2.118086815,2.118974686,2.116935253,0.0002745861794,1.75
306,2.118206437,2.117299795,2.116652012,2.114172935,2.116043329,2.116593122,2.115417957,2.11392951,2.119224787,2.116266966,0.0009066421287,1.75
307,2.116964845,2.117309332,2.116318703,2.114441395,2.116380453,2.115685225,2.114515066,2.116620779,2.117481709,2.115354061,0.0003444867501,1.75
308,2.114453063,2.116066456,2.116958618,2.112270355,2.114720106,2.114763975,2.113597631,2.116918325,2.118415356,2.1140728,0.001613393153,1.75
309,2.113329591,2.113560915,2.116667747,2.110153675,2.112309217,2.113755941,2.112608194,2.112648964,2.117146969,2.113326073,0.0002313239305,1.75
310,2.112406783,2.112438917,2.116110325,2.109313965,2.111208677,2.112739563,2.111559391,2.111577511,2.117191553,2.1117239,3.213386088e-05,1.75
311,2.112841309,2.11151576,2.115474701,2.107823372,2.110441446,2.111741543,2.110588551,2.110870838,2.118058681,2.109585285,0.001325548674,1.75
312,2.110186503,2.111950874,2.115274906,2.107597589,2.109871387,2.110821962,2.109651804,2.109608412,2.11772275,2.109817028,0.001764371271,1.75
313,2.10941757,2.109297991,2.113501787,2.107083321,2.108144045,2.109800577,2.108641386,2.107572317,2.116241455,2.108304024,0.0001195788884,1.75
314,2.108469983,2.108530521,2.112833738,2.105174303,2.107196093,2.10881424,2.107703924,2.108142853,2.114200115,2.107883215,6.053801785e-05,1.75
315,2.107251523,2.107583284,2.111660957,2.103876591,2.106333494,2.107812166,2.106683731,2.106785059,2.113140821,2.106285095,0.00033176155,1.75
316,2.10763867,2.106366396,2.110114098,2.103108168,2.105433464,2.106809378,2.105655909,2.105343342,2.111717701,2.104494333,0.001272274123,1.75
317,2.105883906,2.106751442,2.109918833,2.103207111,2.105530024,2.105885506,2.104730606,2.105322123,2.108449459,2.105000019,0.0008675363211,1.75
318,2.104235857,2.105000019,2.109088898,2.101889372,2.103694201,2.104921818,2.103780508,2.104143143,2.106179237,2.103588581,0.0007641621811,1.75
319,2.103843382,2.103353262,2.106751204,2.100553513,2.102715969,2.103950262,2.102796078,2.102459908,2.109949827,2.102547169,0.0004901203014,1.75
320,2.102732182,2.102960348,2.106184483,2.099767685,2.102017403,2.103002548,2.101878881,2.103507519,2.105309963,2.101043224,0.0002281659416,1.75
321,2.102220127,2.101850271,2.105046511,2.098666668,2.100904942,2.102044582,2.100905657,2.102014065,2.101985216,2.100697994,0.0003698561077,1.75
322,2.101372931,2.101340294,2.104106903,2.097738266,2.100325823,2.101125002,2.099961281,2.099505424,2.102579117,2.099027395,3.263761068e-05,1.75
323,2.100541784,2.100492001,2.103864193,2.097102165,2.099226236,2.100405455,2.099278212,2.097647429,2.099395275,2.098903894,4.97832643e-05,1.75
324,2.099363388,2.099662542,2.102992535,2.096275091,2.098625183,2.099607944,2.098498106,2.098083258,2.101379871,2.098224878,0.0002991547299,1.75
325,2.098719736,2.098485708,2.10205555,2.095672607,2.097425699,2.098768234,2.097669125,2.096458912,2.100511551,2.097831964,0.0002340281253,1.75
326,2.097469466,2.097840309,2.100610256,2.094352722,2.096857309,2.097923994,2.096823454,2.097122431,2.101122618,2.096721888,0.0003708432317,1.75
327,2.096790457,2.096591473,2.099093437,2.093611479,2.095649719,2.097000122,2.095888615,2.095114231,2.098640919,2.095294476,0.0001989844358,1.75
328,2.096219081,2.095914125,2.09837389,2.092721224,2.094745874,2.096095324,2.094983578,2.095360279,2.098053455,2.094872952,0.0003049556955,1.75
329,2.095313578,2.095341921,2.097604513,2.092112541,2.09392786,2.095193863,2.09410429,2.094757795,2.094766617,2.093337536,2.834286777e-05,1.75
330,2.094749958,2.094438076,2.096537352,2.091332436,2.093062639,2.094327927,2.093240738,2.092859983,2.093138218,2.094272137,0.0003118816608,1.75
331,2.09330858,2.093875885,2.096256733,2.090301275,2.092343092,2.093443871,2.09236002,2.093940258,2.091825724,2.092177153,0.0005673053524,1.75
332,2.092801304,2.092435122,2.095252037,2.089472294,2.091287851,2.092521667,2.091431856,2.091813564,2.091189861,2.090965033,0.0003661825696,1.75
333,2.092459694,2.091930151,2.093879223,2.08878088,2.091047287,2.091603041,2.090522289,2.090941906,2.09551239,2.090414524,0.0005295425847,1.75
334,2.091246483,2.091588497,2.093513727,2.0882442,2.090310812,2.09074235,2.089661121,2.089303017,2.09354353,2.089730024,0.0003420138209,1.75
335,2.090375929,2.090376616,2.092677593,2.086598158,2.08863306,2.089882851,2.088805676,2.088521957,2.088763952,2.089137077,6.865481912e-07,1.75
336,2.089611754,2.089512348,2.091209888,2.086548805,2.088184595,2.088988304,2.087941885,2.089211941,2.087297678,2.087838411,9.940551147e-05,1.75
337,2.088497585,2.088746548,2.090287685,2.085434198,2.087337494,2.088098764,2.087024927,2.087556601,2.087749958,2.086948395,0.0002489622451,1.75
338,2.087453874,2.08763361,2.089517355,2.084632158,2.086184502,2.08719635,2.086135149,2.085332632,2.090211868,2.085945368,0.0001797358856,1.75
339,2.086896469,2.086591482,2.088367939,2.083613396,2.08549428,2.086299896,2.085247278,2.085483074,2.089529753,2.085431576,0.0003049864031,1.75
340,2.085607851,2.086034298,2.086852551,2.082770348,2.085142851,2.085411787,2.084364414,2.083324432,2.091485739,2.084247828,0.0004264471383,1.75
341,2.085032777,2.084745646,2.086163044,2.081699133,2.08404994,2.084526062,2.083487749,2.083403111,2.0885005,2.083931208,0.0002871317767,1.75
342,2.084943031,2.084171534,2.086577415,2.081019878,2.082749367,2.083642721,2.082626581,2.081726313,2.089827061,2.08272481,0.0007714978637,1.75
343,2.084000948,2.084082127,2.086205721,2.081012487,2.082534313,2.082823753,2.081800938,2.081902504,2.089496136,2.081630707,8.117868449e-05,1.75
344,2.082551492,2.083140612,2.085691929,2.079869509,2.081686258,2.081994057,2.080964565,2.083216667,2.084525585,2.081017971,0.0005891195127,1.75
345,2.081854683,2.081692934,2.085223675,2.078313112,2.079915285,2.081115484,2.080102205,2.080683947,2.083523035,2.079885721,0.0001617485685,1.75
346,2.082223838,2.080996513,2.084181309,2.077780247,2.079947472,2.080272913,2.07926631,2.080308199,2.080671549,2.079751015,0.0012273247,1.75
347,2.079729304,2.08136487,2.083905458,2.078076601,2.079632282,2.079512358,2.078510046,2.081082106,2.077505827,2.078458071,0.001635565619,1.75
348,2.079105739,2.078874111,2.082187414,2.075696468,2.077792168,2.078643799,2.077655315,2.077456474,2.082535982,2.076732159,0.0002316278686,1.75
349,2.078567488,2.078250647,2.080879211,2.075451136,2.077146769,2.077777863,2.076780319,2.076766014,2.077103376,2.077043772,0.0003168415105,1.75
350,2.077086362,2.077713251,2.079969406,2.074879646,2.076382875,2.076940775,2.075951815,2.077291727,2.074238062,2.076442957,0.000626888979,1.75
351,2.077321563,2.076234102,2.079574823,2.07311058,2.074930906,2.076056719,2.075084209,2.074682474,2.07570672,2.074423552,0.001087460554,1.75
352,2.075737085,2.076467752,2.079742908,2.073386669,2.074888706,2.075280905,2.074320555,2.074663639,2.073608398,2.074936628,0.000730667247,1.75
353,2.074940766,2.074883938,2.078215837,2.072254658,2.073726416,2.074411392,2.073451519,2.073935509,2.078062773,2.073127747,5.68282746e-05,1.75
354,2.073964219,2.074088812,2.078672171,2.071100235,2.072734594,2.073557854,2.072590351,2.073268652,2.077633142,2.072862387,0.0001245933216,1.75
355,2.073352162,2.073112965,2.078464031,2.069882393,2.07111764,2.072706699,2.071765661,2.070755959,2.076718807,2.072421312,0.0002391976534,1.75
356,2.079950608,2.072501421,2.077481747,2.069405317,2.071183443,2.071884632,2.070930481,2.069605827,2.074312449,2.070680141,0.007449186528,1.75
357,2.075383096,2.079096079,2.0816679,2.074368238,2.076459885,2.071487904,2.070538998,2.07820034,2.073617458,2.070945501,0.003712982578,1.75
358,2.075011167,2.074531078,2.080741644,2.07102561,2.07352972,2.070846796,2.069925547,2.072029114,2.069049835,2.069568634,0.0004800884867,1.75
359,2.072137229,2.074158907,2.082209587,2.071023941,2.071808815,2.070267677,2.069340706,2.069173098,2.06805253,2.070467234,0.002021678011,1.75
360,2.069364335,2.071286917,2.079189539,2.068539381,2.069846153,2.069601774,2.068724394,2.070950508,2.072340727,2.069436073,0.001922581891,1.75
361,2.06711909,2.06851697,2.074157715,2.06549859,2.06769371,2.068793535,2.067914248,2.06750989,2.072818756,2.067653418,0.001397879516,1.75
362,2.067104732,2.066273689,2.070799828,2.06472826,2.066164255,2.067870855,2.066996574,2.068155527,2.072459221,2.067440271,0.0008310426542,1.75
363,2.064986308,2.066259623,2.074861765,2.063556194,2.064327717,2.06701827,2.066169977,2.065105915,2.071469069,2.065829754,0.001273314974,1.75
364,2.065081749,2.064143181,2.072893858,2.061734438,2.062908888,2.06608963,2.065213203,2.064189911,2.069725752,2.064517975,0.000938567943,1.75
365,2.063554515,2.064239502,2.072142839,2.061811686,2.062405348,2.06523633,2.064362049,2.063136816,2.067820549,2.064760923,0.0006849866999,1.75
366,2.061892509,2.062713623,2.071408749,2.059790134,2.06084156,2.064374924,2.063517332,2.062557697,2.067160845,2.06252861,0.0008211137637,1.75
367,2.06143085,2.061053038,2.068863869,2.058521271,2.059922934,2.063420057,2.062536955,2.059154272,2.065150976,2.061926365,0.00037781259,1.75
368,2.060710358,2.060591459,2.067462683,2.057455778,2.058981895,2.062494993,2.061583042,2.058576822,2.064235926,2.060659409,0.0001188991947,1.75
369,2.059245324,2.059871912,2.066560984,2.056360722,2.058035135,2.061597109,2.060707092,2.057306767,2.06493926,2.058946609,0.0006265884624,1.75
370,2.058252446,2.05840826,2.064898729,2.055664778,2.056546926,2.060654879,2.059767962,2.05581522,2.062942028,2.058721781,0.0001558141254,1.75
371,2.05766491,2.057414293,2.063473225,2.054793119,2.055516481,2.059740782,2.058834791,2.056331635,2.062178373,2.057716846,0.0002506166901,1.75
372,2.0580895,2.056827784,2.062247515,2.054221392,2.05512476,2.058838606,2.057912827,2.055300236,2.059747934,2.056864023,0.001261715955,1.75
373,2.055759209,2.057252645,2.061638832,2.053953409,2.055232048,2.057967663,2.057034254,2.053767681,2.056146622,2.05608058,0.001493436905,1.75
374,2.054326681,2.054924011,2.059857845,2.052714348,2.053051472,2.056996822,2.056070805,2.053069592,2.052620173,2.055243254,0.0005973302665,1.75
375,2.053884428,2.0534935,2.057946682,2.051258087,2.051794291,2.055990696,2.055096865,2.050930262,2.05224371,2.054994583,0.0003909286755,1.75
376,2.053462915,2.05305171,2.056491375,2.05008316,2.051195383,2.055059671,2.054177761,2.050531387,2.054028511,2.053872585,0.000411205164,1.75
377,2.052542801,2.052629471,2.056479692,2.049705982,2.050450087,2.054103851,2.053215742,2.050716877,2.053770304,2.052241802,8.667003798e-05,1.75
378,2.051126412,2.051712513,2.05561924,2.049130201,2.049889088,2.053149223,2.052247047,2.048056364,2.054404736,2.051290512,0.0005861005649,1.75
379,2.050034482,2.050294638,2.053166866,2.048095465,2.048969746,2.052160025,2.051259995,2.049932241,2.054351091,2.051455975,0.0002601556344,1.75
380,2.049148034,2.049200773,2.052536964,2.046303988,2.047736883,2.051147699,2.050216675,2.048928499,2.051226854,2.049222469,5.273917026e-05,1.75
381,2.048401468,2.048314571,2.052163839,2.045568466,2.046691179,2.05017662,2.049268484,2.04480505,2.052277565,2.049369574,8.689702691e-05,1.75
382,2.048479956,2.04756999,2.05096221,2.045392752,2.046013594,2.049190998,2.048239946,2.046238184,2.050135374,2.047504663,0.0009099657083,1.75
383,2.04668494,2.047650337,2.050147533,2.045048237,2.046252012,2.048243046,2.047288656,2.046238899,2.049999237,2.046334505,0.0009653968518,1.75
384,2.046105171,2.045856476,2.04926157,2.042864799,2.044389486,2.047252178,2.046288252,2.044629812,2.048951387,2.04577899,0.0002486954526,1.75
385,2.044474215,2.045278311,2.04800725,2.042739153,2.043906212,2.0462749,2.045318842,2.042875767,2.046499491,2.045446873,0.0008040956186,1.75
386,2.044563889,2.04365468,2.046994209,2.040961742,2.042528629,2.04526186,2.044304848,2.042978048,2.043748379,2.043588161,0.0009092086821,1.75
387,2.044381915,2.043751717,2.047397614,2.040865421,2.041915894,2.044313192,2.043348551,2.041005611,2.042778015,2.043507576,0.0006301987834,1.75
388,2.042431519,2.043562651,2.047423363,2.041255713,2.04196763,2.043409824,2.042424917,2.043828726,2.04584837,2.041963339,0.001131131788,1.75
389,2.04163216,2.041610003,2.045617104,2.038934469,2.040336132,2.042431831,2.041456223,2.041923523,2.04454565,2.041322947,2.21572817e-05,1.75
390,2.041552626,2.040810347,2.046106815,2.038122654,2.039487362,2.041465998,2.040483475,2.040836096,2.046429634,2.040128231,0.0007422791486,1.75
391,2.039909057,2.040728092,2.046766996,2.038256884,2.03869009,2.040539742,2.039561272,2.037450075,2.042970419,2.039806366,0.0008190353783,1.75
392,2.039447516,2.039084911,2.046196938,2.03592515,2.037600994,2.039572954,2.038602829,2.038752794,2.045162201,2.038451433,0.0003626051363,1.75
393,2.038506643,2.038622379,2.045527458,2.036257267,2.037523031,2.038641214,2.037706852,2.037329674,2.046869516,2.037192822,0.0001157363752,1.75
394,2.03767395,2.037683249,2.045338869,2.035417318,2.036062717,2.037706137,2.036775112,2.03706336,2.040559292,2.036326408,9.298987154e-06,1.75
395,2.03685878,2.036850214,2.044761181,2.034043074,2.035110235,2.036784172,2.035861492,2.03459239,2.038661718,2.036334276,8.566482272e-06,1.75
396,2.035293295,2.036036015,2.043040037,2.033445597,2.034713268,2.035850525,2.034925699,2.035117626,2.043356895,2.034827709,0.0007427199578,1.75
397,2.037396236,2.034469604,2.040565491,2.031812191,2.033363581,2.034886122,2.0339818,2.032611609,2.042379856,2.033918858,0.002926631491,1.75
398,2.034183367,2.036571264,2.040994644,2.034278154,2.034602404,2.034116983,2.033170223,2.034625053,2.037955999,2.032568455,0.002387896805,1.75
399,2.032910169,2.03336072,2.037458181,2.030863523,2.03244257,2.03319931,2.032214165,2.032696486,2.043186188,2.032145977,0.0004505506108,1.75
400,2.032559111,2.032087564,2.035345793,2.029275894,2.030887365,2.032258034,2.031326056,2.031682968,2.040171146,2.030779362,0.0004715464149,1.75
401,2.032010952,2.031736374,2.034017086,2.029261112,2.029997349,2.031353474,2.030384302,2.028003693,2.035993099,2.030067444,0.0002745777938,1.75
402,2.032488875,2.031188011,2.033022404,2.028104782,2.029508829,2.030464649,2.029514313,2.030029774,2.034323692,2.029323101,0.001300863885,1.75
403,2.029909558,2.031666756,2.032705784,2.028288603,2.029921532,2.029649734,2.028726101,2.028852463,2.032485008,2.029047489,0.001757197668,1.75
404,2.029090669,2.029087543,2.031872749,2.026641846,2.027089119,2.02874279,2.027837038,2.027691364,2.027422667,2.028332949,3.125759685e-06,1.75
405,2.029130006,2.028272629,2.031160831,2.027007341,2.026786327,2.02782774,2.026928663,2.025583744,2.024017811,2.028483152,0.0008573767704,1.75
406,2.026808671,2.028309822,2.032873869,2.024883747,2.025917292,2.026977301,2.026091576,2.026370287,2.026444197,2.026260614,0.001501150787,1.75
407,2.025628328,2.025989532,2.032461643,2.023561954,2.024221182,2.026063919,2.02518487,2.023793221,2.030433893,2.025812387,0.0003612044862,1.75
408,2.025308951,2.024809599,2.03139472,2.022651672,2.023405552,2.025132656,2.024209023,2.024343967,2.029495001,2.024341822,0.0004993524142,1.75
409,2.024394663,2.024490356,2.031095982,2.021525145,2.022886276,2.024220943,2.023329973,2.022813797,2.029239893,2.022283077,9.569343099e-05,1.75
410,2.021963939,2.023576498,2.029439449,2.019764423,2.022194147,2.023313999,2.022397518,2.019749165,2.031144619,2.021716595,0.001612559077,1.75
411,2.021727453,2.021147013,2.025933027,2.018832207,2.020612717,2.022352695,2.021473408,2.020250559,2.029619932,2.021555901,0.0005804401045,1.75
412,2.020290096,2.020910025,2.02586484,2.018066645,2.019111156,2.021386385,2.020516396,2.019132614,2.026177883,2.020428181,0.000619928728,1.75
413,2.019977996,2.019473076,2.024914265,2.016920567,2.018633604,2.020395756,2.019516706,2.018518925,2.023590803,2.018590212,0.0005049205775,1.75
414,2.018867826,2.01916194,2.023407936,2.016647816,2.017985106,2.019454479,2.01854682,2.018091202,2.02476263,2.017582893,0.000294113561,1.75
415,2.017445448,2.018056154,2.022879362,2.015831709,2.016872168,2.018484116,2.01759553,2.01698184,2.022286177,2.016559362,0.0006107058786,1.75
416,2.017767038,2.016634941,2.021136761,2.014944792,2.015822411,2.017517567,2.016625643,2.014458656,2.023435354,2.016716242,0.001132097107,1.75
417,2.017625823,2.016954184,2.020773411,2.013939857,2.015438557,2.016607523,2.015690804,2.015038013,2.017966032,2.015024662,0.000671639574,1.75
418,2.015863683,2.016812563,2.020498753,2.013670444,2.015133142,2.015747547,2.014834404,2.014031172,2.01644659,2.014214754,0.000948879822,1.75
419,2.01503097,2.015050411,2.018495798,2.012891293,2.013509035,2.014832973,2.013947725,2.012012482,2.016091347,2.01362896,1.944139811e-05,1.75
420,2.014051119,2.014219284,2.017215729,2.011704922,2.012640476,2.013931513,2.013019562,2.011875629,2.012450218,2.012742758,0.0001681647461,1.75
421,2.014489389,2.013239145,2.01598978,2.01023674,2.011776447,2.013309479,2.012424469,2.010952711,2.01183939,2.012299299,0.001250243843,1.75
422,2.012849333,2.013678551,2.015253544,2.011012554,2.011996269,2.012634277,2.011765957,2.010682583,2.012116194,2.011250257,0.0008292172397,1.75
423,2.011506079,2.012015581,2.014630318,2.00927949,2.010355234,2.011942863,2.011080027,2.010344982,2.014862061,2.010888338,0.0005095021416,1.75
424,2.011497275,2.010651588,2.013605118,2.008212566,2.008871078,2.011156559,2.010296106,2.007697105,2.014406681,2.009586334,0.0008456869133,1.75
425,2.010656132,2.010630846,2.01418519,2.007714748,2.008488178,2.010362387,2.009507418,2.008175373,2.012883902,2.009667397,2.528610765e-05,1.75
426,2.009590941,2.00979948,2.014075041,2.006881475,2.0075984,2.009527445,2.00867939,2.006555796,2.010586023,2.008141041,0.0002085396404,1.75
427,2.008750703,2.008706093,2.013420105,2.006391287,2.006914139,2.008710384,2.007868052,2.006415129,2.012592316,2.00781703,4.461022515e-05,1.75
428,2.008780676,2.007884502,2.012183666,2.005567074,2.006449461,2.007857084,2.007021427,2.005238533,2.006289244,2.007035971,0.000896173302,1.75
429,2.008526039,2.007912159,2.012036324,2.004828215,2.005688906,2.007090092,2.00623107,2.006593227,2.012335777,2.005596638,0.0006138803857,1.75
430,2.006077531,2.007657766,2.012584209,2.004749537,2.004997253,2.006339073,2.005491972,2.004797935,2.005608082,2.005659103,0.001580235815,1.75
431,2.005771879,2.005205631,2.010498524,2.00276804,2.004118681,2.005466938,2.004636049,2.001458168,2.004539013,2.004220247,0.0005662477794,1.75
432,2.004727294,2.004896641,2.009750605,2.002873898,2.003578424,2.004642248,2.003802538,2.004561901,2.003503561,2.003854752,0.0001693463171,1.75
433,2.00521221,2.003853559,2.008995056,2.001311541,2.002609491,2.003812313,2.002974987,2.002949715,2.002923727,2.002861977,0.001358650969,1.75
434,2.004872901,2.004337788,2.0099473,2.001351357,2.00214386,2.003044605,2.002219915,2.000972033,2.00438118,2.001007557,0.0005351135357,1.75
435,2.003620376,2.003999949,2.010892391,2.00140214,2.001729727,2.002301931,2.001485109,2.000441551,2.004014969,2.001515627,0.0003795723791,1.75
436,2.002153311,2.002722025,2.008663177,2.000719547,2.001093149,2.001543283,2.000726938,1.99964571,2.000716686,2.001326323,0.00056871361,1.75
437,2.00109271,2.001260281,2.005948305,1.998483539,1.999989748,2.000790119,1.999987125,1.999317884,2.002272606,2.000200748,0.0001675701922,1.75
438,2.000311354,2.000221968,2.004226208,1.997559667,1.999423862,1.999977112,1.999199152,1.997789025,2.004486322,1.999279261,8.938668925e-05,1.75
439,2.000063215,1.999441862,2.003575325,1.99721396,1.997682571,1.999150038,1.998366117,1.996741772,2.001933336,1.997354507,0.0006213530448,1.75
440,1.999863274,1.999195576,2.003463268,1.996592283,1.99707222,1.99837184,1.997568727,1.99653852,2.002975464,1.998035669,0.0006676986028,1.75
441,1.998975598,1.998996973,2.002749205,1.996124744,1.997447729,1.997645378,1.996883631,1.995414257,2.005380154,1.996754646,2.137472839e-05,1.75
442,1.997335467,1.998110414,2.002583504,1.995592117,1.996371984,1.996913433,1.996149778,1.995839477,1.997458339,1.995624542,0.000774946352,1.75
443,1.997009391,1.996450543,2.001410484,1.994299173,1.995383024,1.996115208,1.995359421,1.994021177,1.999396682,1.995375395,0.0005588480917,1.75
444,1.995893404,1.996146083,2.000597715,1.994009137,1.994505525,1.995340109,1.994582653,1.99478817,1.997028828,1.994675636,0.0002526791562,1.75
445,1.996575492,1.995032072,1.99930954,1.992284656,1.993542194,1.99454546,1.993774414,1.990906,2.003060341,1.993616343,0.001543420106,1.75
446,1.995235909,1.995715141,1.999000549,1.992816448,1.993868232,1.993843198,1.993107319,1.991531134,1.994120121,1.99286449,0.0004792319476,1.75
447,1.994325015,1.994355917,1.997624874,1.992333174,1.993147254,1.993139982,1.992398024,1.989216685,1.990749717,1.991971731,3.090172519e-05,1.75
448,1.992932921,1.993470192,1.996006966,1.990549445,1.991918087,1.992400765,1.99166286,1.991916418,1.994128585,1.991962075,0.0005372705592,1.75
449,1.992129713,1.992056012,1.995150089,1.990309954,1.991111994,1.991635323,1.990903497,1.988375664,1.995043755,1.990700364,7.370070431e-05,1.75
450,1.991830116,1.991275549,1.993839264,1.989253759,1.989329696,1.990845203,1.990115643,1.988095641,1.995230913,1.989743948,0.0005545673478,1.75
451,1.991542417,1.990976572,1.993145943,1.988649368,1.988927245,1.990116119,1.989377737,1.988264322,1.993402839,1.989618421,0.0005658451166,1.75
452,1.989799826,1.990690351,1.992043495,1.988204956,1.989296913,1.989440799,1.988729239,1.987087131,1.984809399,1.988974452,0.0008905248443,1.75
453,1.989193873,1.988926172,1.991095066,1.986421227,1.987314582,1.988673806,1.987984896,1.986282945,1.989898562,1.988008261,0.0002677005247,1.75
454,1.997057868,1.988319039,1.990342379,1.985971808,1.986910343,1.987920046,1.987224936,1.985189199,1.991229534,1.986988187,0.008738828244,1.75
455,1.993502574,1.996203065,1.997427464,1.992327571,1.992588997,1.987652898,1.986947775,1.993538618,1.98969841,1.986708283,0.002700490788,1.75
456,1.991044484,1.992647529,1.996999741,1.989052296,1.990334153,1.987220049,1.986533284,1.989544511,1.986910939,1.986785412,0.001603044182,1.75
457,1.989556594,1.990167737,1.99629879,1.987867117,1.988078475,1.986708164,1.986046433,1.987509966,1.985303998,1.987558365,0.0006111430894,1.75
458,1.987059688,1.988682985,1.996404171,1.986109138,1.986328363,1.986151814,1.985534191,1.987161756,1.986549497,1.986044049,0.001623296867,1.75
459,1.985804026,1.986211896,1.994686604,1.983624101,1.984498978,1.985493898,1.984856009,1.985144496,1.988735318,1.984119773,0.0004078701614,1.75
460,1.984805579,1.98493576,1.993087769,1.982982397,1.982964873,1.984808207,1.984170198,1.983910799,1.988640308,1.984508753,0.000130181638,1.75
461,1.985153149,1.983960032,1.993342638,1.981814861,1.981527805,1.984083652,1.983470678,1.981718421,1.987743497,1.983127356,0.00119311667,1.75
462,1.982861833,1.98428905,1.995157957,1.982282639,1.981394649,1.983535409,1.98291409,1.980242729,1.983441472,1.982722998,0.001427217234,1.75
463,1.981060769,1.981997371,1.991419315,1.980205059,1.980560303,1.982808352,1.982189536,1.979312181,1.982521176,1.981941462,0.0009366021843,1.75
464,1.980316198,1.980199099,1.987558365,1.977743983,1.979105473,1.982001543,1.981412768,1.977630973,1.982943654,1.981110334,0.0001170991365,1.75
465,1.97894695,1.979453683,1.986183882,1.977678418,1.9776963,1.981214762,1.98061049,1.978573203,1.980656266,1.980341792,0.0005067328184,1.75
466,1.978130556,1.978083611,1.985237598,1.976073265,1.976127148,1.980401993,1.979761124,1.976417184,1.978543997,1.978327513,4.694568292e-05,1.75
467,1.977347632,1.97726953,1.983700752,1.974586844,1.975330591,1.979640126,1.979008198,1.97542727,1.9776721,1.977632523,7.810218075e-05,1.75
468,1.977296134,1.976512313,1.982972622,1.974742174,1.974566698,1.978817225,1.978212714,1.973524809,1.978136063,1.97739923,0.0007838209592,1.75
469,1.975614724,1.976464987,1.981533051,1.973815918,1.974760175,1.978044391,1.977393627,1.973174214,1.978774309,1.97572279,0.0008502626088,1.75
470,1.975668067,1.974786997,1.979736805,1.97302556,1.972879887,1.977246284,1.976585984,1.973274708,1.976993918,1.975526571,0.0008810703729,1.75
471,1.97312737,1.974842906,1.979922295,1.972606421,1.972091198,1.976452351,1.975793839,1.97190094,1.975013971,1.974623084,0.001715535632,1.75
472,1.972917431,1.972306848,1.97715044,1.970793962,1.970603228,1.975530982,1.974872351,1.970024109,1.971758962,1.97389257,0.0006105830553,1.75
473,1.973104161,1.972094297,1.97522831,1.970763445,1.970077753,1.974667907,1.974036098,1.972240925,1.971742511,1.973639965,0.001009863701,1.75
474,1.971839852,1.972287416,1.97555685,1.969278336,1.969816446,1.973866701,1.973250985,1.967687368,1.9715693,1.972477317,0.0004475648224,1.75
475,1.970483483,1.971024752,1.975001335,1.969242096,1.968772531,1.972982407,1.972367644,1.96845603,1.972934008,1.971480012,0.0005412683084,1.75
476,1.97000966,1.969671726,1.973893404,1.968077302,1.968130589,1.972078681,1.971439362,1.96782589,1.972633958,1.970689774,0.0003379339163,1.75
477,1.969237346,1.969198465,1.972886682,1.966790438,1.967080116,1.971176863,1.970530748,1.966922164,1.971128821,1.970061302,3.888092346e-05,1.75
478,1.968876457,1.968428969,1.973255754,1.966030598,1.966251612,1.970290422,1.96962738,1.967015982,1.970635056,1.968861699,0.0004474880512,1.75
479,1.967742258,1.968070745,1.973644853,1.965598822,1.965521336,1.969422698,1.968764305,1.964475393,1.968385935,1.968194366,0.000328487488,1.75
480,1.96564162,1.966912508,1.972917318,1.965229511,1.964754105,1.968513846,1.967846036,1.964424729,1.967493534,1.967040777,0.001270887662,1.75
481,1.967144739,1.964809775,1.971379638,1.962696791,1.963358998,1.967552304,1.966866374,1.96410656,1.966569901,1.965810299,0.002334963375,1.75
482,1.965345523,1.966331482,1.970477104,1.964152455,1.964406133,1.966760635,1.966068029,1.962826848,1.965858221,1.965476751,0.000985958523,1.75
483,1.964956238,1.964537859,1.969903231,1.962518573,1.96267724,1.965875387,1.965191126,1.960823774,1.964733481,1.964272618,0.0004183791351,1.75
484,1.96367443,1.964146614,1.969998598,1.962349892,1.961635709,1.965014338,1.964327216,1.960165381,1.961865067,1.964359045,0.0004721836438,1.75
485,1.962859164,1.96287477,1.967969894,1.960545778,1.960916281,1.964116335,1.963413835,1.960639954,1.961376786,1.963492513,1.560597911e-05,1.75
486,1.962567406,1.962056994,1.965954185,1.959982514,1.960266113,1.963254333,1.96254313,1.958955407,1.962384701,1.961758733,0.0005104114744,1.75
487,1.963502061,1.96177876,1.965016723,1.959769964,1.959588647,1.962398767,1.961685419,1.958062887,1.963023186,1.96116817,0.001723300754,1.75
488,1.961043323,1.962715507,1.966537237,1.960582972,1.959637046,1.961631775,1.960896134,1.957271576,1.964016914,1.960428238,0.001672183409,1.75
489,1.960212919,1.960261106,1.963971376,1.958396435,1.958493829,1.960782886,1.960066676,1.95749867,1.964056253,1.960244417,4.818754537e-05,1.75
490,1.959060187,1.959432483,1.961888909,1.956771612,1.95752573,1.959930539,1.959219694,1.95612359,1.965074062,1.959422588,0.000372296203,1.75
491,1.958256743,1.958280444,1.959938169,1.956846714,1.956448317,1.959046602,1.958364248,1.95792532,1.961921692,1.956849456,2.370159285e-05,1.75
492,1.957718412,1.957477808,1.959290504,1.955478072,1.956131697,1.958160877,1.957497835,1.954997182,1.962032676,1.956648588,0.0002406038728,1.75
493,1.956607361,1.956939816,1.958561659,1.954888344,1.954784989,1.957315803,1.956633568,1.95488441,1.961254835,1.95670867,0.0003324550901,1.75
494,1.956835316,1.955831051,1.957820654,1.954329014,1.953503132,1.95646739,1.955787063,1.953418851,1.960239172,1.955828786,0.001004265455,1.75
495,1.956395702,1.956059575,1.958254218,1.953039765,1.953787088,1.955634594,1.954971313,1.953144312,1.959501266,1.954344273,0.000336127162,1.75
496,1.955093795,1.955619693,1.958149552,1.953127623,1.953602552,1.9548347,1.954167485,1.951277137,1.961562753,1.953327656,0.0005258973924,1.75
497,1.953724884,1.954319,1.957640886,1.952027082,1.952164888,1.953995705,1.953266621,1.952552676,1.955141187,1.953109145,0.0005941159694,1.75
498,1.952821438,1.952949643,1.95613575,1.950375795,1.951238394,1.953157067,1.952471614,1.948941469,1.957983851,1.951227427,0.0001282046981,1.75
499,1.952607544,1.952049375,1.954416752,1.950006485,1.950443029,1.952326536,1.951603651,1.950502276,1.951459408,1.950292349,0.0005581694835,1.75
500,1.953708691,1.951836705,1.953833342,1.949572444,1.949746728,1.95151937,1.950812221,1.948113322,1.954781175,1.950656533,0.00187198552,1.75
501,1.951333776,1.952936649,1.955224395,1.95070684,1.949872732,1.950804234,1.950144649,1.94976747,1.953257322,1.950132012,0.001602873607,1.75
502,1.949868128,1.950560212,1.952610016,1.949295878,1.948921204,1.949985027,1.949325085,1.947741389,1.950850844,1.94976747,0.0006920844007,1.75
503,1.949886945,1.949101329,1.950635314,1.948712468,1.947909832,1.949124932,1.948454976,1.945303559,1.948679924,1.949401259,0.0007856162713,1.75
504,1.947649473,1.94911921,1.950169086,1.946317077,1.947177172,1.948328257,1.947656274,1.947457075,1.947563291,1.948032022,0.001469737636,1.75
505,1.946379312,1.946882248,1.950391412,1.944447756,1.945032716,1.947460771,1.946815133,1.945434093,1.949016213,1.946880579,0.0005029361022,1.75
506,1.946547879,1.945615172,1.949566007,1.943857431,1.944112062,1.946563482,1.945897341,1.944834709,1.949356079,1.946281672,0.0009327066911,1.75
507,1.945442018,1.945782304,1.950814128,1.943702817,1.943603873,1.945702791,1.945041656,1.944540262,1.950332046,1.943998098,0.0003402856442,1.75
508,1.945258563,1.944678545,1.950940371,1.941676617,1.942457914,1.944836855,1.944174886,1.941640854,1.949672103,1.943969488,0.000580018366,1.75
509,1.944209912,1.944494009,1.950487375,1.942400813,1.942385435,1.944000244,1.943329573,1.941104054,1.949167609,1.943262935,0.0002840969729,1.75
510,1.943265319,1.943446517,1.948967695,1.941771626,1.941378951,1.943192363,1.94256115,1.94057703,1.943587184,1.942673922,0.0001811982428,1.75
511,1.941793277,1.942502618,1.947278857,1.939857602,1.940595984,1.942360282,1.941717267,1.940136433,1.945145369,1.941098571,0.0007093408118,1.75
512,1.94135105,1.941035748,1.94585371,1.93827796,1.939022303,1.941484928,1.940816164,1.938894033,1.941535473,1.93974781,0.0003153024236,1.75
513,1.941138074,1.940595746,1.944607854,1.938289404,1.938854337,1.940616369,1.939943552,1.937795758,1.943192959,1.939159632,0.0005423283318,1.75
514,1.939990876,1.940380812,1.943409204,1.938727617,1.938347459,1.939783692,1.939145565,1.938390613,1.94165206,1.938388467,0.0003899358044,1.75
515,1.939331735,1.939231157,1.942230582,1.93684268,1.937531352,1.938944459,1.938276291,1.934804201,1.940340996,1.937743664,0.0001005779623,1.75
516,1.938773422,1.938625097,1.941287398,1.936765313,1.936990499,1.93813026,1.93746078,1.935167193,1.940497994,1.936799526,0.0001483248429,1.75
517,1.938096226,1.938072681,1.940073013,1.936341524,1.935939908,1.937303543,1.936662674,1.935714245,1.940107584,1.936741829,2.354446316e-05,1.75
518,1.936796545,1.937411547,1.939398885,1.934837103,1.935350657,1.93648982,1.935821652,1.935204387,1.933817387,1.934967279,0.0006150017131,1.75
519,1.936744835,1.936119914,1.938431382,1.933854938,1.934507132,1.93596971,1.935326338,1.932829618,1.9378829,1.934924245,0.0006249211407,1.75
520,1.935928641,1.936073899,1.938306928,1.933031678,1.933975816,1.935395241,1.934766889,1.933917522,1.935634613,1.934345007,0.0001452584682,1.75
521,1.934741336,1.935261011,1.938006401,1.933353186,1.933141112,1.934765458,1.934127212,1.932335973,1.93681705,1.933425665,0.0005196749126,1.75
522,1.934414193,1.934072256,1.93685317,1.932143569,1.932624578,1.93409276,1.933460474,1.932121515,1.937005162,1.933194876,0.0003419370725,1.75
523,1.934456579,1.933743358,1.936336637,1.931097746,1.931391716,1.933392763,1.932783246,1.929645538,1.932432055,1.932251573,0.0007132211101,1.75
524,1.933354555,1.933787584,1.9364959,1.931207061,1.931121111,1.932730079,1.932105422,1.929096222,1.930522561,1.932025194,0.0004330290434,1.75
525,1.932815399,1.932686567,1.935279369,1.930813074,1.931182981,1.932043433,1.931438565,1.929481506,1.929295063,1.930722952,0.0001288319825,1.75
526,1.931801379,1.932149768,1.933676958,1.929651022,1.930087924,1.931415558,1.930795431,1.930101156,1.930165172,1.930729628,0.0003483888273,1.75
527,1.930947479,1.931136131,1.933004141,1.928684831,1.929603696,1.930722713,1.930114985,1.927436829,1.933345914,1.929740906,0.0001886520182,1.75
528,1.930608816,1.930277467,1.931980491,1.928726554,1.929301023,1.929992914,1.929390192,1.929903507,1.933161139,1.92868948,0.0003313489586,1.75
529,1.928869673,1.929932237,1.931438208,1.927988768,1.927754521,1.929291964,1.928697228,1.926512718,1.930282712,1.928406596,0.001062563828,1.75
530,1.929856476,1.928193212,1.930486917,1.926097393,1.927087903,1.928512335,1.927908778,1.926001549,1.931444883,1.92771554,0.00166326458,1.75
531,1.929137442,1.929178715,1.930120587,1.926490784,1.926867485,1.927838445,1.927239776,1.92586565,1.925206542,1.926506519,4.127282186e-05,1.75
532,1.927602954,1.928459167,1.92978251,1.925981045,1.926342249,1.927166224,1.926577687,1.924951315,1.92689395,1.925969601,0.0008562138675,1.75
533,1.926448278,1.926925182,1.929236174,1.92480278,1.925010681,1.926470876,1.925894022,1.9255023,1.928002834,1.925921679,0.0004769047252,1.75
534,1.925799514,1.925770164,1.92821753,1.923914909,1.924062371,1.925722599,1.925145268,1.922876358,1.925923109,1.924900413,2.935011071e-05,1.75
535,1.925711899,1.925116777,1.927573919,1.922559977,1.923246741,1.925009251,1.924430251,1.922287226,1.928461075,1.924356461,0.0005951214981,1.75
536,1.926126528,1.925023675,1.927553892,1.923277497,1.922760844,1.924280882,1.92371273,1.922097683,1.929986238,1.923302889,0.001102853451,1.75
537,1.92549391,1.925438881,1.928207755,1.92253089,1.922530174,1.923636675,1.923074007,1.92047894,1.92554915,1.922609448,5.502868883e-05,1.75
538,1.923540112,1.924808383,1.926813483,1.922955632,1.922530055,1.923028708,1.922483206,1.92247653,1.924995542,1.922204018,0.001268270925,1.75
539,1.922673526,1.922855616,1.924899817,1.921364665,1.921919107,1.922333121,1.921768308,1.920913696,1.921164751,1.921840549,0.0001820897303,1.75
540,1.921895657,1.921989322,1.92269814,1.918658972,1.920120716,1.921611071,1.921056628,1.916881084,1.920531034,1.920325994,9.366442447e-05,1.75
541,1.921661851,1.921211362,1.921543121,1.919991255,1.919024348,1.920895338,1.920353651,1.916196465,1.919227839,1.919742227,0.0004504895246,1.75
542,1.921097233,1.920977592,1.921220303,1.919703722,1.919159889,1.920210719,1.919668913,1.920017719,1.921761632,1.919653893,0.0001196402934,1.75
543,1.92092385,1.920415044,1.92092514,1.918091774,1.917775273,1.919549704,1.919001937,1.916848302,1.919975281,1.919014573,0.0005088059202,1.75
544,1.920925034,1.920239925,1.92105484,1.917397499,1.917778611,1.918909431,1.918390036,1.915799618,1.91698873,1.917843342,0.000685108382,1.75
545,1.919479808,1.920241237,1.920793056,1.917603016,1.918312192,1.918269634,1.917733669,1.91579926,1.916790485,1.917001009,0.0007614287687,1.75
546,1.918387729,1.918797374,1.919690609,1.916168332,1.916278005,1.917657614,1.917123199,1.91448319,1.915744185,1.917216301,0.0004096444302,1.75
547,1.917175336,1.917707205,1.918778658,1.915231347,1.91552937,1.916990042,1.916478753,1.913789988,1.916473627,1.916493416,0.000531868403,1.75
548,1.916573574,1.916496754,1.917707682,1.914165616,1.914717555,1.916305423,1.915791035,1.913309336,1.918293118,1.915551305,7.682048787e-05,1.75
549,1.915661899,1.915896058,1.916594982,1.914062381,1.914207697,1.915611625,1.915099859,1.912658095,1.917531252,1.914965868,0.0002341588452,1.75
550,1.916060277,1.914983034,1.915197492,1.913162589,1.912736297,1.914904714,1.914414406,1.911656976,1.915336967,1.913792729,0.001077242535,1.75
551,1.91579176,1.915379643,1.915312767,1.912689209,1.913089037,1.914280772,1.913777351,1.911550522,1.914676189,1.913319111,0.0004121164793,1.75
552,1.92265554,1.915112376,1.915099144,1.913336515,1.912917614,1.913743734,1.913226604,1.910185575,1.914184093,1.91289115,0.007543163705,1.75
553,1.92005448,1.921972394,1.922800422,1.918034792,1.91785574,1.91353786,1.913027644,1.920679688,1.91244936,1.912947178,0.001917914176,1.75
554,1.919010545,1.919371128,1.920174122,1.915624261,1.917128205,1.913236856,1.912757635,1.915813923,1.909444332,1.912683487,0.0003605828521,1.75
555,1.915072636,1.918326855,1.920132279,1.914947271,1.915042996,1.912902355,1.912443876,1.914776802,1.908814788,1.91395092,0.00325421852,1.75
556,1.914089983,1.914391756,1.916341662,1.912450194,1.91240108,1.912387729,1.911954165,1.913769841,1.91260469,1.912487984,0.0003017728977,1.75
557,1.912773181,1.913410902,1.915828228,1.911224842,1.911962509,1.91186142,1.911432624,1.913271189,1.912174463,1.91116035,0.0006377208573,1.75
558,1.911979198,1.912094951,1.915452003,1.910010576,1.909974098,1.911284804,1.910840392,1.910306692,1.912504435,1.910522461,0.0001157523064,1.75
559,1.911526132,1.911303759,1.915019512,1.909377098,1.908903122,1.9107337,1.910317421,1.909457445,1.912670016,1.910562515,0.0002223729844,1.75
560,1.909605246,1.91085434,1.915346622,1.908827543,1.908617496,1.910208702,1.909792423,1.908187389,1.911967397,1.909913659,0.001249093181,1.75
561,1.908441856,1.908935308,1.914643764,1.906934261,1.907215476,1.909588456,1.909177303,1.905739546,1.909600735,1.90888989,0.0004934522706,1.75
562,1.907515533,1.907772064,1.91325748,1.905625105,1.905521154,1.90891552,1.908501387,1.904511333,1.908354282,1.907751918,0.0002565308971,1.75
563,1.907002694,1.906847,1.912466645,1.904999018,1.904463887,1.908222198,1.907814503,1.906632781,1.908300281,1.907350183,0.0001556937846,1.75
564,1.906374179,1.9063344,1.910747647,1.903491735,1.904387593,1.90755856,1.907132745,1.903359175,1.907287002,1.906063914,3.97791196e-05,1.75
565,1.905030994,1.905707359,1.908662438,1.903758168,1.903551579,1.906970501,1.906551123,1.903008342,1.907496452,1.9052248,0.0006763648534,1.75
566,1.9056247,1.904365182,1.907166004,1.902886748,1.901949763,1.906280398,1.905869961,1.901473284,1.907429695,1.904695392,0.001259517996,1.75
567,1.903443439,1.904959679,1.906421661,1.902652025,1.902166963,1.905647635,1.905208945,1.899362683,1.903284669,1.903663039,0.001516239893,1.75
568,1.902785927,1.90277946,1.905053854,1.90148294,1.901017427,1.904945254,1.904482841,1.900064945,1.90043211,1.902987361,6.46719391e-06,1.75
569,1.901738184,1.902120471,1.903688312,1.899344206,1.900066376,1.904193759,1.903739572,1.898841858,1.899593949,1.902751923,0.0003822872226,1.75
570,1.899897225,1.901074886,1.902791977,1.900141358,1.899350166,1.903400302,1.902945638,1.898351192,1.898925185,1.901751637,0.001177660971,1.75
571,1.899892806,1.899236083,1.900831461,1.897882342,1.898743153,1.90255928,1.902131081,1.899436831,1.898915291,1.901673317,0.0006567231382,1.75
572,1.899657884,1.89923203,1.899879217,1.897147655,1.897145748,1.90175581,1.901346922,1.895101309,1.898492098,1.900217772,0.0004258539437,1.75
573,1.89787788,1.898997068,1.899645686,1.896914124,1.896998882,1.901000738,1.900590539,1.894952059,1.899634719,1.899893165,0.001119188601,1.75
574,1.899227918,1.897216797,1.89940393,1.895012736,1.895859003,1.900164485,1.899730563,1.895562172,1.900431037,1.898415089,0.002011121045,1.75
575,1.896738314,1.898567319,1.899086237,1.896775246,1.896231651,1.899455905,1.8990165,1.896155119,1.899804831,1.898713946,0.001829004531,1.75
576,1.896052291,1.896080136,1.898631096,1.893544912,1.894464493,1.898606539,1.898157477,1.893234491,1.899574637,1.897391438,2.784542023e-05,1.75
577,1.895673938,1.895397067,1.898099303,1.893300295,1.893101454,1.897767067,1.897318363,1.892849088,1.896949768,1.896799088,0.000276871105,1.75
578,1.895023724,1.89501965,1.897155643,1.892683983,1.89267993,1.896965504,1.896492362,1.892411232,1.896283627,1.894779921,4.073893872e-06,1.75
579,1.894614049,1.894368172,1.895930052,1.89240396,1.892598629,1.896154761,1.895670176,1.8900491,1.893955112,1.894472241,0.0002458776402,1.75
580,1.89549919,1.893955469,1.89505887,1.891302824,1.891789556,1.895364404,1.894859195,1.889877915,1.892993331,1.89401114,0.001543720512,1.75
581,1.891052385,1.894844055,1.896547914,1.891948938,1.891650915,1.894677877,1.894201994,1.890938997,1.892621279,1.893506765,0.003791670248,1.75
582,1.891758491,1.890403748,1.894246578,1.888951659,1.890096307,1.893748045,1.893264055,1.887969732,1.893629909,1.892854929,0.001354743819,1.75
583,1.890708365,1.89111042,1.890974045,1.889101863,1.889417052,1.892899156,1.892408013,1.888801932,1.889343977,1.892530441,0.0004020557114,1.75
584,1.889870945,1.89005971,1.890095353,1.886828184,1.888363838,1.892047048,1.891542792,1.887526631,1.890312672,1.890619636,0.0001887643115,1.75
585,1.889463803,1.889222383,1.888869524,1.888183594,1.887588024,1.891185999,1.8906703,1.887687325,1.888280153,1.889936328,0.0002414199495,1.75
586,1.889826104,1.888814688,1.889864683,1.886833429,1.887252092,1.890331984,1.889794588,1.886499643,1.888453722,1.888964415,0.001011416289,1.75
587,1.888260811,1.889175534,1.891563892,1.886548042,1.886700749,1.889556885,1.889032364,1.885141015,1.89017427,1.8885566,0.0009147235603,1.75
588,1.888225264,1.887615561,1.891190767,1.885420084,1.885543227,1.888749599,1.888216496,1.884381533,1.893702269,1.88744247,0.000609702279,1.75
589,1.886147884,1.88758266,1.890886545,1.885804653,1.885735035,1.887974501,1.887453556,1.886236548,1.885421991,1.886643767,0.001434775649,1.75
590,1.885421726,1.885506511,1.889893532,1.883507967,1.884915113,1.887117386,1.886619806,1.883458972,1.887357235,1.885318518,8.47847759e-05,1.75
591,1.885130654,1.884781361,1.887894392,1.882728934,1.883479834,1.886253357,1.885761499,1.883325815,1.889995694,1.885679364,0.0003492929861,1.75
592,1.885625005,1.884492517,1.887126327,1.88222158,1.882917523,1.885413885,1.884914398,1.882164955,1.888065696,1.884277344,0.001132488559,1.75
593,1.881877926,1.884988785,1.887694597,1.88217783,1.88265872,1.884660602,1.884174466,1.881369829,1.886624932,1.883877158,0.003110858813,1.75
594,1.882643313,1.881242275,1.886486769,1.879432321,1.880721927,1.883686185,1.883180022,1.879426956,1.886375666,1.88152194,0.001401037384,1.75
595,1.885308452,1.882010102,1.884669065,1.879834414,1.880571008,1.8828578,1.882292151,1.879593611,1.883334756,1.882081151,0.003298349464,1.75
596,1.882935758,1.88466835,1.88955164,1.881366372,1.881115556,1.882233381,1.88169229,1.87885952,1.883034468,1.880091667,0.001732592665,1.75
597,1.881555684,1.882299304,1.885101557,1.880171418,1.880523205,1.881486773,1.88093257,1.878572106,1.881064534,1.880231977,0.0007436199907,1.75
598,1.880825136,1.88092339,1.883120298,1.878490925,1.879824758,1.880686998,1.880145192,1.878664255,1.87818563,1.880025625,9.825396474e-05,1.75
599,1.880078964,1.880193233,1.881404519,1.877779961,1.878266811,1.879886627,1.879394174,1.877447367,1.87619257,1.879640579,0.0001142696276,1.75
600,1.879203948,1.879446387,1.881233215,1.877999902,1.877422333,1.879101396,1.878591061,1.877331853,1.876898766,1.878307104,0.0002424392301,1.75
601,1.879778262,1.878569603,1.880672693,1.877771497,1.876680851,1.878338456,1.877840996,1.876997709,1.878071904,1.878470659,0.001208658587,1.75
602,1.878036644,1.879145265,1.882732391,1.876542568,1.876641393,1.87765646,1.877150536,1.875531197,1.877969027,1.877643824,0.001108620313,1.75
603,1.877668041,1.877408147,1.881787896,1.875368118,1.875402331,1.876877546,1.876386404,1.876284957,1.878944159,1.876790285,0.0002598940164,1.75
604,1.876388906,1.877041221,1.881735802,1.874340057,1.874563813,1.87611568,1.875594854,1.87475431,1.876487613,1.875407338,0.0006523150645,1.75
605,1.876080527,1.875762939,1.879997373,1.874098778,1.873700619,1.875317335,1.874836922,1.871504307,1.876354098,1.874383688,0.000317587533,1.75
606,1.874561213,1.875453591,1.878760457,1.872542858,1.873352289,1.874555826,1.874031305,1.872391701,1.878154755,1.873821378,0.000892378037,1.75
607,1.873942238,1.873934388,1.877178073,1.871643305,1.872075677,1.873750448,1.873251677,1.869984627,1.874245882,1.873283267,7.849895934e-06,1.75
608,1.87326666,1.873313308,1.875707626,1.870702505,1.871065378,1.872967005,1.872491121,1.86864841,1.87436676,1.872448921,4.664777462e-05,1.75
609,1.872226429,1.872637987,1.875038028,1.870598793,1.870533228,1.87220943,1.871747255,1.871442199,1.876376629,1.871011734,0.000411557914,1.75
610,1.871923598,1.87159729,1.874665976,1.868609667,1.870164275,1.871412754,1.870912552,1.869785786,1.875019312,1.869843364,0.0003263083553,1.75
611,1.871401379,1.871294498,1.873275995,1.869583726,1.868998885,1.870632768,1.870126605,1.869291186,1.870269775,1.868992686,0.000106880548,1.75
612,1.870593542,1.870782018,1.873331308,1.869398832,1.868427634,1.869851947,1.869351983,1.866594076,1.873924613,1.868845463,0.0001884759118,1.75
613,1.869880746,1.869975209,1.872959256,1.868220568,1.867556572,1.869068742,1.868580818,1.867461443,1.874348879,1.868376374,9.446297502e-05,1.75
614,1.869480857,1.869263053,1.872287512,1.86730206,1.867049813,1.868280768,1.86778307,1.865461349,1.870484829,1.867246389,0.0002178039114,1.75
615,1.868668615,1.868862152,1.871569395,1.867082238,1.866441727,1.867542386,1.867084503,1.865292668,1.868590236,1.867139697,0.000193537267,1.75
616,1.867822275,1.86805141,1.870792389,1.86521244,1.865828156,1.866812229,1.866330385,1.865619898,1.86704278,1.864839792,0.0002291349834,1.75
617,1.86650876,1.867205501,1.869465828,1.865036011,1.865167737,1.866357803,1.865876436,1.864344001,1.865375757,1.865392566,0.0006967408261,1.75
618,1.867414696,1.865891337,1.868518591,1.86404407,1.864629626,1.865805387,1.865337014,1.864176869,1.868166924,1.864675283,0.001523358337,1.75
619,1.865985264,1.866797328,1.867140889,1.864677072,1.86403811,1.865352154,1.864883184,1.862973213,1.863879442,1.864627361,0.0008120644314,1.75
620,1.865355959,1.865369558,1.866156816,1.863306284,1.863211751,1.864741445,1.8642869,1.861674786,1.866561294,1.863801718,1.359901632e-05,1.75
621,1.8659115,1.864741445,1.865430355,1.862838268,1.862570643,1.864131927,1.863685369,1.860744953,1.864896536,1.863081336,0.001170055528,1.75
622,1.864463143,1.865297794,1.865065932,1.862822175,1.862992644,1.863581538,1.863123178,1.86074388,1.863521099,1.862653136,0.0008346516361,1.75
623,1.863205909,1.863850474,1.864472389,1.861834288,1.861956835,1.862987757,1.862532496,1.859882951,1.861140847,1.86220932,0.0006445658109,1.75
624,1.862993962,1.862594843,1.863623142,1.860792875,1.860236764,1.862374783,1.861952662,1.860340357,1.86375618,1.861092925,0.0003991189372,1.75
625,1.86195827,1.862386465,1.863453865,1.860296726,1.860260129,1.861753225,1.861319542,1.859508753,1.85767889,1.861294627,0.0004281955525,1.75
626,1.860230671,1.861359358,1.862884283,1.859875798,1.859615922,1.861099005,1.86066258,1.859211326,1.857704878,1.860408425,0.001128686467,1.75
627,1.860696654,1.859639883,1.862550497,1.857273459,1.858197093,1.860375524,1.859949112,1.856374979,1.862237692,1.859475374,0.001056771395,1.75
628,1.862304856,1.860105395,1.860089302,1.857772589,1.858147264,1.859734654,1.859301209,1.856007576,1.863848329,1.858815789,0.002199460565,1.75
629,1.86048018,1.861711979,1.863895416,1.859734654,1.858662248,1.859233499,1.858793259,1.855402708,1.859547615,1.858137965,0.001231798417,1.75
630,1.858273592,1.859888196,1.861302853,1.858305812,1.857590556,1.858645916,1.858211756,1.856570959,1.857338309,1.857688904,0.001614604449,1.75
631,1.85742482,1.857684016,1.86022222,1.85712111,1.856995106,1.858013153,1.857585907,1.85654211,1.855247736,1.857788444,0.0002591960536,1.75
632,1.85779038,1.856833339,1.858215809,1.854885697,1.855799794,1.85732317,1.85690546,1.853643417,1.857018948,1.855621934,0.0009570414803,1.75
633,1.856438716,1.857195258,1.856774807,1.855058908,1.855362535,1.856701493,1.856297851,1.853808045,1.859635711,1.855217576,0.0007565417001,1.75
634,1.856179827,1.855841279,1.855632663,1.854764462,1.85409832,1.856029153,1.855616093,1.854032993,1.858058095,1.855372548,0.0003385483874,1.75
635,1.855218589,1.855581641,1.855664253,1.854462743,1.853995323,1.855347753,1.854944468,1.853841305,1.85697782,1.854940414,0.0003630525519,1.75
636,1.854341604,1.854616046,1.855840206,1.852300882,1.85241282,1.854670525,1.85427475,1.852108002,1.854328275,1.853295088,0.0002744416631,1.75
637,1.853939225,1.853740335,1.855787277,1.852182746,1.852020264,1.853997707,1.853586316,1.851862669,1.856942892,1.852752328,0.0001988904512,1.75
638,1.85509425,1.853339672,1.855385661,1.851500154,1.851445913,1.853309393,1.852887869,1.851231933,1.856463075,1.852255464,0.001754577938,1.75
639,1.853008167,1.854494214,1.855360866,1.852222085,1.852326035,1.852798939,1.852406263,1.850515485,1.852252483,1.851799607,0.001486046841,1.75
640,1.852659456,1.852409601,1.854466558,1.850644946,1.850733995,1.852144957,1.851725578,1.849396467,1.857867956,1.850997925,0.000249854687,1.75
641,1.851369213,1.852063179,1.853780746,1.849952459,1.849707007,1.85151124,1.851119399,1.847650051,1.850292325,1.850764155,0.000693966287,1.75
642,1.850471329,1.850776672,1.853027582,1.848414421,1.848343134,1.850850344,1.850476146,1.846655726,1.852285266,1.849488616,0.0003053430378,1.75
643,1.850093842,1.849885345,1.85216856,1.848776102,1.848374724,1.850178123,1.849796176,1.846287131,1.851039052,1.84943831,0.0002084973363,1.75
644,1.849179669,1.8495121,1.851039052,1.847780228,1.847340465,1.849535227,1.849117517,1.846957207,1.850607276,1.848709345,0.0003324312929,1.75
645,1.849566373,1.848600507,1.850067019,1.846158266,1.846549273,1.848935485,1.848552346,1.843158484,1.850002766,1.847644329,0.0009658666483,1.75
646,1.851092886,1.848989248,1.849686623,1.847218394,1.846550345,1.848278999,1.847883463,1.845703721,1.84939611,1.847736478,0.00210363803,1.75
647,1.848326414,1.850518346,1.850796342,1.849058151,1.847314477,1.847789526,1.847404838,1.846724749,1.847354293,1.847039938,0.002191931756,1.75
648,1.846953541,1.847753286,1.849701405,1.846030712,1.846137047,1.847164512,1.846789122,1.845234394,1.846938968,1.846343637,0.0007997449613,1.75
649,1.846265997,1.846382141,1.848834276,1.844295144,1.84488678,1.84649086,1.846110344,1.843827367,1.841244459,1.846010208,0.0001161443072,1.75
650,1.854555301,1.845702887,1.846952796,1.843924642,1.843823433,1.845824242,1.845440865,1.842776656,1.846594095,1.844943166,0.008852414056,1.75
651,1.85212044,1.853993416,1.860370636,1.85014081,1.849144697,1.84566164,1.845298529,1.851969838,1.843725681,1.845555067,0.001872975763,1.75
652,1.849012721,1.8515625,1.852046132,1.847869158,1.848312855,1.845385313,1.845037222,1.847785234,1.842905283,1.84484756,0.00254977939,1.75
653,1.848662003,1.848459482,1.848700285,1.846591473,1.846470594,1.84500289,1.844649553,1.847705603,1.842336178,1.845536351,0.000202520564,1.75
654,1.846384385,1.848116636,1.848304868,1.846369505,1.845225334,1.844586372,1.844244957,1.844894409,1.843165159,1.844657063,0.001732250982,1.75
655,1.847454264,1.845846415,1.848547578,1.843410015,1.843387365,1.844073534,1.843738437,1.844598174,1.844373226,1.843428612,0.001607849612,1.75
656,1.845274368,1.846918821,1.849565625,1.844325662,1.84348166,1.843664885,1.843333364,1.842364311,1.846182704,1.843479514,0.001644453741,1.75
657,1.843449318,1.844741583,1.84861207,1.84277761,1.841875434,1.843207121,1.842915058,1.841588497,1.845335007,1.843536139,0.001292264622,1.75
658,1.842278632,1.842918634,1.847856998,1.841834068,1.841415644,1.842577338,1.84228003,1.839316487,1.845174193,1.841956496,0.0006400025668,1.75
659,1.841684016,1.841747165,1.844870329,1.839630485,1.839740872,1.84195447,1.841659427,1.839560151,1.843149424,1.841489792,6.314914181e-05,1.75
660,1.840781552,1.841160774,1.84217751,1.84055388,1.838649273,1.841454029,1.841173768,1.836061239,1.842045069,1.840373039,0.0003792226594,1.75
661,1.8396387,1.840261936,1.841378212,1.839070916,1.837895393,1.840875626,1.840559363,1.839071393,1.842003226,1.84030652,0.0006232363052,1.75
662,1.839149833,1.839117765,1.841581702,1.837321997,1.835719585,1.840240955,1.83991766,1.835062623,1.840862393,1.838943243,3.206790738e-05,1.75
663,1.837507287,1.838629961,1.841073513,1.836681247,1.83571291,1.839613795,1.839307427,1.83562398,1.839480281,1.837969661,0.00112267442,1.75
664,1.837727734,1.836989403,1.84012866,1.835246682,1.834786415,1.838919163,1.838614821,1.834867716,1.840495348,1.837539911,0.0007383308675,1.75
665,1.835187608,1.837208867,1.839071274,1.834952235,1.835317612,1.838274956,1.83796525,1.833579779,1.837519884,1.83619833,0.002021259011,1.75
666,1.834861368,1.834668517,1.836788297,1.832388401,1.832763076,1.837549448,1.83721602,1.832780957,1.835821509,1.835613966,0.0001928512461,1.75
667,1.833409045,1.83434391,1.835205793,1.832732558,1.832111716,1.836811781,1.836473465,1.831490397,1.834625125,1.835429668,0.000934865563,1.75
668,1.833008796,1.832885265,1.8348037,1.830720425,1.831059337,1.836031914,1.835698605,1.831036687,1.83250618,1.834330797,0.0001235311411,1.75
669,1.83198616,1.83249402,1.833797216,1.831210852,1.830304384,1.835252762,1.834953904,1.828704476,1.829442859,1.834326386,0.0005078601577,1.75
670,1.831925865,1.831471801,1.833455205,1.830044746,1.829138994,1.834462404,1.834151149,1.827748895,1.83020401,1.833412766,0.0004540645561,1.75
671,1.834084422,1.831410527,1.833387971,1.829444408,1.828927398,1.83368814,1.833361506,1.828949332,1.831138492,1.832238078,0.00267389521,1.75
672,1.82873795,1.8335706,1.835996628,1.83100462,1.829648972,1.833094835,1.832752824,1.827917576,1.833268642,1.831331611,0.004832649654,1.75
673,1.829186268,1.828226089,1.833217502,1.827572823,1.827337742,1.832190633,1.831853628,1.82571888,1.832659841,1.830938816,0.0009601786321,1.75
674,1.827526237,1.828676105,1.831096411,1.827189803,1.827466846,1.831356406,1.831018209,1.826556802,1.832583547,1.830775738,0.001149867368,1.75
675,1.827569663,1.82701695,1.828882337,1.824398279,1.825260043,1.830467939,1.830153465,1.825220346,1.829773068,1.829064965,0.0005527136619,1.75
676,1.826376664,1.827055931,1.827490926,1.826519847,1.825339556,1.829636097,1.829281092,1.824898601,1.828630805,1.827776194,0.0006792667239,1.75
677,1.826152392,1.825865626,1.827011228,1.825983524,1.824712873,1.8287673,1.828381419,1.827792645,1.827873945,1.827398181,0.0002867655264,1.75
678,1.825161538,1.825647235,1.827438235,1.823794365,1.823199987,1.827931166,1.82755816,1.821699619,1.827610135,1.826900721,0.0004856969724,1.75
679,1.824682939,1.824653983,1.827728987,1.822323322,1.823057294,1.827083111,1.826698899,1.822434664,1.827322483,1.825797319,2.895599925e-05,1.75
680,1.82550239,1.824175954,1.82743001,1.822194457,1.822012067,1.826247454,1.825850725,1.82098794,1.82945466,1.825045109,0.001326435807,1.75
681,1.823629443,1.824995041,1.827585936,1.822860241,1.822420597,1.825504541,1.825096607,1.821607351,1.823616862,1.824523211,0.001365597542,1.75
682,1.823165559,1.823121309,1.826470137,1.820860386,1.821347833,1.824666977,1.824246168,1.82019043,1.827375174,1.823041201,4.424943244e-05,1.75
683,1.821116681,1.822628975,1.825932264,1.821282148,1.820063829,1.823888898,1.823467016,1.819501042,1.821813822,1.822595119,0.001512294163,1.75
684,1.820802578,1.820611954,1.824421167,1.818691254,1.818888307,1.823000669,1.822592616,1.82011795,1.818460464,1.821743608,0.0001906240987,1.75
685,1.820344297,1.820299149,1.823370457,1.818682909,1.818273187,1.822141647,1.821720362,1.816428185,1.825416803,1.821320295,4.514845581e-05,1.75
686,1.819683296,1.819839358,1.82276237,1.817941904,1.817326069,1.82133615,1.820880771,1.817441463,1.830096126,1.820293784,0.0001560628145,1.75
687,1.821667568,1.819173455,1.822173357,1.818830013,1.816750169,1.820512414,1.820092916,1.818106651,1.822388411,1.818525553,0.002494113155,1.75
688,1.819315244,1.821163297,1.825297594,1.819075465,1.817138076,1.819838047,1.81943357,1.816291094,1.825118661,1.818341017,0.001848052403,1.75
689,1.817621227,1.818819642,1.822223783,1.817573547,1.816271901,1.8190732,1.818655729,1.815358281,1.818291664,1.81864512,0.001198415101,1.75
690,1.816598262,1.817082644,1.821601987,1.815328121,1.815806031,1.818235517,1.817823052,1.813924074,1.822545052,1.817638516,0.0004843810664,1.75
691,1.816308776,1.816106319,1.818789005,1.813432574,1.814318895,1.817350984,1.816955805,1.813633919,1.821451187,1.816269159,0.0002024569263,1.75
692,1.815362722,1.815818667,1.816578865,1.814500093,1.813815951,1.816521883,1.816114187,1.812405825,1.827090144,1.814584732,0.0004559455196,1.75
693,1.814726934,1.814872622,1.813973188,1.813727379,1.812515855,1.815745354,1.815295339,1.812240124,1.820916057,1.814612746,0.0001456887318,1.75
694,1.814527686,1.814237714,1.814328194,1.8123101,1.811432481,1.814942241,1.81452775,1.810330629,1.827765942,1.814202428,0.0002899723048,1.75
695,1.813010015,1.814039469,1.815426826,1.812851906,1.811653256,1.814129591,1.813676238,1.810374141,1.816591859,1.812266231,0.001029453718,1.75
696,1.812553547,1.812457323,1.815933466,1.81064117,1.810358882,1.813261986,1.8128016,1.810923338,1.817038417,1.811990142,9.622367221e-05,1.75
697,1.811809868,1.812020421,1.814871192,1.810999632,1.809700608,1.812438726,1.812014341,1.810436368,1.816041589,1.811050415,0.0002105528527,1.75
698,1.811492281,1.811324954,1.813920617,1.810436487,1.808987975,1.811596036,1.811149001,1.809261799,1.814064026,1.811172485,0.0001673274069,1.75
699,1.811354237,1.811012864,1.813297391,1.810348749,1.808491111,1.810789108,1.810365438,1.807644248,1.814473391,1.81098187,0.0003413733001,1.75
700,1.809814717,1.810873747,1.813843012,1.808838964,1.808432221,1.810009956,1.809598207,1.807248831,1.811349273,1.809399724,0.001059030222,1.75
701,1.809096335,1.809335589,1.813363671,1.807670355,1.806710005,1.809173942,1.808782101,1.806189895,1.810988665,1.809024692,0.0002392543135,1.75
702,1.807838711,1.808615685,1.812396765,1.807507753,1.806093693,1.808345556,1.80790925,1.806128621,1.807040691,1.807866931,0.0007769730485,1.75
703,1.80727065,1.807291627,1.811102629,1.805162191,1.805107117,1.807533622,1.807092428,1.805102825,1.812973022,1.806500912,2.097697011e-05,1.75
704,1.806726736,1.806766152,1.809813142,1.804732203,1.804452777,1.80669558,1.806248665,1.80339098,1.813232541,1.80603838,3.941637129e-05,1.75
705,1.806167895,1.806261301,1.808158875,1.804770231,1.803942442,1.805877924,1.80544138,1.80390954,1.811402082,1.805067897,9.340555996e-05,1.75
706,1.805010724,1.805699706,1.806981087,1.805078864,1.802856922,1.80505538,1.804669499,1.801097393,1.806388855,1.804898977,0.0006889820381,1.75
707,1.804253044,1.804540634,1.80664444,1.802073836,1.802001715,1.804201365,1.803797603,1.802489758,1.807375431,1.803165913,0.0002875902635,1.75
708,1.804215125,1.803783774,1.806326985,1.802113295,1.801550627,1.803353906,1.802939057,1.801094532,1.810273767,1.800768018,0.0004313506534,1.75
709,1.803398433,1.803746104,1.805749178,1.801970959,1.801205873,1.802542686,1.802124977,1.799250245,1.807066321,1.801796198,0.0003476712761,1.75
710,1.801496963,1.802903295,1.805318236,1.801781416,1.800190091,1.801752806,1.801348448,1.800120354,1.806266904,1.801366925,0.001406331735,1.75
711,1.801276333,1.801023841,1.804813147,1.799882054,1.798979402,1.800956249,1.800548553,1.798270822,1.80568099,1.800239682,0.0002524924328,1.75
712,1.804056829,1.800804496,1.803157926,1.79927969,1.79824543,1.800136089,1.799726009,1.798163176,1.806924582,1.798540831,0.003252332951,1.75
713,1.800090222,1.803585052,1.807516813,1.802134991,1.799011707,1.799500585,1.799072981,1.798330665,1.803707361,1.798097253,0.003494830486,1.75
714,1.798751948,1.799622297,1.803379536,1.797573447,1.797571182,1.798676729,1.798221827,1.797513843,1.805115461,1.797319531,0.0008703494654,1.75
715,1.798910671,1.798283696,1.801125884,1.797873735,1.796835423,1.79812479,1.797725677,1.797065616,1.800099492,1.797420382,0.0006269744281,1.75
716,1.79706913,1.798440099,1.798626423,1.796879768,1.796320438,1.797573566,1.797160864,1.795505166,1.797372103,1.796939135,0.001370969154,1.75
717,1.797203935,1.79653573,1.799028635,1.794719577,1.794892073,1.796873689,1.796485424,1.794782758,1.799143076,1.795370817,0.0006682048193,1.75
718,1.796382187,1.796666145,1.795004845,1.795936704,1.794064999,1.796250582,1.795868635,1.793445945,1.797560692,1.795794845,0.000283958775,1.75
719,1.795835897,1.79590714,1.79505074,1.794868588,1.793421507,1.795573115,1.795197845,1.792416811,1.800428629,1.794669151,7.124310252e-05,1.75
720,1.794064064,1.795367479,1.795259237,1.794177532,1.792789578,1.794979692,1.794578791,1.79273653,1.797610402,1.794299841,0.001303415072,1.75
721,1.793685052,1.793600559,1.79598701,1.790906429,1.791866302,1.794275761,1.793880939,1.791415453,1.80105722,1.792649508,8.44931486e-05,1.75
722,1.79533385,1.793218613,1.795658112,1.791477919,1.791445374,1.793561578,1.793182492,1.789883852,1.800261855,1.792627096,0.002115237744,1.75
723,1.792604871,1.794867277,1.794326663,1.793389559,1.792608023,1.792979836,1.792562962,1.79054904,1.80217278,1.791610718,0.0022624066,1.75
724,1.792074804,1.791984081,1.793599248,1.79025507,1.789921999,1.792283654,1.791896939,1.791443706,1.797348857,1.790291786,9.072296224e-05,1.75
725,1.790832645,1.79150641,1.793240666,1.789448738,1.789588809,1.791597843,1.791213155,1.789284229,1.79567492,1.790630937,0.0006737650978,1.75
726,1.790312066,1.790370464,1.792666793,1.789278269,1.788365006,1.790869117,1.790507913,1.78852129,1.794732094,1.790020704,5.83986617e-05,1.75
727,1.789702923,1.789846897,1.792146564,1.788735271,1.78779304,1.790164948,1.789780855,1.785486221,1.793324709,1.789173484,0.000143974193,1.75
728,1.789394794,1.789236784,1.791650057,1.787586808,1.787055612,1.789440513,1.789063334,1.785279036,1.789075494,1.788217783,0.0001580103362,1.75
729,1.791539625,1.788929939,1.791491628,1.787440777,1.786485314,1.788776517,1.788401008,1.78592205,1.7886585,1.787734389,0.00260968576,1.75
730,1.788584498,1.791073918,1.795683622,1.789335251,1.786833882,1.788222671,1.787823915,1.786163568,1.787263155,1.787316918,0.00248942075,1.75
731,1.786792847,1.788124561,1.791594505,1.787320137,1.785659194,1.787548661,1.787189245,1.782794595,1.792270184,1.786846519,0.001331714011,1.75
732,1.785770845,1.7862432,1.790032148,1.784909487,1.785109878,1.786785841,1.786417723,1.784589767,1.791763186,1.78589201,0.0004723548279,1.75
733,1.785769313,1.785309315,1.787586093,1.783916712,1.783652306,1.786015034,1.785638928,1.782352686,1.790698647,1.785053015,0.0004599977865,1.75
734,1.784829594,1.785307288,1.785680532,1.784498811,1.783377528,1.785280585,1.784912229,1.781946898,1.790456772,1.784164071,0.0004776945413,1.75
735,1.783451868,1.78436923,1.783551097,1.783371449,1.78174448,1.784554005,1.784192443,1.783142567,1.790281296,1.783520103,0.0009173618665,1.75
736,1.783909721,1.782989025,1.782847762,1.782682061,1.781889319,1.783891201,1.783546329,1.781543732,1.791043639,1.783622622,0.0009206960331,1.75
737,1.783104928,1.783447623,1.783039927,1.782035351,1.780622721,1.783149958,1.782790184,1.783133864,1.789144397,1.781745195,0.0003426950649,1.75
738,1.781965528,1.782504082,1.783449888,1.78093791,1.780103803,1.782438159,1.782069445,1.777730703,1.782524705,1.781254411,0.000538553555,1.75
739,1.78252504,1.781323314,1.783771992,1.779519916,1.779841065,1.781671643,1.781289101,1.779527545,1.783529997,1.780382276,0.001201726548,1.75
740,1.780156696,1.78183341,1.78313446,1.78046751,1.77982533,1.781005144,1.780636787,1.778249741,1.786908746,1.780145049,0.001676714189,1.75
741,1.779881659,1.779705405,1.781958461,1.778506517,1.777853966,1.780222178,1.779862881,1.775468826,1.787046075,1.77910459,0.0001762539639,1.75
742,1.779332264,1.779431224,1.780964017,1.778415918,1.777305722,1.779482245,1.779124618,1.775642395,1.783513188,1.778475523,9.89598212e-05,1.75
743,1.778182405,1.778879881,1.77989769,1.777492166,1.776516914,1.778744578,1.778397799,1.776236176,1.779661059,1.777758718,0.0006974755658,1.75
744,1.777405371,1.777615905,1.77912128,1.776188135,1.775702357,1.777987957,1.777616978,1.774196148,1.783868074,1.776256204,0.0002105339621,1.75
745,1.777410538,1.776699781,1.778209448,1.776420951,1.775082588,1.777278185,1.776901245,1.774164677,1.78304255,1.77638638,0.0007107564759,1.75
746,1.778614665,1.776702523,1.777760386,1.775847793,1.77461946,1.776578307,1.776214957,1.773526073,1.778114676,1.77534318,0.001912141978,1.75
747,1.776172856,1.778165817,1.778623104,1.777171493,1.774838209,1.776000261,1.77565515,1.771795034,1.777883887,1.775666714,0.001992961379,1.75
748,1.785204467,1.775717974,1.777462482,1.775111675,1.773966312,1.775277376,1.774930239,1.771913648,1.776480913,1.77466023,0.009486493637,1.75
749,1.783005179,1.784748793,1.790097713,1.781790495,1.780360818,1.775066257,1.774721146,1.787771583,1.775537848,1.77444458,0.001743613437,1.75
750,1.780621549,1.782356262,1.77871573,1.778813601,1.779438138,1.774790764,1.774469614,1.777884841,1.777428508,1.774516821,0.001734713382,1.75
751,1.778617042,1.780163527,1.774908781,1.778043032,1.778117061,1.774430752,1.774099469,1.776518822,1.775464416,1.775141358,0.001546484659,1.75
752,1.775655415,1.778161764,1.773380041,1.777295589,1.775760174,1.774095774,1.773798943,1.777400374,1.77499187,1.774914384,0.002506349213,1.75
753,1.77503586,1.775206327,1.773942709,1.773851633,1.773704529,1.773574948,1.773295999,1.773185611,1.779328704,1.77364862,0.0001704673345,1.75
754,1.773954984,1.774586797,1.7728827,1.774591446,1.771999717,1.773023367,1.772727966,1.775317192,1.779312849,1.772751331,0.0006318131093,1.75
755,1.772478796,1.773508668,1.773929834,1.772830486,1.770980597,1.772436023,1.772154331,1.772645593,1.779459596,1.772583008,0.00102987211,1.75
756,1.773028744,1.771714568,1.77427578,1.771298647,1.769791961,1.771813035,1.771549463,1.769612908,1.778112888,1.770871878,0.001314175413,1.75
757,1.770055658,1.772387743,1.774602056,1.771320343,1.770406723,1.771255255,1.770968914,1.769895077,1.776599884,1.771147847,0.002332085233,1.75
758,1.770434427,1.769612551,1.773471355,1.768875718,1.767665744,1.770557165,1.770303249,1.765637875,1.774784684,1.769618988,0.0008218762044,1.75
759,1.767456495,1.769993663,1.772952557,1.769342422,1.766864419,1.769943953,1.76969707,1.76725316,1.772860527,1.769153833,0.002537167349,1.75
760,1.766352811,1.766703248,1.771154881,1.766511202,1.765084624,1.769155979,1.768872142,1.765352726,1.769564271,1.767952561,0.0003504365829,1.75
761,1.765809362,1.765767932,1.770191193,1.764733553,1.764094949,1.76835084,1.768067598,1.763471365,1.768243432,1.766711831,4.142995378e-05,1.75
762,1.764929418,1.765369534,1.768150091,1.763771296,1.763092637,1.767556906,1.767281413,1.762476683,1.769016385,1.765411377,0.0004401164398,1.75
763,1.763076602,1.764496922,1.766814232,1.762439013,1.762327671,1.766766429,1.766468406,1.761038899,1.770065427,1.76456511,0.001420320941,1.75
764,1.766589086,1.76246345,1.765343189,1.763438106,1.76059401,1.765920877,1.7655828,1.76163435,1.770391822,1.763870597,0.004125635559,1.75
765,1.763053872,1.765858054,1.768767118,1.765069246,1.761991382,1.76532197,1.764994264,1.761259794,1.770047665,1.763886809,0.002804182507,1.75
766,1.760413246,1.762413859,1.764953613,1.761593223,1.760735035,1.764541984,1.76423192,1.760403395,1.769339085,1.762184739,0.002000613751,1.75
767,1.759555114,1.759977579,1.763780355,1.760273695,1.75792706,1.763614893,1.763323665,1.757874012,1.764615893,1.76313889,0.000422465155,1.75
768,1.758325756,1.759119749,1.761369944,1.757831454,1.757881999,1.762686849,1.762432456,1.757006526,1.76526475,1.761999846,0.0007939935291,1.75
769,1.757376445,1.757867336,1.759631634,1.755663872,1.756505966,1.761734009,1.761462569,1.756082296,1.764830709,1.759964943,0.0004908911641,1.75
770,1.757263301,1.756553531,1.757658005,1.756136656,1.755895972,1.760774612,1.760467529,1.756178021,1.765129328,1.758624673,0.0007097701833,1.75
771,1.755398034,1.756424904,1.753977776,1.756788731,1.754925132,1.75984931,1.759556532,1.7576406,1.763542056,1.758612394,0.001026869764,1.75
772,1.754645537,1.754968882,1.754516363,1.754932523,1.753983617,1.758849502,1.758504152,1.757213116,1.762455702,1.757688284,0.0003233445586,1.75
773,1.754191683,1.754217148,1.756580949,1.752679944,1.752119899,1.757873297,1.75753808,1.752915263,1.759985805,1.756651044,2.546526761e-05,1.75
774,1.753588005,1.753764391,1.757897735,1.752618074,1.75198102,1.756920576,1.756556034,1.751704693,1.760272741,1.754316926,0.0001763855495,1.75
775,1.752648827,1.753162026,1.758782387,1.751795411,1.750822663,1.755946875,1.755580664,1.750095487,1.75805521,1.754364491,0.0005131993379,1.75
776,1.752380642,1.751836181,1.757958412,1.751223683,1.750342846,1.754977703,1.754577875,1.749899268,1.75953567,1.753497362,0.0005444614824,1.75
777,1.751202055,1.751537919,1.756020308,1.751078963,1.750886798,1.75415659,1.753792644,1.749549389,1.757395506,1.753339291,0.0003358636851,1.75
778,1.750743835,1.750520587,1.755718589,1.750454783,1.748909593,1.75320816,1.752840877,1.747347832,1.755635142,1.752130866,0.0002232479891,1.75
779,1.748969065,1.750211954,1.753705978,1.749341011,1.747959137,1.752264977,1.751848698,1.748151064,1.754661083,1.751340866,0.001242889181,1.75
780,1.747785267,1.74854815,1.752368927,1.747478008,1.746694803,1.751281261,1.750843525,1.747277856,1.756221175,1.749910831,0.0007628827105,1.75
781,1.746832016,1.746996284,1.750774741,1.746943235,1.745792866,1.750242949,1.74980092,1.745303988,1.755255461,1.748946071,0.0001642677338,1.75
782,1.74639771,1.745934129,1.749196053,1.745523095,1.745108843,1.749219894,1.74874115,1.744457483,1.755010128,1.747495413,0.0004635807723,1.75
783,1.745663214,1.745589852,1.747194052,1.745799184,1.744769692,1.748221397,1.74778831,1.744572401,1.755922794,1.747073531,7.336164371e-05,1.75
784,1.74773791,1.745111585,1.74546206,1.744197845,1.74379468,1.747233868,1.746792674,1.744688988,1.75562191,1.746342897,0.002626325353,1.75
785,1.74463986,1.746925592,1.748360157,1.747182131,1.744137049,1.74640131,1.745977283,1.743559957,1.752901554,1.745302439,0.002285732304,1.75
786,1.742565448,1.744216919,1.745952725,1.742857575,1.742742896,1.745430708,1.745028257,1.743495226,1.752138019,1.743251085,0.001651471053,1.75
787,1.742800855,1.741435766,1.745750785,1.741161227,1.740609169,1.74444437,1.744033694,1.743443131,1.75268364,1.743838906,0.001365088708,1.75
788,1.740007935,1.741899729,1.743835092,1.741698742,1.741269112,1.743474245,1.74303627,1.741061807,1.757078409,1.74229455,0.001891793526,1.75
789,1.740435617,1.739581823,1.742590666,1.737954021,1.739004731,1.742380619,1.741962433,1.740260601,1.755062699,1.741075993,0.0008537935107,1.75
790,1.739390912,1.739813209,1.740693569,1.739282608,1.738560557,1.741360188,1.740919232,1.740878344,1.752187252,1.738841534,0.0004222965249,1.75
791,1.738558569,1.738981485,1.740016341,1.73834312,1.737468719,1.740332127,1.739810586,1.734714389,1.749593854,1.738594651,0.0004229165159,1.75
792,1.737212654,1.738153338,1.740109444,1.736610532,1.736623406,1.73930788,1.738826036,1.735523224,1.751014948,1.737383485,0.0009406844557,1.75
793,1.737318981,1.736184478,1.739799023,1.73589325,1.735720992,1.738263249,1.737770557,1.737002134,1.745682716,1.736599922,0.001134502751,1.75
794,1.735517169,1.736298203,1.739933252,1.735941291,1.735271096,1.737362146,1.7368716,1.734026074,1.74842751,1.736425757,0.0007810345473,1.75
795,1.736291181,1.734852076,1.738279223,1.735139132,1.733963251,1.736339927,1.73588264,1.731242418,1.746126771,1.735300541,0.001439105595,1.75
796,1.734183134,1.735386491,1.739541292,1.734206676,1.732982516,1.73539412,1.734927654,1.733788252,1.744230628,1.734903574,0.001203357034,1.75
797,1.736839798,1.733779907,1.737351179,1.734600067,1.732043743,1.734362364,1.733922839,1.730634212,1.745747447,1.73441577,0.003059890331,1.75
798,1.731958463,1.735807419,1.74430418,1.735668182,1.733164191,1.733559132,1.733085155,1.734311581,1.742939234,1.733130932,0.003848955336,1.75
799,1.732557014,1.730907202,1.737376809,1.731406212,1.729774952,1.732503295,1.732044697,1.732033372,1.741353631,1.731950879,0.001649812518,1.75
800,1.732046951,1.731602311,1.73726666,1.731511831,1.730221748,1.731524706,1.731033921,1.729725361,1.742727757,1.730767965,0.0004446393798,1.75
801,1.730732067,1.730978966,1.734728575,1.731362939,1.729381204,1.730594635,1.730113029,1.726725101,1.739889026,1.72921443,0.0002468986575,1.75
802,1.729275753,1.729930043,1.733291626,1.728346467,1.728314638,1.729635,1.729184389,1.728168726,1.738552928,1.72917521,0.0006542899815,1.75
803,1.72805386,1.728884935,1.731261849,1.728537321,1.727209568,1.728629351,1.728188872,1.726978779,1.735991597,1.728381157,0.0008310755771,1.75
804,1.728223827,1.72742033,1.729263663,1.726962447,1.726071477,1.727635384,1.727220774,1.725612283,1.738282681,1.727663755,0.0008034966391,1.75
805,1.726547701,1.727762938,1.727677345,1.72689724,1.726319194,1.726666212,1.726258278,1.725436449,1.735844016,1.725474238,0.001215236587,1.75
806,1.725244933,1.725473762,1.726636767,1.725599527,1.725227118,1.725658417,1.725215912,1.725190639,1.740942478,1.723881006,0.0002288289512,1.75
807,1.724874327,1.724617839,1.725178719,1.724317074,1.723448396,1.724630475,1.724156618,1.72518146,1.737534046,1.723495245,0.0002564885832,1.75
808,1.723374933,1.72445488,1.723921061,1.722806215,1.722843766,1.723624587,1.723164558,1.724175215,1.736420751,1.722581148,0.001079947209,1.75
809,1.722311042,1.722987294,1.723668933,1.723054647,1.721971512,1.722580433,1.722124815,1.720871925,1.733566999,1.721290231,0.000676252118,1.75
810,1.721916416,1.721259356,1.722511649,1.721815825,1.720339894,1.721545339,1.721056938,1.720376253,1.732986569,1.720115781,0.0006570599617,1.75
811,1.720988477,1.7208004,1.723083735,1.722218871,1.720496774,1.720594645,1.720155597,1.719127774,1.73281467,1.719233751,0.0001880771212,1.75
812,1.720297916,1.720034957,1.7236619,1.720084906,1.71862793,1.719598651,1.719136477,1.717895746,1.731455564,1.718414664,0.0002629587907,1.75
813,1.719077185,1.719628334,1.723148823,1.720430374,1.718240142,1.718947649,1.71849072,1.717415571,1.73151207,1.718382955,0.0005511491992,1.75
814,1.719410051,1.718698859,1.722439051,1.71728313,1.717503309,1.718238711,1.717816114,1.718276501,1.727047324,1.717087984,0.0007111919289,1.75
815,1.718063783,1.71903193,1.721643209,1.717536449,1.717717171,1.717558146,1.717117548,1.717408776,1.724884629,1.716221571,0.0009681465745,1.75
816,1.716690226,1.717469692,1.720229864,1.716856837,1.716216087,1.716816545,1.716367483,1.714461923,1.725174904,1.716020584,0.0007794663493,1.75
817,1.715187805,1.71560657,1.719049215,1.715049148,1.714804769,1.715977311,1.71554029,1.713591576,1.724123836,1.714235425,0.0004187647778,1.75
818,1.714561935,1.71458149,1.717280626,1.714360714,1.713911772,1.715112329,1.714676738,1.713546395,1.723036647,1.714253545,1.955491943e-05,1.75
819,1.714020784,1.714189053,1.716503143,1.714776039,1.712603092,1.714262247,1.713825703,1.713072062,1.726913452,1.712947607,0.0001682690359,1.75
820,1.713068032,1.713650227,1.715359807,1.713094115,1.712072372,1.713416696,1.713001966,1.710563779,1.720589638,1.71233511,0.0005821945022,1.75
821,1.712404098,1.712475538,1.714425564,1.711570978,1.711236358,1.712621212,1.712204933,1.710941672,1.723645091,1.711203098,7.144035448e-05,1.75
822,1.713195835,1.711321473,1.713842869,1.711968064,1.710380793,1.711771727,1.711350918,1.709848881,1.721800685,1.710116982,0.001874361384,1.75
823,1.713853575,1.712773681,1.715131283,1.712018371,1.710296154,1.711068392,1.710633159,1.711124897,1.720890403,1.710262775,0.001079894755,1.75
824,1.710384283,1.713479161,1.716439486,1.713374734,1.710195661,1.710384846,1.709975123,1.708816528,1.719021201,1.709527969,0.003094878557,1.75
825,1.708510002,1.709525943,1.712883234,1.710453033,1.709348917,1.709537745,1.709135056,1.708925962,1.718413472,1.7087605,0.001015940599,1.75
826,1.707737971,1.708142281,1.711947083,1.709006429,1.708094835,1.708640099,1.708223701,1.708566189,1.715704918,1.707485199,0.0004043095135,1.75
827,1.707365775,1.706791162,1.708211184,1.706891656,1.707038283,1.70775032,1.707315445,1.706392646,1.717779517,1.70649004,0.0005746121503,1.75
828,1.706480672,1.706226349,1.705623388,1.705182314,1.705587029,1.706862688,1.706439376,1.70440197,1.712905765,1.704763174,0.0002543235746,1.75
829,1.705238967,1.705246449,1.702971339,1.705985188,1.705201864,1.706126928,1.705704927,1.705166101,1.718098998,1.704731703,7.481102701e-06,1.75
830,1.704504676,1.704430461,1.701671839,1.704909921,1.703347206,1.705278158,1.704857588,1.703624606,1.713173866,1.704976916,7.42147346e-05,1.75
831,1.70365625,1.70409441,1.703205228,1.70405364,1.70349443,1.704383016,1.703980207,1.703032732,1.711303711,1.702967167,0.000438159941,1.75
832,1.70352292,1.703292489,1.704953671,1.70304513,1.702178597,1.703488231,1.703082204,1.700712323,1.714837313,1.70279336,0.0002304311408,1.75
833,1.702211557,1.703160048,1.706803083,1.7034477,1.701225877,1.702629089,1.702240705,1.700439453,1.713876128,1.701965928,0.0009484905941,1.75
834,1.702279642,1.700964332,1.707042694,1.701079607,1.700360417,1.701738834,1.701337814,1.698489428,1.714610577,1.700210571,0.001315310485,1.75
835,1.701782967,1.701033235,1.706670046,1.700969458,1.700535059,1.700928926,1.700532675,1.699408054,1.712959051,1.699767828,0.0007497320807,1.75
836,1.699735916,1.700501204,1.705838799,1.700278759,1.70013845,1.700109363,1.699700475,1.699643016,1.71370852,1.69927597,0.0007652875918,1.75
837,1.699268338,1.6990484,1.703391433,1.699295759,1.698525786,1.699218988,1.698826551,1.702064157,1.710684419,1.697154403,0.0002199379615,1.75
838,1.697480004,1.698878646,1.702314615,1.698209167,1.697565556,1.698364973,1.697949886,1.698641658,1.707982063,1.697793841,0.001398641679,1.75
839,1.69763525,1.696296573,1.699587584,1.697427511,1.695981503,1.697461486,1.697061777,1.699222207,1.706469774,1.69592309,0.001338677558,1.75
840,1.695754961,1.696555614,1.699594498,1.697999954,1.695760489,1.696620107,1.696212411,1.696493745,1.704263926,1.695839047,0.0008006535733,1.75
841,1.695297957,1.694563389,1.696836948,1.694796562,1.694473505,1.695734382,1.695372939,1.694042206,1.708833218,1.694160223,0.0007345678758,1.75
842,1.694702157,1.694304228,1.696074247,1.69524014,1.693794727,1.694865823,1.694478273,1.693081975,1.707408667,1.693782449,0.0003979294784,1.75
843,1.696652976,1.69402647,1.694519401,1.69446826,1.69320035,1.694028139,1.693644762,1.691429853,1.704328895,1.693479419,0.002626505712,1.75
844,1.693385493,1.695240974,1.698828101,1.695885539,1.693122745,1.693328381,1.692958355,1.692135811,1.700586677,1.692467928,0.001855481365,1.75
845,1.691868045,1.693029523,1.694086313,1.6923033,1.691860437,1.692472816,1.692082644,1.692311764,1.701160669,1.691359878,0.001161478096,1.75
846,1.706191598,1.690427065,1.693894148,1.692266703,1.691120028,1.691573381,1.691197872,1.689596891,1.70165062,1.691492319,0.01576453273,1.75
847,1.702804023,1.704760313,1.711258888,1.702092171,1.69980669,1.691442132,1.691045642,1.702633381,1.701278687,1.691304922,0.00195629051,1.75
848,1.70122509,1.70181632,1.698825359,1.699297428,1.699403882,1.691205978,1.690849662,1.694140196,1.696340203,1.690642715,0.0005912299632,1.75
849,1.700391421,1.699759483,1.696751595,1.699238896,1.697981715,1.691036224,1.69066298,1.701511025,1.698655248,1.692812085,0.000631937408,1.75
850,1.696370711,1.699218273,1.699133396,1.699261546,1.696525693,1.690784693,1.690485597,1.69598341,1.696945071,1.692396045,0.0028475618,1.75
851,1.693407901,1.694850445,1.696748257,1.69454515,1.693743944,1.690331221,1.690044403,1.695853949,1.699238181,1.690993667,0.001442543453,1.75
852,1.690933605,1.693051457,1.692429304,1.693351984,1.691843748,1.68979311,1.689529538,1.693302989,1.699700713,1.690765738,0.002117852213,1.75
853,1.68947855,1.689513326,1.684078574,1.690733194,1.689884782,1.689090729,1.68887794,1.68725872,1.700133085,1.690249801,3.477519562e-05,1.75
854,1.687934551,1.688805103,1.681520939,1.688880444,1.687707186,1.688386917,1.688146114,1.688532591,1.699654222,1.688266873,0.000870552749,1.75
855,1.686591321,1.687178254,1.680372715,1.687897325,1.686222196,1.687628269,1.687374592,1.688800454,1.699423909,1.687363982,0.0005869332041,1.75
856,1.685596349,1.685139418,1.682219744,1.685329437,1.684592009,1.686835527,1.686636209,1.686380982,1.698665977,1.685310602,0.0004569311985,1.75
857,1.684483818,1.684341669,1.686185598,1.686260581,1.684461594,1.686014056,1.685762644,1.686627746,1.696473956,1.685195923,0.0001421492484,1.75
858,1.683026971,1.683781981,1.688985825,1.685062051,1.682095289,1.685202837,1.684913039,1.683170319,1.695953846,1.683805346,0.0007550102059,1.75
859,1.6809959,1.682441473,1.690808177,1.681992292,1.680836797,1.684318662,1.684052825,1.682167768,1.694147825,1.681563854,0.001445573447,1.75
860,1.68133844,1.679488063,1.690431833,1.680323839,1.679709196,1.683408737,1.683188796,1.680511832,1.692461133,1.68112886,0.00185037749,1.75
861,1.67871071,1.679740787,1.689476967,1.680356264,1.680232525,1.682536006,1.682242274,1.678514957,1.690773845,1.679898977,0.001030076363,1.75
862,1.677195482,1.678370357,1.686889529,1.678604364,1.677518487,1.681671381,1.681347132,1.677846313,1.69030571,1.679462314,0.001174874561,1.75
863,1.6753108,1.675701022,1.685078025,1.67591393,1.675892353,1.680621505,1.680302858,1.679125309,1.688764095,1.678399682,0.0003902217811,1.75
864,1.674644786,1.674058914,1.682782769,1.674439311,1.674332142,1.679549932,1.679218292,1.675996065,1.686774492,1.676910758,0.0005858723139,1.75
865,1.672870747,1.673749447,1.68117404,1.675238371,1.673470974,1.678508997,1.678199291,1.673310518,1.685506344,1.67702806,0.0008786997932,1.75
866,1.671809102,1.672010422,1.678914547,1.672069311,1.671934247,1.67739296,1.677100778,1.674726009,1.684374213,1.676127195,0.0002013193324,1.75
867,1.671307025,1.670140982,1.67798388,1.671078444,1.671331763,1.676249504,1.675981045,1.674734354,1.685665011,1.674664736,0.001166042879,1.75
868,1.673310695,1.669636846,1.677746177,1.671542525,1.669992089,1.67512548,1.674836874,1.67112422,1.687525511,1.673027754,0.003673849716,1.75
869,1.670492515,1.672981024,1.682219982,1.673561573,1.670232892,1.67422986,1.673934937,1.670239449,1.686379671,1.673023582,0.002488509265,1.75
870,1.667818592,1.669055223,1.678791523,1.669748545,1.668996572,1.673178911,1.672871351,1.670430422,1.684172392,1.672077775,0.001236631546,1.75
871,1.667426959,1.666869044,1.676829457,1.668276548,1.667600393,1.671993494,1.671692014,1.670696616,1.681267381,1.671439767,0.0005579149846,1.75
872,1.66656759,1.665982366,1.675462842,1.668219447,1.666998863,1.670861363,1.670496583,1.667327762,1.680116773,1.668746233,0.0005852244435,1.75
873,1.664731194,1.664808035,1.673661232,1.665154815,1.665908337,1.669716239,1.669306278,1.668114424,1.679151893,1.667166352,7.684081997e-05,1.75
874,1.663204108,1.663656592,1.670786142,1.663447142,1.663833141,1.668504238,1.668078899,1.665307283,1.678311467,1.66748178,0.0004524838985,1.75
875,1.662263802,1.662874699,1.668345451,1.663025498,1.662754655,1.667265892,1.666846037,1.663638353,1.677668095,1.666123152,0.0006108964891,1.75
876,1.661137684,1.660771966,1.666938066,1.661933661,1.661211491,1.666029811,1.665589213,1.663506031,1.677096367,1.664224625,0.0003657177643,1.75
877,1.660190203,1.659485459,1.666052938,1.661657095,1.660716891,1.664790034,1.664319515,1.666641831,1.675655961,1.664057732,0.000704743558,1.75
878,1.658794339,1.658892155,1.666389942,1.660515785,1.659271836,1.66354239,1.663075686,1.662359118,1.671991348,1.662473202,9.781577881e-05,1.75
879,1.658444994,1.658341885,1.666779995,1.658807874,1.65769136,1.662301898,1.661822319,1.662982225,1.671716928,1.660940409,0.0001031094609,1.75
880,1.656789485,1.6581285,1.668071985,1.657524347,1.65726161,1.661093235,1.660534739,1.655550718,1.670553207,1.65856719,0.001339015202,1.75
881,1.657823259,1.654968023,1.666795731,1.656187177,1.656250954,1.659826994,1.659290552,1.659189701,1.670814157,1.658265471,0.002855235812,1.75
882,1.654769289,1.656866074,1.667460084,1.65735662,1.656827569,1.658678293,1.658127308,1.658934593,1.672365069,1.658006072,0.002096784615,1.75
883,1.653610368,1.653589606,1.66594398,1.655830741,1.6541394,1.657397985,1.656870723,1.656787872,1.675606251,1.654890418,2.076185184e-05,1.75
884,1.647566081,1.653211236,1.663909435,1.653369665,1.65350306,1.656116843,1.655611396,1.65398407,1.670357823,1.653869748,0.005645155027,1.75
885,1.651773843,1.646206737,1.662258148,1.649189591,1.651149988,1.654485583,1.653995395,1.655253887,1.670388222,1.652650237,0.005567106841,1.75
886,1.651337993,1.649926901,1.663731813,1.651769876,1.651156187,1.653231144,1.65269959,1.653207421,1.673652411,1.651840329,0.001411091741,1.75
