cycle,capacity_true_ah,MGI-DSSM,MSTEA-Net,IC2ML,BATTER-MoE,RUL-Mamba,PatchFormer,SG-DiTs,Autoformer,iTransformer,MGI-DSSM absolute error (Ah),EOL threshold (Ah)
64,1.050114387,,,,,,,,,,,0.77
65,1.044345654,,,,,,,,,,,0.77
66,1.043579684,,,,,,,,,,,0.77
67,1.04143387,,,,,,,,,,,0.77
68,1.042326438,,,,,,,,,,,0.77
69,1.041955783,,,,,,,,,,,0.77
70,1.034641963,,,,,,,,,,,0.77
71,1.033443463,,,,,,,,,,,0.77
72,1.03291745,,,,,,,,,,,0.77
73,1.032427234,,,,,,,,,,,0.77
74,1.025694489,,,,,,,,,,,0.77
75,1.03208333,,,,,,,,,,,0.77
76,1.031910898,,,,,,,,,,,0.77
77,1.031384485,,,,,,,,,,,0.77
78,1.030364006,,,,,,,,,,,0.77
79,1.025377354,,,,,,,,,,,0.77
80,1.025316924,,,,,,,,,,,0.77
81,1.024726664,,,,,,,,,,,0.77
82,1.023678922,,,,,,,,,,,0.77
83,1.023080049,,,,,,,,,,,0.77
84,1.022644748,,,,,,,,,,,0.77
85,1.02209035,,,,,,,,,,,0.77
86,1.021515457,,,,,,,,,,,0.77
87,1.016603677,,,,,,,,,,,0.77
88,1.021017053,,,,,,,,,,,0.77
89,1.015750462,,,,,,,,,,,0.77
90,1.015133512,,,,,,,,,,,0.77
91,1.014788483,,,,,,,,,,,0.77
92,1.00553917,,,,,,,,,,,0.77
93,1.004114978,,,,,,,,,,,0.77
94,0.9987375786,,,,,,,,,,,0.77
95,0.9978437616,,,,,,,,,,,0.77
96,1.016196169,,,,,,,,,,,0.77
97,1.015518543,,,,,,,,,,,0.77
98,1.014263594,,,,,,,,,,,0.77
99,1.022954003,,,,,,,,,,,0.77
100,1.023095879,,,,,,,,,,,0.77
101,1.013637451,,,,,,,,,,,0.77
102,1.042110101,,,,,,,,,,,0.77
103,1.041562374,,,,,,,,,,,0.77
104,1.04968097,,,,,,,,,,,0.77
105,1.050218967,,,,,,,,,,,0.77
106,1.034513942,,,,,,,,,,,0.77
107,1.034205858,,,,,,,,,,,0.77
108,1.034671846,,,,,,,,,,,0.77
109,1.033362148,,,,,,,,,,,0.77
110,1.032349956,,,,,,,,,,,0.77
111,1.041169381,,,,,,,,,,,0.77
112,1.041413811,,,,,,,,,,,0.77
113,1.031678125,,,,,,,,,,,0.77
114,1.025124551,,,,,,,,,,,0.77
115,1.0237632,,,,,,,,,,,0.77
116,1.023033828,,,,,,,,,,,0.77
117,1.016824986,,,,,,,,,,,0.77
118,1.03089167,,,,,,,,,,,0.77
119,1.031329277,,,,,,,,,,,0.77
120,1.021634639,,,,,,,,,,,0.77
121,1.013692987,,,,,,,,,,,0.77
122,1.01405069,,,,,,,,,,,0.77
123,1.007424739,,,,,,,,,,,0.77
124,1.014495475,,,,,,,,,,,0.77
125,1.021236116,,,,,,,,,,,0.77
126,1.021451952,,,,,,,,,,,0.77
127,1.021308149,,,,,,,,,,,0.77
128,1.021086871,,,,,,,,,,,0.77
129,1.020821496,,,,,,,,,,,0.77
130,1.020985153,,,,,,,,,,,0.77
131,1.020792862,,,,,,,,,,,0.77
132,1.020496332,,,,,,,,,,,0.77
133,1.019993246,,,,,,,,,,,0.77
134,1.015980809,,,,,,,,,,,0.77
135,1.015687961,,,,,,,,,,,0.77
136,1.015556833,,,,,,,,,,,0.77
137,1.015508283,,,,,,,,,,,0.77
138,1.015482734,,,,,,,,,,,0.77
139,1.015929979,,,,,,,,,,,0.77
140,1.019976881,,,,,,,,,,,0.77
141,0.9974043011,,,,,,,,,,,0.77
142,0.9982094551,,,,,,,,,,,0.77
143,0.9965402094,,,,,,,,,,,0.77
144,0.9960214937,,,,,,,,,,,0.77
145,0.9946042078,,,,,,,,,,,0.77
146,1.004795305,,,,,,,,,,,0.77
147,1.005341906,,,,,,,,,,,0.77
148,0.9892254454,,,,,,,,,,,0.77
149,0.987830348,,,,,,,,,,,0.77
150,0.9952966605,,,,,,,,,,,0.77
151,1.004763953,,,,,,,,,,,0.77
152,1.004959506,,,,,,,,,,,0.77
153,0.9888022696,,,,,,,,,,,0.77
154,0.994025599,,,,,,,,,,,0.77
155,0.9943771459,,,,,,,,,,,0.77
156,0.9938228624,,,,,,,,,,,0.77
157,0.994604013,,,,,,,,,,,0.77
158,1.0029174,,,,,,,,,,,0.77
159,1.003949833,,,,,,,,,,,0.77
160,0.9891224078,,,,,,,,,,,0.77
161,0.988369608,,,,,,,,,,,0.77
162,0.9872901233,,,,,,,,,,,0.77
163,0.9883442786,,,,,,,,,,,0.77
164,0.9966089388,,,,,,,,,,,0.77
165,1.002802835,,,,,,,,,,,0.77
166,1.003350892,,,,,,,,,,,0.77
167,0.9870692908,,,,,,,,,,,0.77
168,0.9887449288,,,,,,,,,,,0.77
169,0.9951140079,,,,,,,,,,,0.77
170,1.003506223,,,,,,,,,,,0.77
171,1.003696885,,,,,,,,,,,0.77
172,1.003872604,,,,,,,,,,,0.77
173,1.004058067,,,,,,,,,,,0.77
174,1.004254427,,,,,,,,,,,0.77
175,1.004406299,,,,,,,,,,,0.77
176,1.005054048,,,,,,,,,,,0.77
177,1.005266705,,,,,,,,,,,0.77
178,1.005370895,,,,,,,,,,,0.77
179,1.00539994,,,,,,,,,,,0.77
180,1.005700273,,,,,,,,,,,0.77
181,1.005801999,,,,,,,,,,,0.77
182,1.005855574,,,,,,,,,,,0.77
183,1.005880827,,,,,,,,,,,0.77
184,1.00601995,,,,,,,,,,,0.77
185,1.005986302,,,,,,,,,,,0.77
186,1.005987602,,,,,,,,,,,0.77
187,1.005969613,,,,,,,,,,,0.77
188,0.9963309572,,,,,,,,,,,0.77
189,0.9948217445,,,,,,,,,,,0.77
190,0.994521028,,,,,,,,,,,0.77
191,0.9883843457,,,,,,,,,,,0.77
192,0.9871311328,,,,,,,,,,,0.77
193,0.9961886674,,,,,,,,,,,0.77
194,1.001626754,,,,,,,,,,,0.77
195,0.9973176446,,,,,,,,,,,0.77
196,0.9868966355,,,,,,,,,,,0.77
197,1.02672174,,,,,,,,,,,0.77
198,1.032906029,,,,,,,,,,,0.77
199,1.034320311,,,,,,,,,,,0.77
200,1.034823915,1.031915784,1.01145947,1.010994911,1.013345003,1.000905991,1.011450648,1.027725697,0.9857645035,1.002744198,0.002908131401,0.77
201,1.034883664,1.031224012,1.01535368,1.01324892,1.017643929,1.001147747,1.014573812,1.030565977,0.9964544177,1.006407976,0.003659651398,0.77
202,1.034729272,1.031974077,1.017546177,1.020306826,1.019467235,1.001452923,1.015126705,1.030149937,1.007513046,1.010504246,0.002755195061,0.77
203,1.034700333,1.034020185,1.019090533,1.021321177,1.026356101,1.001706481,1.016778708,1.027742505,1.000429153,1.015026927,0.0006801473834,0.77
204,1.034815043,1.033571124,1.020374179,1.024545431,1.024586201,1.001927257,1.019765973,1.026707768,0.9925816059,1.019494891,0.001243918658,0.77
205,1.034575276,1.034274578,1.021609426,1.025358677,1.028689265,1.002078772,1.022864223,1.029251218,1.004668236,1.018975258,0.0003006976561,0.77
206,1.034186764,1.034330249,1.02288878,1.029160976,1.029759169,1.002543807,1.02464807,1.027781844,0.9979909062,1.022423029,0.0001434847132,0.77
207,1.033809756,1.033818245,1.023462772,1.027813077,1.029367566,1.002974391,1.024415731,1.026258469,0.9977220297,1.023644686,8.488676637e-06,0.77
208,1.033089976,1.032256246,1.023281574,1.025376201,1.029570341,1.003411889,1.023868799,1.025117397,1.001064658,1.028007627,0.0008337300524,0.77
209,1.032852285,1.031396031,1.023045897,1.024624586,1.028796673,1.003824115,1.023656607,1.02634573,1.015584946,1.029359221,0.001456254015,0.77
210,1.032568951,1.03278482,1.022141337,1.022462606,1.028845668,1.004267693,1.022328019,1.024688721,1.014391899,1.028270721,0.0002158684105,0.77
211,1.032250894,1.031580091,1.0219208,1.02072835,1.028253078,1.004549384,1.02126193,1.029194951,1.01378572,1.026994824,0.0006708035293,0.77
212,1.032131119,1.031586766,1.023205161,1.019699574,1.027539253,1.004825234,1.021246552,1.025079131,1.009088397,1.031385183,0.0005443529739,0.77
213,1.031588573,1.031564593,1.022264719,1.020450473,1.028217673,1.005344152,1.022122622,1.027647853,1.003617525,1.032767534,2.397934679e-05,0.77
214,1.022828694,1.029891014,1.024839282,1.02164638,1.027851343,1.005841613,1.022956371,1.024025679,0.9921462536,1.0268085,0.007062319811,0.77
215,1.0139823,1.021265507,1.020125031,1.02055788,1.025062799,1.004740357,1.017578006,1.021020889,0.9988956451,1.039116383,0.007283206501,0.77
216,1.014445993,1.01470077,1.013643503,1.012928724,1.021624684,0.9991942048,1.00911653,1.012050509,1.006649733,1.036273479,0.0002547774675,0.77
217,1.013516961,1.016101003,1.010129213,1.009913206,1.019052982,0.9999493957,1.009185553,1.010181785,0.9958833456,1.035987139,0.00258404156,0.77
218,1.007194748,1.013940811,1.007585049,1.01203084,1.017171144,1.000974774,1.006568432,1.010619164,0.9872231483,1.034031034,0.006746063292,0.77
219,1.015550963,1.008105278,1.004327059,1.006673217,1.01429522,0.9951138496,1.00130868,1.010066152,0.9717456102,1.032847166,0.00744568522,0.77
220,1.021081419,1.017097354,1.005382538,1.008092165,1.013568759,1.003446698,1.007393241,1.011356831,0.9749355316,1.023270726,0.003984064836,0.77
221,1.015078869,1.01619482,1.007838249,1.009861827,1.014519691,1.005764365,1.010596156,1.014903903,0.9618554115,1.027453423,0.001115951506,0.77
222,1.005128281,1.008455992,1.007208586,1.006555915,1.01406014,1.004869938,1.006159663,1.005383849,0.9903367162,1.031553626,0.003327710759,0.77
223,1.004521569,1.003848553,1.003933549,1.001083374,1.010288477,0.990650475,0.9967138767,1.003926754,0.9996637106,1.03818655,0.0006730163912,0.77
224,0.9991076826,1.005419374,1.006596684,0.9978111982,1.007355571,0.9884215593,0.9946683049,1.003592491,1.00267148,1.028936625,0.006311691035,0.77
225,0.9976109538,1.000052452,1.002322555,0.9959408641,1.005569339,0.9822302461,0.9891213775,1.000193954,0.9773726463,1.027131319,0.002441498354,0.77
226,1.007006829,0.9985128046,0.9993630052,0.9929056168,1.003186822,0.98493433,0.9885838032,1.001217484,1.003088951,1.033011913,0.008494024517,0.77
227,1.00764634,1.009577513,1.002616048,0.9976599813,1.00331676,1.000697017,0.9966858029,1.006690025,1.002570152,1.02489543,0.001931172632,0.77
228,0.9982191782,1.003899098,1.004907608,0.9960595965,1.00319922,1.00276494,0.9973540306,1.001896977,1.02436471,1.018614411,0.00567991935,0.77
229,0.9958854368,0.9953382017,1.001824975,0.9961676598,1.001843691,0.9904726744,0.9899946451,0.9983008504,0.9717659354,1.027239799,0.0005472350725,0.77
230,0.9953109274,0.9960444571,0.9991404414,0.9893093705,0.9987163544,0.9836317301,0.9867249727,0.9936297536,0.9916715026,1.021318316,0.0007335297019,0.77
231,0.9898175083,0.9962904455,0.9974415898,0.9898068309,0.9968098402,0.9838675857,0.9864802361,0.9955429435,0.9863346815,1.015767097,0.00647293718,0.77
232,0.9885376187,0.9913858773,0.9934684634,0.9842757583,0.9957526922,0.9802841544,0.981775105,0.9932713509,0.9832172394,1.009684086,0.002848258605,0.77
233,0.9979857013,0.9898192885,0.9917343259,0.982432127,0.9934980273,0.980071485,0.9817785621,0.9931600094,1.014425993,1.003829598,0.008166412791,0.77
234,1.003679111,1.000314951,0.9965382218,0.9853320122,0.994053781,0.9948380589,0.9880218506,1.000379682,1.017277122,0.9942194223,0.00336416024,0.77
235,0.9964134269,1.001777887,0.9990029931,0.9885051847,0.9965083599,1.002834439,0.9914454222,0.9964880943,1.019186497,0.9963907003,0.005364460559,0.77
236,0.9868981716,0.9894600513,0.9977642894,0.982457757,0.9959340692,0.9954779148,0.9872441888,0.9930648804,1.02097249,0.9925380945,0.002561879645,0.77
237,0.9870884784,0.986263037,0.9952289462,0.9797033668,0.9931007028,0.9770947695,0.9821938872,0.9904230237,1.010815144,0.9943846464,0.0008254414455,0.77
238,0.9867313291,0.988878906,0.9936459661,0.9777479172,0.9913417697,0.9767211676,0.9804311991,0.9889620543,0.9850648046,0.9812842607,0.002147576917,0.77
239,0.9863201182,0.9884729388,0.992441833,0.9764027596,0.9901973009,0.9791846871,0.979709208,0.9899570346,0.9797870517,0.9848637581,0.002152820551,0.77
240,0.9890539221,0.9875661733,0.991545856,0.9777686,0.9897731543,0.9818799496,0.9797432423,0.9915809631,0.9750525951,0.9843912125,0.001487748774,0.77
241,0.9954218229,0.9937265517,0.9926685691,0.9812667966,0.9890500903,0.9861302972,0.9841048121,0.9922481775,0.9811230898,0.9803189039,0.001695271234,0.77
242,0.9956969401,0.9923823478,0.9944708943,0.985958159,0.9906064868,0.9967780709,0.9888547659,0.9974654317,0.980304718,0.9825704098,0.003314592323,0.77
243,0.979523569,0.9915004971,0.9952122569,0.9855250716,0.9917175174,0.9978445768,0.9884161353,0.9901750088,0.976184845,0.9841995239,0.01197692807,0.77
244,0.9787960271,0.9773432617,0.990907371,0.9793884158,0.9877697229,0.9703196883,0.9772925377,0.9844273925,0.9998451471,0.9887953997,0.001452765369,0.77
245,0.9889367651,0.9804290537,0.9888597131,0.9778501987,0.9855017066,0.9683202505,0.9758663177,0.9831708074,1.005522013,0.9815020561,0.008507711453,0.77
246,0.9966287385,0.9923630359,0.9915133119,0.9802653193,0.9862669706,0.9848847985,0.9849668145,0.985588491,0.9938308597,0.9784098268,0.004265702677,0.77
247,0.9969204554,0.9982876183,0.9936954379,0.9862553477,0.9886174202,0.9995387197,0.9905668497,0.9992753863,0.982465446,0.9892238379,0.001367162936,0.77
248,0.9968583608,0.9947810771,0.9949780107,0.9865979552,0.9912502766,0.9998982549,0.9926794171,0.9922698736,0.9972910881,0.9904862642,0.002077283735,0.77
249,0.9968217321,0.9947556259,0.9963254333,0.9875079393,0.9912350178,0.9993549585,0.9932871461,0.994495213,0.9950019121,0.9938051701,0.00206610626,0.77
250,0.9968846355,0.9954047801,0.9975947738,0.9855416417,0.9934781194,0.9989176393,0.9921284318,0.9948417544,0.9947537184,0.9950680733,0.001479855468,0.77
251,0.9968361943,0.9959034325,0.9982598424,0.98679775,0.993452251,0.999427557,0.9893811345,0.9949008822,0.9939431548,0.9934091568,0.0009327617636,0.77
252,0.9968111573,0.9960823061,0.9985209107,0.9842492342,0.9942073226,0.9995530248,0.9890263677,0.9967876077,1.01023972,0.9909473658,0.0007288512505,0.77
253,0.9965887635,0.9963377716,0.9990116954,0.9861731529,0.9953538179,0.9996635914,0.9921494126,0.9956876636,0.9933884144,0.9878826141,0.0002509919613,0.77
254,0.9963911038,0.9964229466,0.9991124272,0.9882993102,0.9960137606,0.9995628595,0.9930321574,0.9960293174,0.9846559763,0.9944010973,3.184276838e-05,0.77
255,0.9962127682,0.9956561328,0.9995564818,0.98961097,0.9956433773,0.9994597435,0.9920887947,0.9925435185,0.9926036596,0.9980131984,0.0005566353474,0.77
256,0.9960312371,0.9957169892,1.000665903,0.9884191751,0.9959976077,0.9994062185,0.9898927212,0.9956962466,1.010124683,0.9950820804,0.0003142478603,0.77
257,0.9959191105,0.9959347846,1.000242233,0.9880942702,0.995501101,0.9993818998,0.9900563955,0.9972643852,1.006214738,0.9922503233,1.567401912e-05,0.77
258,0.9958409529,0.9957073928,1.000209212,0.9874750376,0.9957040548,0.9992843866,0.9895632863,0.9978713989,0.9946832657,0.9933959842,0.0001335600297,0.77
259,0.9958535703,0.9949745537,1.000912189,0.9868069887,0.9953088164,0.9991964698,0.987234652,0.9956177473,0.9768362045,0.9932288527,0.0008790165419,0.77
260,0.9957174755,0.9951357843,1.000737429,0.9869915247,0.9950912595,0.9991624355,0.9859220982,0.9959654808,0.9924679995,0.9899158478,0.0005816911525,0.77
261,0.9956502163,0.9952089192,1.000718951,0.9865762591,0.9953320622,0.999029398,0.9863328338,0.995745182,0.9751273394,0.9908427,0.0004412970481,0.77
262,0.9954229014,0.9951292874,1.000660181,0.9869241118,0.9952722192,0.9987470508,0.9869402051,0.9984008074,0.9785465002,0.9902617931,0.0002936140424,0.77
263,0.9789682931,0.9946233632,1.000776887,0.9868492484,0.995121181,0.9982944131,0.9856796265,0.9926646948,0.9763479829,0.989033401,0.01565507011,0.77
264,0.977751225,0.9786711935,0.9940239787,0.9762758613,0.991278708,0.9675526619,0.9760339856,0.9828760028,0.9684419632,0.9791593552,0.0009199685955,0.77
265,0.9775720728,0.9801223282,0.9892175794,0.9747672081,0.9881114364,0.9672707915,0.975143373,0.9823793769,0.9643598199,0.9814370871,0.002550255348,0.77
266,0.9863157375,0.9790095095,0.9869558215,0.9736154675,0.9851719141,0.9681167006,0.9746996164,0.9787679911,0.9635921717,0.9803081751,0.007306228009,0.77
267,0.9871017938,0.9889496567,0.9880762696,0.9780557752,0.9852341413,0.9888936877,0.9781785011,0.9866336584,0.9678977728,0.9826183915,0.001847862937,0.77
268,0.9783507628,0.9832588437,0.9888195395,0.9782146215,0.9859814048,0.9895840287,0.979621768,0.989400804,0.9712231159,0.9812730551,0.00490808098,0.77
269,0.9704417053,0.9744472509,0.985906899,0.9750220776,0.9825484157,0.9754807949,0.9750497937,0.9794918895,0.970287323,0.9791724682,0.004005545653,0.77
270,0.970365392,0.971171499,0.9818627238,0.9684193134,0.9804670811,0.9629104733,0.9686017632,0.9753426909,0.9679611921,0.9732567072,0.0008061069497,0.77
271,0.9699810677,0.9719057686,0.9799372554,0.9661934376,0.9765849113,0.963645339,0.9659593105,0.9737153053,0.9674078226,0.9683918953,0.001924700837,0.77
272,0.978424532,0.9710838801,0.9784572721,0.962947309,0.9758086801,0.9661759138,0.964513123,0.9729511142,0.9712048769,0.9662772417,0.007340651834,0.77
273,0.9796393159,0.9816485051,0.9802061915,0.9662299752,0.9762656093,0.980861485,0.969012022,0.9761763811,0.9542346001,0.9705449939,0.00200918916,0.77
274,0.9852947168,0.978410006,0.9805757403,0.9691643715,0.9766761065,0.9826690555,0.9711005688,0.9833757281,0.9684671164,0.9762411118,0.006884710806,0.77
275,0.9689327047,0.9833217862,0.9831001163,0.9711876512,0.9787883759,0.988945365,0.9739136696,0.9841226935,0.9743266106,0.9765696526,0.01438908154,0.77
276,0.9683434833,0.9671112904,0.9780697823,0.9650456309,0.9759578109,0.9659449458,0.966125071,0.9683946967,0.9681476355,0.9709936976,0.001232192922,0.77
277,0.9682142884,0.9693698294,0.9755089879,0.9636166692,0.9734172821,0.9665361643,0.9642019868,0.9728474021,0.9683358073,0.9675768614,0.001155541097,0.77
278,0.9685044632,0.9703226097,0.9755347967,0.962844193,0.9726900458,0.9663939476,0.9647729397,0.9733315706,0.9790195227,0.9667608738,0.001818146496,0.77
279,0.9684786167,0.9708725817,0.973387897,0.9635605216,0.9707109332,0.9718942642,0.964643538,0.967484653,0.9716937542,0.9659580588,0.002393965003,0.77
280,0.9778201329,0.9695312984,0.9726489186,0.9613489509,0.9716307521,0.9714688659,0.9644970894,0.9702777267,0.9774267673,0.9649507999,0.008288834442,0.77
281,0.9784144961,0.9781335001,0.9767019153,0.9650142193,0.9712147117,0.9826747179,0.9693781137,0.9784390926,0.9784828424,0.9717689753,0.0002809960042,0.77
282,0.9692798785,0.9729144579,0.978167057,0.9676961303,0.9744564891,0.9832100272,0.9706926346,0.9818099141,0.9776062369,0.9744167328,0.003634579387,0.77
283,0.9623054153,0.9671205291,0.9757556915,0.9642802477,0.9720999599,0.9729009271,0.9652510285,0.96573174,0.9614889026,0.9721559286,0.004815113803,0.77
284,0.9625190325,0.9631931197,0.9727410078,0.957531929,0.9690471292,0.9614251256,0.961307168,0.959677577,0.9673658609,0.9653675556,0.0006740871215,0.77
285,0.9619630371,0.9640612016,0.9715474248,0.9565684199,0.9673272371,0.9626401067,0.9599193335,0.9657067657,0.9929611683,0.9615318775,0.002098164568,0.77
286,0.9610128335,0.9632583867,0.969855845,0.9554501176,0.966578424,0.9646508098,0.9600582719,0.9677151442,0.9900211096,0.9624615312,0.002245553214,0.77
287,0.9700352375,0.9622486245,0.9678683281,0.954444468,0.9648845196,0.9647839069,0.9589664936,0.9624342322,0.9912027121,0.961845994,0.007786612953,0.77
288,0.9766201259,0.9735917455,0.9712480903,0.9585712552,0.9657917619,0.9753386974,0.9644503593,0.9726194143,0.9614385366,0.9649798274,0.003028380427,0.77
289,0.9711609395,0.9754311448,0.9744166732,0.9621649384,0.9684798121,0.9799557924,0.9683923721,0.9790073633,0.9624770284,0.9665063024,0.004270205217,0.77
290,0.9602030222,0.9674550899,0.9740572572,0.9613745809,0.9691929221,0.9770895839,0.9651830792,0.97611624,0.9626687765,0.9667240381,0.007252067773,0.77
291,0.9603708915,0.9595028176,0.9709189534,0.9550179839,0.9663069248,0.9597856998,0.95830971,0.9589133263,0.9676967859,0.9596790671,0.0008680739057,0.77
292,0.9625217997,0.9622085702,0.9701183438,0.9555640817,0.9637891054,0.9591917992,0.9571947455,0.9670379758,0.9898372293,0.9603379369,0.0003132295248,0.77
293,0.9619549657,0.9642813216,0.9702476859,0.9549521208,0.9644057155,0.9643735886,0.9586807489,0.9618557096,0.95977211,0.9600545168,0.002326355867,0.77
294,0.9711865107,0.9640322338,0.9694897532,0.9570811391,0.963927269,0.9666591287,0.9601121545,0.9666005373,0.9654605389,0.9613058567,0.007154276895,0.77
295,0.9765622595,0.972125054,0.9717858434,0.9596862793,0.9657638669,0.9756805301,0.9657050967,0.9730175138,0.9605323076,0.965478301,0.004437205413,0.77
296,0.9766113986,0.9752007132,0.9743167162,0.9637922049,0.9680165648,0.9778007269,0.9691497087,0.9708790183,0.9522646666,0.967499733,0.001410685406,0.77
297,0.9766634217,0.9739344722,0.9755026698,0.9641247988,0.9707453847,0.9781666994,0.9677839279,0.9666843414,0.961240828,0.9726611376,0.002728949482,0.77
298,0.9766857261,0.9745111471,0.9765047431,0.9661666751,0.9711766243,0.9779706597,0.9674214125,0.9746424556,0.9611809254,0.9725832939,0.002174579035,0.77
299,0.9774036787,0.9753927594,0.977440834,0.9655749202,0.9714182019,0.9777231812,0.9685046673,0.9737676978,0.9717438817,0.970950067,0.002010919335,0.77
300,0.9775983374,0.9768557553,0.9787927866,0.9671862721,0.9735119343,0.9778592587,0.9703825712,0.9713020325,0.9550338984,0.9706711173,0.0007425820707,0.77
301,0.9777585751,0.9776359205,0.9789686799,0.9676181078,0.9746803641,0.9778199792,0.9716339111,0.9770040512,0.9508321285,0.9717841148,0.000122654626,0.77
302,0.9778448237,0.9774250989,0.979406178,0.9700567126,0.9754852057,0.9777317643,0.9722090364,0.9753240347,0.9649487734,0.9758299589,0.0004197247964,0.77
303,0.9779059718,0.9782811408,0.9802284241,0.9689023495,0.976533711,0.97757411,0.9714897871,0.973238647,0.9516222477,0.9742972851,0.0003751689903,0.77
304,0.9779961773,0.9782537822,0.9802231193,0.971804738,0.9763732553,0.9774246216,0.9720994234,0.9764605761,0.9579341412,0.9761686325,0.000257604943,0.77
305,0.9780021007,0.9781723027,0.9804136157,0.9694514275,0.9764949083,0.9772387147,0.9715334773,0.9743420482,0.957693994,0.9734892845,0.0001702020038,0.77
306,0.9780862536,0.9776337747,0.9807017446,0.971331656,0.9760243893,0.976971209,0.9709671736,0.9771814942,0.9678432345,0.9753234386,0.000452478843,0.77
307,0.9782530921,0.9768059258,0.9811534882,0.9677912593,0.9762503505,0.9767382145,0.9705448747,0.9752311707,0.9516034126,0.9726170301,0.001447166254,0.77
308,0.9785300332,0.9770890479,0.9813163877,0.9702952504,0.9762755632,0.9767043591,0.9710854292,0.9761348963,0.9612096548,0.9737089872,0.001440985331,0.77
309,0.9783459545,0.9776036744,0.9811564088,0.9695129991,0.9766440988,0.9767175913,0.9710549116,0.9775703549,0.9673891068,0.9733700752,0.0007422800996,0.77
310,0.9783354432,0.9774229531,0.9812506437,0.9696219563,0.9769368172,0.9764899611,0.9701566696,0.9750302434,0.9593607187,0.9724572897,0.0009124900862,0.77
311,0.9681818611,0.9774799948,0.9808728695,0.9668980837,0.9771094322,0.9762392044,0.9692775607,0.9761401415,0.9562019706,0.9685284495,0.00929813367,0.77
312,0.9608754365,0.9677526363,0.9765517116,0.9638639688,0.9745642543,0.968105495,0.963496089,0.9716446996,0.9513379335,0.9703440666,0.006877199774,0.77
313,0.96095834,0.9626833808,0.9721416235,0.9583126903,0.9709743261,0.9563241005,0.9589603543,0.9628762603,0.9396449924,0.9680191278,0.001725040789,0.77
314,0.9608500606,0.9628531348,0.9699298143,0.9574378729,0.9678612947,0.9573892951,0.9589989185,0.9617339969,0.9461596608,0.9653531313,0.002003074162,0.77
315,0.9600415446,0.9620465052,0.9681107998,0.9564317465,0.9658899903,0.9606234431,0.9587086439,0.954080224,0.9482592344,0.9610501528,0.002004960576,0.77
316,0.9683876294,0.9608123315,0.9666824937,0.9555851817,0.9643805623,0.961263895,0.9578008652,0.9584770799,0.9444054365,0.9636243582,0.007575297911,0.77
317,0.9700992774,0.9714205868,0.9684954882,0.9576259851,0.964394629,0.9694252014,0.9600515366,0.9665689468,0.9483029842,0.9635300636,0.001321309338,0.77
318,0.9606814026,0.965558649,0.9688267708,0.958339572,0.9653097391,0.970328629,0.9591932893,0.968383491,0.9411225915,0.960683465,0.004877246475,0.77
319,0.9597800854,0.9577536598,0.9647654891,0.9543397427,0.963904798,0.9624355435,0.953668952,0.9544893503,0.9579772949,0.959110558,0.002026425613,0.77
320,0.960119022,0.9607368124,0.9630061388,0.9521217346,0.9619698524,0.9595486522,0.9532962441,0.9600891471,0.9570316076,0.958579421,0.0006177904012,0.77
321,0.9592152712,0.9605628861,0.9626101255,0.951900959,0.9610683322,0.9604241252,0.9549327493,0.9579483867,0.9528418779,0.9540492296,0.001347614831,0.77
322,0.9531109672,0.9596778764,0.96248281,0.9524558783,0.96106112,0.9622606635,0.954857111,0.9610131383,0.946968317,0.9596098661,0.006566909154,0.77
323,0.9683422894,0.9543983359,0.9586213231,0.9496594071,0.9589618444,0.9554353356,0.9521465302,0.9558576941,0.952411592,0.9590757489,0.01394395349,0.77
324,0.9696408012,0.9724738008,0.9635655284,0.9559826255,0.9600459933,0.9683078527,0.9582104087,0.9692828059,0.9692206979,0.963393271,0.002832999639,0.77
325,0.9621798637,0.9669563183,0.9664346576,0.9569821358,0.9626748562,0.9685513377,0.9591503143,0.965177834,0.9722566605,0.9596714377,0.004776454556,0.77
326,0.9534041721,0.9548923987,0.96414572,0.9547122717,0.9617259502,0.966380775,0.955360949,0.9561819434,0.9557170868,0.9600549936,0.001488226661,0.77
327,0.9590403357,0.9531123658,0.960940063,0.947290659,0.9595118165,0.9547607303,0.952916503,0.9534413218,0.9690611362,0.9551011324,0.005927969861,0.77
328,0.9593704365,0.9618681681,0.962054193,0.9513766766,0.9579482675,0.9612515569,0.9551460147,0.958120048,0.9624354839,0.9541316032,0.002497731564,0.77
329,0.9590044864,0.9609112752,0.9624072909,0.9512198567,0.9601140022,0.9630336761,0.9559688568,0.9571972489,0.9649100304,0.9593886137,0.001906788784,0.77
330,0.9610721322,0.959930302,0.9616143107,0.9520401955,0.9583051801,0.9638087153,0.9562101364,0.9590163231,0.9526934624,0.9604014158,0.00114183013,0.77
331,0.9687960687,0.9675821074,0.9618852735,0.9526247978,0.9588367939,0.9642020464,0.957823813,0.9608918428,0.9440377951,0.9595431685,0.001213961298,0.77
332,0.9695193994,0.9642418633,0.9649163485,0.9560412765,0.9602969289,0.9667291045,0.960372746,0.9625799656,0.9444016218,0.9598984718,0.005277536096,0.77
333,0.959684994,0.9646011005,0.9664126635,0.9541047215,0.9630057812,0.9669216275,0.9598245621,0.9604257345,0.9328759909,0.9589835405,0.004916106529,0.77
334,0.9587616328,0.9579077974,0.9641138911,0.9500108361,0.9608586431,0.96343261,0.9552589655,0.9547278285,0.9443842173,0.9555902481,0.0008538354434,0.77
335,0.9588601796,0.9600096358,0.9636949301,0.9498559833,0.9603353143,0.9612261653,0.9557935596,0.9570462704,0.9535563588,0.9563949108,0.001149456219,0.77
336,0.9533860239,0.9608165038,0.963721931,0.9506976008,0.9596512318,0.9613809586,0.9568575621,0.9572584033,0.9400297403,0.9588581324,0.007430479901,0.77
337,0.9528632918,0.9552586692,0.9610627294,0.9507815838,0.9584941268,0.9576515555,0.9551739693,0.9520141482,0.9444757104,0.9606468678,0.002395377438,0.77
338,0.9603535296,0.9546097535,0.9598177671,0.9496381879,0.9565879107,0.9569397569,0.9543756247,0.953694582,0.9360994101,0.9615012407,0.005743776074,0.77
339,0.9521365196,0.9609993709,0.9610973597,0.9512388706,0.9565418363,0.9626533389,0.957765758,0.9593735337,0.9340432882,0.9572913051,0.008862851287,0.77
340,0.9515682014,0.9519538901,0.9574384093,0.947249651,0.956099689,0.9569382668,0.9532316923,0.9497839808,0.9371105433,0.9545263052,0.0003856886356,0.77
341,0.9596374349,0.9527350685,0.9555675983,0.9453744888,0.9541557431,0.9562907219,0.9511671662,0.9515562057,0.9567511082,0.9525691271,0.006902366441,0.77
342,0.9592289368,0.9605429781,0.9583231807,0.9461026192,0.9543727636,0.9615234733,0.9537795186,0.9516413808,0.9546872377,0.9529007673,0.001314041282,0.77
343,0.9533217487,0.9597993506,0.9586353898,0.9465239644,0.9555425644,0.9620322585,0.9551466703,0.9562795162,0.9552830458,0.9522888064,0.006477601977,0.77
344,0.9621930907,0.9543992896,0.9571940303,0.947504878,0.955673337,0.9581910968,0.9535123706,0.9552484751,0.93161726,0.9561485052,0.007793801146,0.77
345,0.9676480578,0.964340211,0.9595572948,0.9510493875,0.9552894235,0.9625332355,0.9577199221,0.9574168324,0.9481693506,0.9592803717,0.003307846864,0.77
346,0.9679039107,0.9656449566,0.9623687267,0.9541407824,0.9586411715,0.96372509,0.9604413509,0.958511591,0.9475600719,0.9602104425,0.002258954153,0.77
347,0.9680513534,0.9670830974,0.9639003873,0.9553238153,0.961165309,0.964050889,0.96041888,0.9607753754,0.9484346509,0.9602373838,0.0009682560121,0.77
348,0.9681374592,0.9676960715,0.965133667,0.9562370181,0.9621767402,0.9641634822,0.9612568021,0.960906744,0.9448376894,0.9614034295,0.0004413877329,0.77
349,0.9682880348,0.9683353909,0.9663669467,0.9574908018,0.9627338052,0.9642559886,0.9611805677,0.9628082514,0.9637746215,0.9612474442,4.735612758e-05,0.77
350,0.9693557274,0.9683491596,0.9672352076,0.9586811662,0.9650250673,0.9644151926,0.9614213705,0.9592731595,0.9556078911,0.9618341923,0.00100656781,0.77
351,0.9713428124,0.9658586392,0.9684219956,0.9588139653,0.9653333426,0.9646843076,0.9627506733,0.9628241658,0.9609979987,0.9639558792,0.005484173214,0.77
352,0.977409413,0.9748189455,0.9692581296,0.9608897567,0.9666634202,0.9649350643,0.9651323557,0.9616951942,0.9542746544,0.966042161,0.002590467554,0.77
353,0.977785319,0.9762931471,0.971337378,0.9670270681,0.9692702889,0.9654739499,0.9675796628,0.9643629193,0.9741949439,0.9679677486,0.001492171853,0.77
354,0.9689928952,0.9770138864,0.9727504253,0.9646533728,0.9708284736,0.965626955,0.9676543474,0.9530572295,0.9619539976,0.9664943218,0.00802099126,0.77
355,0.9689238997,0.9681487091,0.9705061316,0.9630894661,0.9699735045,0.9648000598,0.9639014006,0.9586014152,0.9537557364,0.967135191,0.0007751905029,0.77
356,0.9701719465,0.9699302919,0.9699493647,0.961178422,0.9692098498,0.964584291,0.9633278847,0.962978363,0.989849329,0.9668214321,0.0002416546335,0.77
357,0.9712987157,0.9708786614,0.9705806375,0.9617160559,0.9687296748,0.9648174644,0.9636679888,0.9661280513,0.9674804211,0.9645020962,0.0004200543823,0.77
358,0.9712000732,0.971847058,0.9710933566,0.9611555934,0.9694620967,0.9652760029,0.9641714692,0.9676198959,0.9506011605,0.9649820328,0.0006469847538,0.77
359,0.9778180722,0.9705343849,0.9715342522,0.9629232287,0.9693059325,0.9651864767,0.9640527964,0.9641239643,0.9452173114,0.9686572552,0.007283687248,0.77
360,0.9782104082,0.9764571791,0.9743492007,0.9630779624,0.9702403545,0.9659100771,0.9657560587,0.9662824869,0.974981308,0.9660152197,0.001753229158,0.77
361,0.9714821772,0.9764251118,0.9749682546,0.9641144276,0.9724411368,0.9659882784,0.9657431841,0.9704966545,0.9612208009,0.9651328921,0.004942934545,0.77
362,0.9695559976,0.9669052967,0.9723215699,0.9623506665,0.9711456299,0.9652074575,0.9621225595,0.9677615166,0.9648731947,0.9664613008,0.002650700838,0.77
363,0.9694213725,0.9691832669,0.9708065391,0.9611591697,0.9702381492,0.9643883109,0.9615366459,0.966391921,0.9336416721,0.9666324258,0.000238105556,0.77
364,0.9707512393,0.9700460441,0.9694769979,0.9616615176,0.9694256783,0.9641590118,0.9621862173,0.9597092271,0.9374234676,0.9646418095,0.0007051951772,0.77
365,0.9707291552,0.9735296374,0.9691684842,0.9639638662,0.9700217843,0.9645485282,0.9635631442,0.9663307667,0.9214936495,0.9684262276,0.002800482199,0.77
366,0.9760935758,0.9696308382,0.9698957205,0.964386642,0.9693699479,0.9644415975,0.9632946849,0.9682950377,0.9224301577,0.9710959792,0.006462737637,0.77
367,0.9771141953,0.9791142349,0.9713201523,0.9660687447,0.9701693058,0.9651374221,0.9653910995,0.9694288969,0.9525489807,0.9695327282,0.002000039607,0.77
368,0.9772564213,0.9737935668,0.9721033573,0.9665796757,0.9718120098,0.9652469754,0.9653885961,0.9690334797,0.9458707571,0.9681409001,0.003462854498,0.77
369,0.9687844771,0.9734553701,0.9730841517,0.965493679,0.9722138047,0.9653321505,0.9648510814,0.9732883573,0.9470299482,0.9675911665,0.004670892919,0.77
370,0.9686663134,0.9668198833,0.9702544808,0.9613625407,0.970789969,0.9636375904,0.9612564445,0.9634789228,0.9631677866,0.97255826,0.001846430175,0.77
371,0.9684567256,0.9699313648,0.9690546393,0.9609332085,0.969656229,0.9634014964,0.9612549543,0.9652245045,0.9755377769,0.9688958526,0.001474639225,0.77
372,0.9681439255,0.9699048407,0.9684301019,0.9621738195,0.9695158601,0.9631304741,0.9623036385,0.9634391069,0.9696144462,0.969892025,0.001760915232,0.77
373,0.9623797058,0.9691231854,0.9678354859,0.9628916383,0.9680842161,0.9632909894,0.9624228477,0.9632444382,0.9786673188,0.9754315615,0.006743479636,0.77
374,0.9700123226,0.9628527176,0.9649943709,0.959854126,0.9664965868,0.9604409337,0.9604951143,0.961953938,0.9541676044,0.9789566994,0.007159605004,0.77
375,0.9708125423,0.9717646844,0.9663283229,0.9614990354,0.9658550024,0.9632821083,0.9626598954,0.9686607122,0.952683568,0.9745525718,0.0009521420524,0.77
376,0.9688127415,0.9676758059,0.9674981833,0.9604669213,0.9670187831,0.9634408951,0.9619718194,0.9658131003,0.9434813261,0.9727051258,0.001136935624,0.77
377,0.9619879187,0.9619531047,0.9669861794,0.9588725567,0.9660804272,0.9634593129,0.9597681761,0.9616329074,0.9604837894,0.9746044874,3.481402963e-05,0.77
378,0.9624464738,0.9614607704,0.9648798108,0.9556392431,0.9645774961,0.9599120617,0.9573959112,0.960221529,0.9617130756,0.9756125212,0.0009857034403,0.77
379,0.9677940127,0.9631577741,0.9645303488,0.9556123614,0.9627443552,0.9604546428,0.957988739,0.9604283571,0.9387425184,0.9719102979,0.00463623856,0.77
380,0.9682733872,0.9688470967,0.9668650627,0.9580167532,0.964653194,0.9630786777,0.9606514573,0.9641020894,0.9590401649,0.9695864916,0.0005737095232,0.77
381,0.9685214458,0.9684253939,0.9678579569,0.9585726857,0.9640738368,0.9634425044,0.9607098103,0.9655752778,0.9542741776,0.97396034,9.605190202e-05,0.77
382,0.9702553778,0.9709281332,0.9685443044,0.957734704,0.9652439952,0.9635326266,0.9612717032,0.9646297693,0.9393166304,0.9724221826,0.0006727553914,0.77
383,0.9706258393,0.9686887272,0.9689013362,0.9582452774,0.9653949738,0.963920176,0.96165663,0.9679169059,0.9143716097,0.9674527049,0.001937112109,0.77
384,0.9707747749,0.9676821836,0.9690872431,0.9582461119,0.9663596153,0.9642263651,0.9609827399,0.9665182829,0.9413368702,0.9667672515,0.003092591273,0.77
385,0.9708607553,0.9685602196,0.969486177,0.9578924179,0.9670804739,0.9644681811,0.9606707096,0.9657942057,0.9437760115,0.9682374001,0.002300535735,0.77
386,0.9708553034,0.9699420936,0.9697044492,0.9588388205,0.9671679139,0.9646469951,0.9625814557,0.9670902491,0.9535580277,0.9662104249,0.000913209806,0.77
387,0.9759605251,0.9703569419,0.9702219367,0.9608317018,0.9680726528,0.9649507403,0.96417135,0.9700930119,0.9456433654,0.9687248468,0.00560358319,0.77
388,0.9761834997,0.9754183894,0.9730817676,0.963924706,0.9695501924,0.9656637311,0.9663298726,0.971470058,0.9445663095,0.971378088,0.0007651103496,0.77
389,0.9762742101,0.9754669671,0.9736042023,0.9656519294,0.9706126451,0.9657979608,0.9667417407,0.9707425237,0.9611508846,0.9753746986,0.0008072429889,0.77
390,0.9762731342,0.9750626092,0.9738145471,0.9659541249,0.9715531468,0.9660601616,0.9673928022,0.9707201123,0.9502271414,0.9758504629,0.001210524997,0.77
391,0.9762805344,0.9745570427,0.9747850895,0.9664410949,0.9721159339,0.966367662,0.9678595662,0.973859489,0.9574196339,0.9751445055,0.001723491699,0.77
392,0.9760725544,0.9746274954,0.9751847386,0.9674957395,0.972212851,0.9666242599,0.9678815007,0.9721676111,0.9798941612,0.9749478698,0.001445059077,0.77
393,0.9761205383,0.9744945174,0.9755848646,0.9674201012,0.9732589722,0.9668285847,0.9681066275,0.974671483,0.9729698896,0.9744901657,0.001626020902,0.77
394,0.9760217205,0.9744859343,0.9759910703,0.9674380422,0.9727733135,0.9670571685,0.9690793753,0.9742919207,0.9275261164,0.9748211503,0.001535786178,0.77
395,0.9760316839,0.9744597083,0.9764469266,0.9675500393,0.9735004306,0.9672300816,0.9697371721,0.9706457853,0.9239494801,0.9754354954,0.001571975577,0.77
396,0.976049403,0.9751687055,0.9765359759,0.9684767127,0.9734556079,0.9672974944,0.9692587256,0.972900033,0.9459286928,0.9781585932,0.0008806975002,0.77
397,0.97599306,0.9754126673,0.976023674,0.9671138525,0.9736397862,0.9673523903,0.968895793,0.9726516008,0.9480894804,0.9780500531,0.0005803926639,0.77
398,0.9758076676,0.9754318004,0.9759480953,0.9663058519,0.9735162854,0.9675652385,0.9692084193,0.9712415934,0.9441052675,0.9763940573,0.0003758671736,0.77
399,0.9678377253,0.9750613575,0.9758304358,0.9657043219,0.9735463262,0.9677780867,0.9694286585,0.9682356715,0.937708497,0.9765432477,0.007223632272,0.77
400,0.9810616772,0.9667162308,0.9729650617,0.9640417099,0.9716058373,0.9656691551,0.9663683176,0.9668178558,0.9576175809,0.9796681404,0.01434544643,0.77
401,0.9800405268,0.9772977834,0.9772654772,0.9659078717,0.9733738899,0.9688035846,0.9708217978,0.9796453714,0.9526857138,0.9721668959,0.002742743405,0.77
402,0.9807073778,0.9761489039,0.9784981608,0.967987597,0.9741073847,0.9691421986,0.9711534977,0.979818821,0.9533485174,0.9751391411,0.004558473943,0.77
403,0.9884020127,0.9808514122,0.9790367484,0.96849823,0.9756957293,0.9696649909,0.9711869955,0.9774318933,0.9605152607,0.9794309139,0.007550600459,0.77
404,0.9891694667,0.9846802953,0.9826678634,0.972589314,0.9782789946,0.9705836177,0.9741197228,0.9655530453,0.9422614574,0.9776117802,0.004489171422,0.77
405,0.9808050244,0.9833049777,0.9839530587,0.9730705619,0.979000926,0.9712564349,0.9744730592,0.9681655765,0.944887042,0.9752471447,0.002499953322,0.77
406,0.9800572007,0.9769526129,0.9815420508,0.971386373,0.9810498357,0.9711540341,0.9723261595,0.9767561555,0.9539548755,0.9794393778,0.003104587857,0.77
407,0.9803666483,0.980537713,0.9804922938,0.9715965986,0.9786764979,0.9712155461,0.9726490974,0.9766603112,0.9526712894,0.9812144041,0.0001710646727,0.77
408,0.9800805881,0.9805632833,0.9797663093,0.9736283422,0.9793859124,0.9716373086,0.9737899899,0.9819292426,0.9487290382,0.9794899225,0.0004826952861,0.77
409,0.978981777,0.9798788432,0.9790147543,0.973651886,0.9797078371,0.9719716907,0.9735924602,0.9792981148,0.959477365,0.98123312,0.0008970662326,0.77
410,0.9866677697,0.978437603,0.9788601995,0.9731382728,0.9784810543,0.9719625115,0.9734277725,0.9770709872,0.9633113146,0.9835445881,0.00823016678,0.77
411,0.9871378163,0.986520231,0.9807432294,0.9748799801,0.9798572063,0.9728022218,0.9751992226,0.9810729027,0.9651757479,0.9805355668,0.0006175852248,0.77
412,0.986045873,0.9847081903,0.9815008044,0.9755875468,0.9812161326,0.9731091857,0.9754232168,0.9810638428,0.9749597311,0.9791215658,0.001337682709,0.77
413,0.9776592176,0.9806821946,0.9818338752,0.9743484855,0.9813374281,0.973361969,0.9746505022,0.9842519164,0.9795293212,0.9810823202,0.00302297702,0.77
414,0.9778880857,0.9762226348,0.9790833592,0.9699612856,0.9798670411,0.9722746015,0.9723647237,0.9741623998,0.9715709686,0.9822897315,0.001665450859,0.77
415,0.9778552235,0.9789939527,0.9778404832,0.9711686969,0.9784273505,0.9723786116,0.9724214673,0.9753409624,0.9582892656,0.9839810133,0.001138729181,0.77
416,0.9694574611,0.9779941444,0.9771726131,0.9706094265,0.9784572721,0.9724114537,0.9723679423,0.9738314152,0.9632676244,0.9847444892,0.008536683283,0.77
417,0.9696243622,0.9698800452,0.9732638001,0.9662468433,0.9751999974,0.9689008594,0.9691432118,0.966414988,0.942976594,0.986537993,0.0002556829816,0.77
418,0.9779205622,0.972921074,0.9713004231,0.9654135108,0.9736501575,0.9687957764,0.9685510993,0.9680981636,0.9424344301,0.9853475094,0.004999488195,0.77
419,0.9784395558,0.9775184397,0.9730606079,0.9673289657,0.973537147,0.972241044,0.9700965285,0.9709550738,0.984660387,0.9800547957,0.0009211160783,0.77
420,0.9687510211,0.9730291969,0.9740617871,0.9649556279,0.9745066762,0.9727010131,0.9698493481,0.9746056199,0.9723330736,0.9752036333,0.004278175778,0.77
421,0.9610661626,0.9663241515,0.9708131552,0.9623698592,0.9725092053,0.9693739414,0.9658446908,0.9633735418,0.9442050457,0.9820799232,0.005257988853,0.77
422,0.9605962238,0.9622737777,0.9670200944,0.9568356276,0.968172729,0.9613665342,0.962828815,0.9615384936,0.9386793375,0.9817293882,0.001677553864,0.77
423,0.9683040759,0.9628188621,0.964957118,0.9551299214,0.9664469361,0.961270988,0.9621338844,0.9585243464,0.9330411553,0.9767683148,0.005485213798,0.77
424,0.9694006607,0.9705623991,0.9668257833,0.9592058063,0.9666571617,0.9687443972,0.9637224674,0.9663825035,0.9347956181,0.9774224758,0.001161738393,0.77
425,0.9698449694,0.9667090782,0.9680917263,0.9589938521,0.9667460322,0.9697885513,0.9645585418,0.9664837122,0.9380620122,0.977517724,0.003135891205,0.77
426,0.9699426232,0.9648455391,0.9691094756,0.959592998,0.9667171836,0.9701336622,0.9653452635,0.9649363756,0.9408409595,0.9746954441,0.0050970841,0.77
427,0.9702362326,0.9650161872,0.9735684991,0.959199667,0.9673812985,0.9699020982,0.9650117159,0.9641439915,0.942225337,0.970208168,0.005220045342,0.77
428,0.9705387716,0.9664672026,0.9726796746,0.9597254395,0.9668613076,0.9703118801,0.9637762308,0.9678167105,0.9621860981,0.969547987,0.004071568992,0.77
429,0.9705435206,0.9682028302,0.9721481204,0.958268404,0.967684269,0.9706154466,0.9642047882,0.9669439793,0.9404242039,0.9682816267,0.002340690438,0.77
430,0.9703053106,0.9692566402,0.9719292521,0.9607436657,0.967530489,0.9707559347,0.9660842419,0.9701188207,0.9623766541,0.9714961648,0.001048670394,0.77
431,0.9695138533,0.9695265301,0.9720614552,0.960865736,0.9684582353,0.9706833363,0.9672162533,0.9705884457,0.9486243725,0.9708870649,1.267675241e-05,0.77
432,0.9692293455,0.9693639286,0.9725890756,0.9635282755,0.9681993127,0.9703598619,0.9670586586,0.969511807,0.9292063713,0.9762169719,0.0001345830888,0.77
433,0.9689563211,0.969353915,0.9718436599,0.9614060521,0.9681500196,0.9702028036,0.9663870931,0.9642762542,0.967414856,0.9735100269,0.0003975939182,0.77
434,0.9687097923,0.9685916312,0.9713213444,0.9610981345,0.967966795,0.9701538682,0.9667963982,0.964784503,0.9701049328,0.9705170393,0.0001181610583,0.77
435,0.968626616,0.9674415597,0.9714633822,0.9611796141,0.9679180384,0.9701469541,0.9671376944,0.9656441808,0.9594712257,0.9683865309,0.001185056279,0.77
436,0.9684963018,0.9665634641,0.9715061188,0.9611448646,0.9674925208,0.9701597691,0.9664621353,0.9655448198,0.9510822296,0.9684212208,0.001932837683,0.77
437,0.9683731893,0.966520668,0.9716497064,0.958976984,0.9670633674,0.9701602459,0.9664348364,0.9649922252,0.9303540587,0.9652828574,0.001852521291,0.77
438,0.9682104969,0.9666110286,0.9717767239,0.9595561028,0.967010498,0.9702931643,0.9669059515,0.9661537409,0.9440459609,0.9683718681,0.001599468333,0.77
439,0.9680627345,0.9664074191,0.972138226,0.9583394527,0.9669078588,0.9702387452,0.9666698575,0.967122972,0.9433016181,0.9662475586,0.001655315395,0.77
440,0.950677631,0.9665386686,0.9721590877,0.9594134092,0.966770649,0.9701817036,0.9664443731,0.9670505524,0.9502331018,0.9678810239,0.0158610376,0.77
441,0.9442161477,0.9487995531,0.9650200605,0.9498332739,0.9625795484,0.9566845298,0.9588286281,0.9522269368,0.9367025495,0.9701081514,0.00458340541,0.77
442,0.9420542322,0.9475548891,0.9585573077,0.9447749257,0.9578688145,0.9534101486,0.9546710849,0.9438088536,0.9351583123,0.963708818,0.005500656965,0.77
443,0.9416969048,0.9431573189,0.9540146589,0.9406414032,0.9536386132,0.9511815906,0.9516937137,0.9427853823,0.9298093319,0.9549555779,0.001460414068,0.77
444,0.9350995822,0.9422145525,0.950740099,0.9410008788,0.9503173828,0.9506555796,0.9493067265,0.9376992583,0.932522893,0.951018095,0.007114970256,0.77
445,0.9513069708,0.9352744877,0.9461396933,0.9347788692,0.946772337,0.9461476207,0.9443030357,0.9425680041,0.9337533712,0.946131587,0.0160324831,0.77
446,0.9526756706,0.9535473605,0.9513936639,0.9400959611,0.9459899664,0.9552513361,0.9489001036,0.9567496777,0.9236970544,0.9483113289,0.0008716898481,0.77
447,0.944277432,0.9447276029,0.9544400573,0.9391161799,0.9478822947,0.95581007,0.948015511,0.9526544213,0.9198570251,0.9421972036,0.0004501709549,0.77
448,0.9433459961,0.9382695009,0.9519463778,0.9348342419,0.9463350773,0.9494204521,0.9419377446,0.9418544769,0.9174531698,0.9380214214,0.005076495247,0.77
449,0.9503787172,0.9430636204,0.9496639967,0.9332531691,0.9454516768,0.9449539185,0.9403851628,0.9421553612,0.9111638069,0.9360178113,0.007315096777,0.77
450,0.9527774839,0.9554762858,0.9514341354,0.9373211861,0.9451041818,0.9524692297,0.9434353709,0.9559410214,0.9357084036,0.9408109188,0.002698801822,0.77
451,0.9531486626,0.9516727946,0.952337563,0.9406734705,0.9492173195,0.9577135444,0.9457990527,0.9532558918,0.947544992,0.946282804,0.001475867971,0.77
452,0.941981787,0.9505454921,0.9528390765,0.943639636,0.949005127,0.9586777687,0.9474026561,0.948759675,0.9287832975,0.9468970299,0.008563705106,0.77
453,0.9345537004,0.941327576,0.949391067,0.9390345216,0.9472826123,0.9424721003,0.942848146,0.9419357777,0.9407683611,0.9465827942,0.006773875529,0.77
454,0.9337666164,0.9357813654,0.9454069138,0.9353268743,0.9445793629,0.9352806807,0.9365680218,0.9386568069,0.9342695475,0.9412463307,0.002014749026,0.77
455,0.9334888738,0.9355458079,0.9419718981,0.9334195852,0.9419507384,0.9339577556,0.9334521294,0.9360691905,0.9333798885,0.9417526722,0.00205693411,0.77
456,0.9258153494,0.93444801,0.9393462539,0.9297062755,0.9394232035,0.9350650907,0.9317932725,0.938710928,0.9567573071,0.9345470071,0.008632660604,0.77
457,0.9320645344,0.9231953147,0.9338788986,0.9264270067,0.9365321994,0.9289649725,0.9291513562,0.9463512301,0.9523054361,0.9343295097,0.008869219628,0.77
458,0.9343991455,0.9321696829,0.9310544133,0.9270219803,0.9343788028,0.9328507185,0.9301045537,0.9368124604,0.950555563,0.9378932714,0.002229462565,0.77
459,0.942825163,0.9396854684,0.9297496676,0.9263601899,0.934469521,0.934378624,0.9306425452,0.9413796067,0.9589192271,0.9374060631,0.003139694557,0.77
460,0.9440757754,0.9362449702,0.932117939,0.930398643,0.9359592199,0.9468869567,0.932783246,0.9391273856,0.9537780881,0.9395387173,0.007830805195,0.77
461,0.9341702199,0.9381164362,0.9340755343,0.9286087751,0.937363565,0.9472219944,0.9331550002,0.942412436,0.9454196692,0.9322333932,0.003946216337,0.77
462,0.932905456,0.9323629211,0.9315367937,0.9247456193,0.9356827736,0.9325276017,0.9273852706,0.9337724447,0.9444169998,0.9247105122,0.0005425349203,0.77
463,0.9327883938,0.9350235522,0.9305838943,0.9240312576,0.9358808398,0.9284684658,0.9261552095,0.9355785847,0.9218924046,0.9274820685,0.002235158412,0.77
464,0.9320480354,0.9346287312,0.9305580258,0.9226006269,0.9337819219,0.9286710024,0.9239122272,0.9328974485,0.8987959623,0.9282975197,0.002580695745,0.77
465,0.9258986505,0.9337966507,0.929840982,0.9215220809,0.9345811605,0.9315317273,0.9245991707,0.9341465235,0.9254385233,0.9274417162,0.007898000112,0.77
466,0.9351601875,0.9276374076,0.9274880886,0.9233730435,0.9327694178,0.9224883318,0.9240677357,0.9315237403,0.9225443006,0.9213526249,0.007522779893,0.77
467,0.9415537702,0.9387275624,0.9312425256,0.928045094,0.9325851798,0.9368316531,0.9299305677,0.937857151,0.9399267435,0.9344363213,0.002826207779,0.77
468,0.9408928557,0.9374401025,0.9349077344,0.9285333157,0.9354875684,0.9454567432,0.9316187501,0.9396938682,0.9385169744,0.9332802296,0.003452753244,0.77
469,0.9259181785,0.9343878689,0.936162293,0.9307638407,0.9362131953,0.9462074041,0.9299523234,0.9376955628,0.9477596879,0.9342849851,0.008469690405,0.77
470,0.9259197311,0.9255111324,0.9320394993,0.9221636653,0.9339318871,0.9191241264,0.9219527841,0.9235543609,0.9343800545,0.929349184,0.0004085987078,0.77
471,0.9246494483,0.9280089828,0.9299610853,0.9236732125,0.9309676886,0.9182079434,0.9218097925,0.9276813865,0.9603629708,0.9321638346,0.00335953445,0.77
472,0.9240650793,0.9267680744,0.9279611111,0.9198135734,0.9302806258,0.9178413153,0.9202715755,0.9219828248,0.9406816959,0.9252864718,0.00270299511,0.77
473,0.9239050231,0.9261276825,0.9260207415,0.9198365211,0.9284956455,0.9224606752,0.9197020531,0.9259803891,0.9295436144,0.926838994,0.002222659366,0.77
474,0.9328508524,0.9258931979,0.9249531627,0.9168271422,0.9281285405,0.9214122891,0.9215297699,0.9280017018,0.9233440757,0.9292328358,0.006957654422,0.77
475,0.9336589765,0.9335402912,0.9290262461,0.923802793,0.9277800322,0.9357334375,0.9268262982,0.933694005,0.9136127234,0.9341793656,0.0001186853443,0.77
476,0.9243494418,0.9300919256,0.9313089848,0.9222224951,0.929854393,0.9368588924,0.9241142869,0.9286920428,0.9145570993,0.9335321784,0.005742483789,0.77
477,0.923468616,0.9216216341,0.927637279,0.9197154045,0.9267500639,0.922673583,0.917434752,0.9227837324,0.9145478606,0.9264889359,0.001846981818,0.77
478,0.9239472578,0.9240238783,0.9265567064,0.9167075753,0.925729692,0.9184629321,0.9173483849,0.9274259806,0.9220354557,0.9211620092,7.662053535e-05,0.77
479,0.9236280801,0.9253673065,0.9272248745,0.9175089002,0.9246119857,0.920209229,0.917974472,0.9244816303,0.9181534052,0.9176134467,0.001739226367,0.77
480,0.923425136,0.9243880624,0.9264519811,0.917959094,0.9251617789,0.923976481,0.9170306325,0.923083961,0.9190170765,0.9213124514,0.0009629264268,0.77
481,0.9254166011,0.9232297662,0.9261956811,0.9182040095,0.9244273305,0.9236052036,0.9174870253,0.922329247,0.9107728004,0.9209177494,0.002186834867,0.77
482,0.9320799531,0.9302056512,0.9269813299,0.9179455638,0.9240958095,0.9267566204,0.919113636,0.9271095395,0.9131865501,0.9215589762,0.001874301934,0.77
483,0.9323381552,0.9301264367,0.9303969741,0.9215561152,0.9266300201,0.9352732301,0.9224972129,0.9300169945,0.9114067554,0.9272606373,0.002211718591,0.77
484,0.9167849168,0.9288891641,0.9315470457,0.9195800424,0.9273199439,0.9355937243,0.9212749004,0.926671207,0.8729791641,0.9265179634,0.01210424728,0.77
485,0.9168064577,0.9141366694,0.9254929423,0.9134107232,0.9242300391,0.9108834863,0.911791265,0.9147404432,0.9160557985,0.9226602912,0.002669788343,0.77
486,0.9168059607,0.9185708327,0.9238299131,0.9113329649,0.9223903418,0.9095749259,0.9112881422,0.916975975,0.9271123409,0.9198356867,0.001764872068,0.77
487,0.9168177294,0.9183325932,0.9230510592,0.911293745,0.9204726815,0.9104940295,0.911791265,0.9195272923,0.9250053763,0.9208291769,0.001514863836,0.77
488,0.915766753,0.9178292921,0.9223111868,0.9104927778,0.9200204015,0.9164904952,0.9116768241,0.921643734,0.9191771746,0.9160020351,0.002062539137,0.77
489,0.9243561565,0.9172991093,0.9215278625,0.9099254608,0.9189258218,0.9139789343,0.9102236629,0.9194284081,0.9073123932,0.9176093936,0.007057047125,0.77
490,0.9250413392,0.9266271691,0.9248107672,0.9107089639,0.918847084,0.9265614152,0.9147231579,0.9281894565,0.9168721437,0.9168879986,0.001585829849,0.77
491,0.9252684102,0.9217872157,0.9263517261,0.9127383828,0.9213433862,0.9272412062,0.9146203399,0.9273408651,0.9146790504,0.9194988012,0.003481194476,0.77
492,0.9252484095,0.9228604561,0.9271935821,0.9137029648,0.9206167459,0.9283333421,0.9137814045,0.9216282964,0.908059597,0.9176851511,0.002387953407,0.77
493,0.9251909496,0.9236263752,0.9270945787,0.9131532907,0.9211589694,0.9271938205,0.914136827,0.921423912,0.9166632891,0.9120849371,0.001564574382,0.77
494,0.9250848281,0.9241344448,0.9267221093,0.9163555503,0.9216197729,0.92762959,0.9157933593,0.9192639589,0.9148765802,0.9127851129,0.000950383267,0.77
495,0.9250142899,0.9244389052,0.9265016913,0.9183257222,0.9228103161,0.9276958108,0.916251719,0.9237394929,0.9106734991,0.9183125496,0.0005753846894,0.77
496,0.9247575154,0.9250946154,0.926048696,0.9185990095,0.9223605394,0.9276259542,0.9158735871,0.9211280346,0.9065819979,0.9219461679,0.0003370999802,0.77
497,0.9248037828,0.9244532699,0.9259681106,0.9180691242,0.9230988026,0.9272947907,0.9171872139,0.9209232926,0.8969329596,0.9218771458,0.0003505128894,0.77
498,0.9243890453,0.9247398488,0.930957377,0.9185448289,0.9236477017,0.9271879792,0.9174646735,0.9204558134,0.894410789,0.9233207703,0.0003508035029,0.77
499,0.9243072683,0.9226030238,0.9296030998,0.9171013236,0.9232932925,0.9266882539,0.9169840217,0.9222273231,0.876422286,0.9233270884,0.001704244453,0.77
500,0.9241234223,0.9251561274,0.932749331,0.9171943069,0.9230772257,0.9265014529,0.9162592292,0.921102345,0.8946043253,0.9224597216,0.001032705088,0.77
501,0.9235459476,0.9226600654,0.9318932295,0.914470315,0.9226997495,0.9262055159,0.9160243273,0.9225590229,0.8938992023,0.9228041172,0.0008858821494,0.77
502,0.9233515327,0.9234478594,0.9303867817,0.9145124555,0.9227777123,0.9256919026,0.9166169167,0.9220751524,0.896745801,0.9219324589,9.632676267e-05,0.77
503,0.9168325713,0.9250719061,0.9296321869,0.9140550494,0.9221500754,0.9254543185,0.9158002138,0.9213553667,0.9073829651,0.9223026037,0.008239334712,0.77
504,0.9160386636,0.9159996699,0.9263393283,0.9111871123,0.9203528166,0.9191537499,0.9134616852,0.9131708741,0.9023454189,0.9187356234,3.899368891e-05,0.77
505,0.9168403569,0.917172986,0.9243937135,0.9084829688,0.9186524153,0.9185093641,0.9133418798,0.909919858,0.8954595327,0.9164839387,0.0003326291522,0.77
506,0.9237143102,0.9215774075,0.9229099154,0.910025835,0.9178212285,0.9193047285,0.9144796133,0.9129912257,0.8919994235,0.9171978831,0.002136902715,0.77
507,0.9237202234,0.9222358595,0.9242677093,0.9141638875,0.9185533524,0.9248310924,0.9169763327,0.9138471484,0.902397871,0.9204640388,0.001484363894,0.77
508,0.9144200853,0.9213491219,0.9243710041,0.9147305489,0.9191414118,0.9246156216,0.9174441099,0.917087853,0.9041349888,0.9210680723,0.006929036663,0.77
509,0.9076129938,0.9125343795,0.920541048,0.9109659195,0.916256845,0.9170287848,0.913107872,0.913824141,0.8987252712,0.9173390865,0.004921385744,0.77
510,0.9076300997,0.9089559607,0.9165215492,0.9064160585,0.9141542912,0.9084980488,0.9084933996,0.9087982178,0.8994870186,0.9156498909,0.001325861008,0.77
511,0.9070266977,0.9091706563,0.9141942859,0.9046424031,0.9113309979,0.9093751311,0.9061431289,0.9097281694,0.918869257,0.9099934101,0.00214395856,0.77
512,0.906355021,0.9083916249,0.9113571644,0.9016718864,0.9104810357,0.9106938839,0.9050085545,0.9034216404,0.8986825943,0.9075844288,0.00203660399,0.77
513,0.9140815916,0.9074920137,0.9092506766,0.9005678296,0.9089887142,0.9108862281,0.9047070146,0.9060649276,0.8976035118,0.9048264027,0.006589577842,0.77
514,0.9146963603,0.916055877,0.9120283127,0.9034265876,0.9094528556,0.9172693491,0.9091207981,0.9090551734,0.8807506561,0.9126369357,0.001359516715,0.77
515,0.9148759995,0.9125963086,0.9117876887,0.9050638676,0.91029948,0.9177502394,0.9098016024,0.9107500911,0.8859037161,0.9148820043,0.002279690822,0.77
516,0.9052564973,0.9113509906,0.9111149311,0.9039643407,0.9107544422,0.9184331894,0.9094230533,0.9058832526,0.9057092667,0.9135837555,0.00609449328,0.77
517,0.898454547,0.9036341711,0.906783998,0.9002439976,0.9079236388,0.9089730978,0.9050108194,0.8967604041,0.8919363022,0.9061509371,0.00517962408,0.77
518,0.8983881946,0.8995825565,0.9014229178,0.8956370354,0.9047873616,0.9036237597,0.9005084634,0.8964828849,0.880931735,0.9046868086,0.001194361932,0.77
519,0.8980343924,0.8996696386,0.8991048932,0.8947210312,0.9034882784,0.9031473994,0.8992635608,0.900165081,0.8798553944,0.9031605721,0.0016352462,0.77
520,0.8982338878,0.8995286145,0.8979609609,0.8929264545,0.9007403255,0.9038915634,0.8977656364,0.8994034529,0.8997642398,0.9003623128,0.001294726668,0.77
521,0.9061463836,0.9001804489,0.8961901665,0.8923825026,0.9006800652,0.9041951299,0.898231566,0.898060739,0.8881213665,0.8995758295,0.005965934694,0.77
522,0.9064674437,0.907455655,0.8994615674,0.8962569237,0.9006414413,0.91023314,0.9017519951,0.9074235559,0.8949733973,0.9026452899,0.0009882112727,0.77
523,0.9051238593,0.9017065022,0.9011877179,0.8975920677,0.9016902447,0.910309732,0.9019522667,0.9027625322,0.8712950945,0.9054653049,0.003417357094,0.77
524,0.8967711467,0.8999090697,0.9012330174,0.8958735466,0.9014483094,0.9096525311,0.8992874622,0.9007077217,0.8745174408,0.9011566639,0.003137922999,0.77
525,0.8892238897,0.899094098,0.898004353,0.8921673298,0.8988205194,0.8999975324,0.8944022655,0.8962317109,0.8791592121,0.8984622359,0.009870208288,0.77
526,0.8966240642,0.8906129289,0.8933714628,0.8876248002,0.8955833316,0.893992722,0.8901512623,0.8916148543,0.9117842913,0.89237988,0.006011135249,0.77
527,0.8892221056,0.8986819928,0.8958059549,0.8899315596,0.8960773349,0.9000064135,0.8927274942,0.8978367448,0.8837388754,0.8929008245,0.009459887143,0.77
528,0.8887756449,0.8897111752,0.8920505643,0.8856787682,0.8930823207,0.8946018815,0.8888475299,0.8885178566,0.8595520258,0.8889659643,0.000935530297,0.77
529,0.8981384025,0.890663533,0.890032351,0.8847615123,0.8927063346,0.8947330117,0.8890902996,0.8916146755,0.8791744709,0.8912172914,0.007474869504,0.77
530,0.8984679465,0.9002721205,0.8947250247,0.8876228929,0.8930837512,0.9011044502,0.8940057158,0.8990599513,0.8762152195,0.8959181309,0.001804173991,0.77
531,0.8958615611,0.8959006116,0.8959681392,0.8884688616,0.8931780457,0.9027289748,0.8933512568,0.8961841464,0.8872175217,0.8983527422,3.905053507e-05,0.77
532,0.8880015544,0.8923312029,0.8959692121,0.8866226077,0.8942510486,0.9004865289,0.8896276355,0.8893398643,0.8723444939,0.8931518197,0.004329648539,0.77
533,0.8888992068,0.889397299,0.893048346,0.882598877,0.8896237612,0.8901669979,0.8852443695,0.8851296902,0.8901171684,0.8851214647,0.0004980921618,0.77
534,0.8888003226,0.8911558648,0.8925717473,0.8826898932,0.8898972869,0.8911498785,0.8851444721,0.8903568387,0.8910444975,0.8843673468,0.002355542232,0.77
535,0.8882005233,0.8899634803,0.8922312856,0.8815160394,0.8894494772,0.8914952278,0.8846597672,0.8881517649,0.8748458624,0.8861367702,0.00176295701,0.77
536,0.8888139654,0.889117874,0.8914574981,0.8821691871,0.888223052,0.8923249245,0.8839578629,0.8880721927,0.8767060041,0.8842745423,0.0003039086325,0.77
537,0.8961203372,0.8925841638,0.8904066682,0.8811192513,0.8887990713,0.8920671344,0.8855225444,0.8896143436,0.8843411803,0.8852663636,0.003536173391,0.77
538,0.8961984699,0.8950591166,0.8932671547,0.8868302107,0.8893832564,0.8998929858,0.8906158805,0.8948919177,0.876442492,0.8948022723,0.001139353333,0.77
539,0.8963604229,0.8929715922,0.8940885663,0.8870313764,0.8908248544,0.9000101089,0.8890807629,0.8950121999,0.8707696199,0.8945013285,0.00338883071,0.77
540,0.8963600268,0.8945664266,0.8944298625,0.8868559003,0.8908065557,0.9005433917,0.8886075616,0.8920065165,0.8691505194,0.8936095834,0.001793600156,0.77
541,0.8962243459,0.8966090101,0.8952665925,0.8870767355,0.8910736442,0.8995234966,0.8886014819,0.8960872889,0.8801057339,0.8903757334,0.0003846642225,0.77
542,0.8964795895,0.8966676012,0.8962925076,0.8871282339,0.8921574354,0.8997969031,0.8894622326,0.8925803304,0.88554883,0.8926859498,0.0001880117137,0.77
543,0.8965879042,0.8969625239,0.899707377,0.8874950409,0.8932105303,0.9000647068,0.8895234466,0.8925841451,0.8762254119,0.8934557438,0.0003746197271,0.77
544,0.8965998326,0.8970035914,0.8990309834,0.8881113529,0.8932446241,0.9000474215,0.8893235922,0.8896751404,0.8742306828,0.8924663067,0.0004037588441,0.77
545,0.8965876427,0.8965603133,0.8985230327,0.8882890344,0.8943302631,0.8998857141,0.8906460404,0.8944430351,0.8697372079,0.8956773877,2.732941392e-05,0.77
546,0.8966440394,0.8966466205,0.8982303739,0.8881533146,0.8942581415,0.8995742202,0.8907331824,0.8925001025,0.8779102564,0.8960170746,2.58105357e-06,0.77
547,0.8967423015,0.8960274498,0.8981639147,0.8907594085,0.8940317035,0.8993642926,0.8909262419,0.8918397427,0.8652986288,0.8994725347,0.0007148516667,0.77
548,0.8964687935,0.8966739789,0.8981103301,0.8876870275,0.8939433098,0.899204731,0.8907012939,0.8951683044,0.8863810897,0.8957823515,0.0002051854635,0.77
549,0.8964741879,0.8962187204,0.8980301619,0.8884079456,0.8935228586,0.8987580538,0.8906569481,0.893661201,0.8960211873,0.893992126,0.0002554675748,0.77
550,0.8964430901,0.8968968399,0.8979901671,0.8880355358,0.8939570189,0.8985196352,0.8898121715,0.8924307823,0.8855801821,0.8927532434,0.0004537497182,0.77
551,0.8965010575,0.896264735,0.8974993229,0.8879042864,0.8937094212,0.8982441425,0.888999939,0.8926895857,0.8828524351,0.8934326172,0.0002363224877,0.77
552,0.8799889946,0.8959357782,0.8970603943,0.8872236013,0.89374125,0.8980941176,0.888332963,0.8923876286,0.8717858791,0.892955184,0.01594678359,0.77
553,0.8791704763,0.8803990931,0.8892350793,0.8793131709,0.8898528814,0.876942575,0.8811018467,0.8813889623,0.8600473404,0.8879415989,0.001228616772,0.77
554,0.8797184583,0.8812131058,0.8860060573,0.879357636,0.8864555359,0.8768526912,0.8803204298,0.8763050437,0.8621755838,0.8893401623,0.001494647555,0.77
555,0.8873633462,0.8829371547,0.8836045861,0.8779060841,0.8838745952,0.8776536584,0.8805273771,0.8775206208,0.8623462319,0.8861966133,0.004426191549,0.77
556,0.8875856227,0.8889439487,0.884683311,0.8796626925,0.8839663863,0.8897616863,0.8822125196,0.8850899935,0.862295568,0.8845642805,0.001358325968,0.77
557,0.8788700494,0.8856133226,0.8848058581,0.8775404096,0.8845590353,0.8888893127,0.881093204,0.8804190159,0.8518514037,0.8820608854,0.006743273185,0.77
558,0.8781693227,0.8778405912,0.880521059,0.8758718371,0.8805840015,0.8789536953,0.8752689362,0.8713874221,0.8513320088,0.8809891939,0.0003287314462,0.77
559,0.8779736419,0.8790041205,0.8777908683,0.8717128634,0.8804302216,0.8767084479,0.8728399873,0.8758944273,0.8508155346,0.8777345419,0.001030478602,0.77
560,0.8782173482,0.8790406577,0.875862658,0.8707191348,0.8775970936,0.877002418,0.8712473512,0.8764203191,0.8474000096,0.8720505834,0.0008233095089,0.77
561,0.8779974436,0.8792958225,0.8745444417,0.8704899549,0.8780856729,0.8796754479,0.8717680573,0.880663693,0.8764843941,0.8737148046,0.001298378865,0.77
562,0.8790284933,0.878926516,0.8735585213,0.8710818887,0.8772621155,0.8793424964,0.8744350076,0.8724820614,0.8579514027,0.8760781288,0.0001019772405,0.77
563,0.8801227264,0.8811139843,0.8738741279,0.8742521405,0.8762901425,0.8806129098,0.8755472302,0.875608623,0.8538240194,0.8812376261,0.0009912578784,0.77
564,0.8801037669,0.8801115036,0.8754290938,0.8725128174,0.8773280382,0.8820090294,0.8744809628,0.8757866025,0.849386692,0.8776525855,7.736647464e-06,0.77
565,0.8708941597,0.8792875971,0.8749151826,0.8726322055,0.8761752248,0.8823652267,0.8720812798,0.8761582375,0.8470212817,0.8778091669,0.008393437392,0.77
566,0.8699940545,0.8707435691,0.8698569536,0.8668828607,0.8743738532,0.8720242381,0.866548717,0.866648674,0.8617364764,0.8682709932,0.0007495145518,0.77
567,0.8703633264,0.8706994028,0.868596077,0.8661392927,0.8722854257,0.8713746667,0.8661390543,0.8675310612,0.8606818914,0.8681081533,0.0003360764454,0.77
568,0.8701878707,0.8721449695,0.8682194352,0.8642349243,0.8708125949,0.8717240095,0.8658137918,0.8737367392,0.8761556149,0.8685387969,0.001957098829,0.77
569,0.869725895,0.8708089542,0.8677456975,0.8653985262,0.8700999022,0.8733873367,0.8658745289,0.8705105782,0.8758450747,0.870452702,0.001083059256,0.77
570,0.8709462368,0.8703758747,0.8674269915,0.8643472791,0.8696207404,0.8724936247,0.8675887585,0.8694607615,0.8791356087,0.8712595701,0.0005703621501,0.77
571,0.8709557174,0.8729035457,0.8682942986,0.8664952517,0.867939353,0.8736208081,0.8688201308,0.8695985079,0.8863067627,0.8723707199,0.001947828263,0.77
572,0.8776896304,0.8697577264,0.8687328696,0.8647028804,0.8685372472,0.8738840818,0.8668465018,0.8659912348,0.8735429049,0.8704084158,0.007931904022,0.77
573,0.8617313999,0.8772524791,0.8721238971,0.865259409,0.8688414693,0.8806760907,0.8676534891,0.8745316863,0.8689241409,0.8688832521,0.01552107926,0.77
574,0.8612305118,0.8614106593,0.8652040958,0.8576740026,0.8661227226,0.8642463684,0.8592568636,0.8580443859,0.8797531128,0.8592144847,0.0001801474553,0.77
575,0.8612645791,0.8627226967,0.8636735082,0.8566045165,0.8640176654,0.8638062477,0.8589665294,0.8590574861,0.8828312159,0.8583965302,0.001458117595,0.77
576,0.860697308,0.8629111612,0.8639425635,0.8559350967,0.8621244431,0.8621790409,0.8582625389,0.8616360426,0.8611110449,0.858020246,0.002213853178,0.77
577,0.860280855,0.862383735,0.8628109694,0.8565815091,0.8609961867,0.8646699786,0.8573616743,0.8576523066,0.8343826532,0.8594998717,0.002102880049,0.77
578,0.8692612168,0.8609303208,0.8616095185,0.8553038836,0.8616273403,0.8634703755,0.8590739965,0.8578063846,0.8709464073,0.8596138954,0.008330895998,0.77
579,0.870103303,0.8704605117,0.8661662936,0.8597697616,0.8602082133,0.8719156981,0.8637214899,0.8651001453,0.8370935321,0.8670426607,0.0003572087106,0.77
580,0.8704363771,0.8674899945,0.8679131269,0.8589356542,0.8637717366,0.8726852536,0.8630492091,0.8649896979,0.8298056722,0.8621072173,0.002946382616,0.77
581,0.8605597379,0.867485107,0.8677304983,0.8606151938,0.8630416989,0.8738344312,0.8607987165,0.8633474112,0.8299262524,0.8655325174,0.006925369166,0.77
582,0.8610947939,0.8585030062,0.8630315065,0.8547156453,0.8615612388,0.8606143594,0.8558470011,0.8533704281,0.8537034988,0.8569543362,0.002591787698,0.77
583,0.8615961581,0.8623104831,0.8621762395,0.8556281924,0.860376358,0.8617789149,0.856328547,0.8598322272,0.8278031349,0.8581167459,0.0007143249952,0.77
584,0.8614760473,0.862565047,0.8615823388,0.8549122214,0.8605536222,0.86242342,0.8569942713,0.8657056689,0.8148164749,0.85955441,0.001088999709,0.77
585,0.8689585427,0.862642054,0.8607987761,0.8565550447,0.8598781824,0.8648141026,0.8570318818,0.863042295,0.8347927332,0.861023128,0.006316488704,0.77
586,0.870207059,0.8733076589,0.8651874065,0.8581476808,0.8624390364,0.8719021082,0.8633052111,0.8678767085,0.8291090727,0.8679510355,0.003100599913,0.77
587,0.87069488,0.8673413438,0.8661069274,0.8618420959,0.8622447252,0.8724695444,0.8637373447,0.8715296984,0.8485466242,0.868888855,0.003353536196,0.77
588,0.8708361684,0.8664915199,0.8665685654,0.8619633317,0.864451766,0.8732354641,0.863522172,0.8653275967,0.8581534624,0.8699909449,0.004344648508,0.77
589,0.8708611522,0.8679560332,0.8678441644,0.8613459468,0.86401546,0.8726475239,0.8631021976,0.8660086989,0.8457630277,0.8662874699,0.002905118925,0.77
590,0.8709606776,0.8689099264,0.8685272336,0.8616241217,0.8643404245,0.8728285432,0.8630271554,0.865552187,0.8589712381,0.8667615056,0.002050751244,0.77
591,0.8710032088,0.8701483679,0.8692423105,0.8610868454,0.8663441539,0.8728786707,0.8639229536,0.8709614873,0.8650086522,0.8666474819,0.0008548409113,0.77
592,0.8709043729,0.8712906109,0.8697363734,0.8631972671,0.8657410145,0.8727815151,0.8645328283,0.8703891039,0.8710005283,0.8678816557,0.0003862379964,0.77
593,0.8708347307,0.8713488436,0.8700506091,0.8638867736,0.8670073152,0.8725118041,0.8652586937,0.8697583675,0.8568578362,0.8694508076,0.0005141129294,0.77
594,0.8707650804,0.87153284,0.8702304363,0.8627809882,0.8671247959,0.8721668124,0.8648468256,0.8660620451,0.8351562023,0.8687518835,0.0007677596772,0.77
595,0.8707021033,0.8706499319,0.8698424101,0.8630799055,0.8671092391,0.8718225956,0.8641114831,0.8695942163,0.8361068964,0.8705717325,5.217144327e-05,0.77
596,0.8705803666,0.869666533,0.8698515296,0.8635924459,0.8672342896,0.8715053797,0.8647273183,0.8674214482,0.8705515862,0.8706195354,0.0009138336372,0.77
597,0.8704184315,0.8698066013,0.8702649474,0.8618392944,0.8666968346,0.8711719513,0.8642762899,0.8693258762,0.8683902025,0.8688428402,0.0006118302416,0.77
598,0.8702349964,0.869717196,0.8709289432,0.8624058366,0.8666778207,0.8708125353,0.8637077808,0.8671028018,0.8329048753,0.8678435683,0.0005178004214,0.77
599,0.8699430741,0.8699098942,0.8711883426,0.8613023162,0.8669102788,0.8704516292,0.8627902269,0.867685616,0.8174299002,0.8660745621,3.317995612e-05,0.77
600,0.8706964485,0.8686432606,0.8707019687,0.8621211052,0.8663114905,0.8700228333,0.8620687127,0.8669081926,0.8292581439,0.8662048578,0.002053187931,0.77
601,0.8693876244,0.8658832688,0.8709525466,0.8602263331,0.8667612076,0.8702997565,0.8618332744,0.8723264337,0.8340718746,0.865678668,0.003504355584,0.77
602,0.8617895496,0.8675686709,0.8704234958,0.8603892922,0.8664834499,0.8691897392,0.8616557717,0.8676791787,0.8325942159,0.8645261526,0.005779121359,0.77
603,0.8705769625,0.8619533428,0.8649530411,0.8572754264,0.8642007709,0.8605687618,0.8581408858,0.8635640144,0.8220090866,0.8630118966,0.00862361968,0.77
604,0.8704979081,0.8732171805,0.8671272397,0.8622522354,0.865074873,0.8693442345,0.8625411987,0.8684980869,0.8220280409,0.866769433,0.002719272399,0.77
605,0.8618109441,0.8679830932,0.8673402667,0.859626174,0.8648331761,0.8689038157,0.8622906208,0.8595637679,0.84068501,0.8598605394,0.00617214906,0.77
606,0.8526520812,0.856950843,0.8623198867,0.8601613641,0.8631775379,0.8627650142,0.8577572107,0.8586989045,0.8285965919,0.8638778925,0.004298761777,0.77
607,0.8526913009,0.8516750746,0.8566806912,0.8533086777,0.8596736193,0.850638628,0.8523834944,0.8548317552,0.867423296,0.859507978,0.001016226347,0.77
608,0.8527118501,0.8532851475,0.8552081585,0.8527416587,0.8553504944,0.8515889645,0.8514494896,0.8537498713,0.8650681973,0.8605675101,0.0005732974251,0.77
609,0.8527074378,0.8525717174,0.8527756333,0.8490962982,0.8554698825,0.8535612822,0.8502483368,0.8547387123,0.8598831892,0.8525247574,0.0001357204258,0.77
610,0.8525214654,0.8517759199,0.8509178758,0.8494163752,0.8527817726,0.8550013304,0.8505932093,0.8537552953,0.8467202187,0.8546373844,0.0007455455099,0.77
611,0.861954792,0.8519146717,0.8505655527,0.8465631604,0.8516659141,0.854400456,0.8505879641,0.8546230793,0.853939414,0.855183363,0.01004012026,0.77
612,0.8686938645,0.8625587291,0.8556414247,0.8521928787,0.8531514406,0.8619490862,0.8538578749,0.8622671366,0.8478672504,0.8581148386,0.006135135405,0.77
613,0.8607469796,0.8610120957,0.8610978723,0.8525776863,0.8555079699,0.865095377,0.8550429344,0.8691577911,0.8513474464,0.8579769135,0.0002651161299,0.77
614,0.8522859218,0.85159354,0.8592695594,0.8500999808,0.8548177481,0.8619714379,0.851117909,0.8588341475,0.8264119029,0.8532487154,0.0006923817149,0.77
615,0.8517866496,0.8501955962,0.8555125594,0.8465759754,0.8531466126,0.8535399437,0.8484229445,0.8523873091,0.8220808506,0.8500981331,0.00159105346,0.77
616,0.85223205,0.8526596295,0.8546153307,0.8461335301,0.8509226441,0.8532956839,0.8488122821,0.8506197929,0.8457994461,0.8510955572,0.0004275795135,0.77
617,0.8515858778,0.8546869201,0.8534967303,0.8463331461,0.8511758447,0.8554172516,0.8484843969,0.8532579541,0.8425850868,0.8512077332,0.003101042279,0.77
618,0.8512696213,0.8524503093,0.8523027897,0.8467364907,0.8504015207,0.856013,0.8493612409,0.8552839756,0.8531202078,0.8507789969,0.001180688002,0.77
619,0.8602295248,0.8522747831,0.8521204591,0.8475631475,0.849360168,0.8552572131,0.8507505059,0.8559514284,0.8294250965,0.8528795838,0.007954741695,0.77
620,0.8607588979,0.8595886654,0.8573821187,0.8508740664,0.8515856266,0.8608317375,0.8545256853,0.8602392077,0.8607810736,0.8582390547,0.001170232448,0.77
621,0.860087559,0.8557539136,0.8592461348,0.85088557,0.8523305655,0.8610255122,0.8533174992,0.8608387709,0.8530688286,0.855664432,0.004333645377,0.77
622,0.843549327,0.8559814742,0.8594219089,0.8491437435,0.85230726,0.8610894084,0.8506619334,0.8530009985,0.8564435244,0.853438139,0.0124321472,0.77
623,0.8422452574,0.8405323519,0.8522489667,0.8406373262,0.8488031626,0.8474308252,0.8447166681,0.8412041664,0.8520400524,0.8470754027,0.001712905518,0.77
624,0.8704637356,0.8428331501,0.8492270708,0.8410487175,0.8453288674,0.8467817307,0.8431156874,0.8449320793,0.8439032435,0.8446090817,0.02763058552,0.77
625,0.8598845961,0.8675909626,0.8613899946,0.8509917855,0.8520311117,0.8619861007,0.8548633456,0.856058538,0.8452466726,0.8538297415,0.007706366445,0.77
626,0.8333051746,0.851104691,0.8582844138,0.8481945992,0.8515474796,0.8593375087,0.8522942662,0.8333622813,0.8437376022,0.8539106846,0.01779951637,0.77
627,0.8159950423,0.8300003029,0.8463462591,0.8392854333,0.8474929929,0.8417388201,0.8427860737,0.8446117043,0.8475979567,0.8534815311,0.01400526056,0.77
628,0.8323062699,0.8167674052,0.8309941888,0.8298678398,0.8364092112,0.8357307315,0.8345113993,0.8407903314,0.8482401967,0.8434435129,0.01553886472,0.77
629,0.8323561152,0.8355421847,0.830444634,0.8322490454,0.8341420293,0.8365625739,0.8354538679,0.8190479279,0.8414794207,0.8411958218,0.003186069418,0.77
630,0.8253019745,0.8278950039,0.8264364004,0.8284417391,0.8348089457,0.8384626508,0.8303655386,0.833748877,0.8382077217,0.8335750699,0.00259302937,0.77
631,0.8058538294,0.8181129086,0.8182032704,0.8245799541,0.82874614,0.8347019553,0.827575326,0.8251937032,0.8401831388,0.8323867917,0.01225907914,0.77
632,0.788450063,0.8021614967,0.805849731,0.8144639134,0.8222288489,0.8234854341,0.8202691674,0.8071111441,0.8413792253,0.8220118284,0.01371143372,0.77
633,0.7880660264,0.7894636654,0.7926879525,0.8054571152,0.8113906384,0.816229105,0.8081564903,0.7847723365,0.8374012113,0.8191317916,0.001397639048,0.77
634,0.7792850912,0.7897415765,0.7851697206,0.7949995995,0.8058367372,0.8092516065,0.7977581024,0.7836100459,0.8039756417,0.803953886,0.01045648524,0.77
635,0.779270212,0.780843534,0.7808069587,0.7870803475,0.7957127094,0.801875174,0.7903826237,0.7833892107,0.8019576669,0.7961651087,0.001573321972,0.77
636,0.788524862,0.7805978653,0.7758100629,0.7850432992,0.7923775911,0.7960669398,0.7889415622,0.7820695043,0.7954562902,0.7919357419,0.007926996715,0.77
637,0.7963775477,0.7893640745,0.7786685824,0.7864219546,0.7892502546,0.794691503,0.790335238,0.7910121083,0.7905733585,0.7896143198,0.007013473221,0.77
638,0.7882017522,0.7901914074,0.7842552662,0.7850161195,0.7888362408,0.7960348725,0.7893540263,0.7969784141,0.7909906507,0.7928529978,0.001989655272,0.77
639,0.7701175362,0.7776059974,0.7809364796,0.7792345881,0.7878152728,0.7889918089,0.7788447142,0.7822032571,0.7898219228,0.776076138,0.007488461246,0.77
640,0.7701022515,0.7667307696,0.7720595002,0.7717993855,0.7798253298,0.7770493031,0.7670926452,0.7675759792,0.7895434499,0.7651343346,0.003371481909,0.77
641,0.7609089281,0.7726002789,0.7720961571,0.7702912688,0.7771693468,0.7717699409,0.7657197714,0.7647370696,0.7991865873,0.7627677917,0.01169135084,0.77
642,0.7609134727,0.7621588779,0.7673456073,0.7664819956,0.7713285089,0.7652135491,0.7588403821,0.7606788874,0.8119254708,0.7539399266,0.001245405228,0.77
643,0.7517404778,0.7622018862,0.7657992244,0.7635733485,0.7687461376,0.7624213696,0.7557936907,0.7655766606,0.8058119416,0.7595260143,0.01046140836,0.77
644,0.7691311375,0.7511612318,0.7593697309,0.7581513524,0.7638425231,0.7535844445,0.7572985291,0.7571738958,0.7973190546,0.752505064,0.01796990579,0.77
645,0.7701674828,0.7721774314,0.7690545321,0.7686347961,0.7647598386,0.7630983591,0.7676652074,0.7696803808,0.7990456223,0.7702922225,0.002009948633,0.77
646,0.7701848843,0.7680623744,0.7712922692,0.7644283175,0.7663322091,0.7609015107,0.7622824907,0.765206337,0.7999399304,0.760663271,0.002122509848,0.77
647,0.7517702105,0.7641486974,0.7704766989,0.7614577413,0.7636359334,0.7617977858,0.7576617599,0.7717753053,0.8215210438,0.7612300515,0.01237848696,0.77
648,0.742565292,0.7452746629,0.7612480521,0.7501206994,0.7600736022,0.7376461029,0.7460273504,0.7497435212,0.7840442061,0.7381100655,0.00270937091,0.77
649,0.7425782971,0.7422487348,0.7547672987,0.7487066984,0.7516494393,0.7301292419,0.7402784824,0.7507363558,0.8043714166,0.7463715672,0.0003295622961,0.77
650,0.7425476357,0.7439619471,0.7531497478,0.7433907986,0.7506738305,0.7270062566,0.737959981,0.7352526188,0.8022285104,0.7396218777,0.00141431143,0.77
651,0.7425617016,0.7436350791,0.7515306473,0.7442580462,0.7458093762,0.7292711735,0.7376253009,0.7391063571,0.7934254408,0.7330165505,0.001073377417,0.77
652,0.7425751022,0.7434031434,0.7508746982,0.7418777943,0.747150898,0.7292244434,0.7419475317,0.7416562438,0.7900799513,0.741001606,0.0008280412031,0.77
653,0.7333804247,0.7429992833,0.7492446303,0.7406820655,0.7436908484,0.7265728712,0.7447497845,0.7396451831,0.7832434773,0.7407124043,0.009618858557,0.77
654,0.7333755886,0.7330687626,0.7432941794,0.7347406745,0.7403419614,0.7136654854,0.736345768,0.7321022749,0.7589370012,0.7382844687,0.0003068260744,0.77
655,0.7333672194,0.734173912,0.7424607873,0.7296272516,0.7367480397,0.7121582031,0.7271404862,0.7350205779,0.7632113099,0.7185694575,0.0008066926135,0.77
656,0.724222965,0.7336514859,0.7410476804,0.7306286693,0.7335054874,0.711222887,0.7233304977,0.7358217239,0.7667838335,0.7266904116,0.009428520893,0.77
657,0.7242052172,0.7235900106,0.7346644998,0.7244853377,0.7302672267,0.7012671232,0.7186695337,0.7259874344,0.7666695714,0.707271874,0.0006152065999,0.77
658,0.7334061481,0.7240568229,0.733066678,0.7268776894,0.7276709676,0.6997343302,0.7213804126,0.7216014862,0.745870769,0.7197312117,0.009349325177,0.77
659,0.7426056947,0.7335445207,0.7368838787,0.7259103656,0.7282227278,0.7131362557,0.7276979685,0.7273315191,0.7497676611,0.7291479111,0.009061173962,0.77
660,0.7426148887,0.7417600371,0.7406088114,0.7311248779,0.7329119444,0.729138732,0.7349342704,0.740067184,0.7577422857,0.7392780781,0.0008548516457,0.77
661,0.7421594123,0.7371145768,0.7401928306,0.7337279916,0.734895587,0.7287818789,0.7341999412,0.7444876432,0.7516313791,0.74021703,0.00504483541,0.77
662,0.7426373994,0.7382685116,0.7402243018,0.7354584932,0.7347390056,0.727255702,0.7350158095,0.7366272807,0.751000762,0.7362042665,0.004368887786,0.77
663,0.7421063203,0.7406594531,0.7407089472,0.7335138917,0.7358056903,0.7272740006,0.7334060073,0.7394497991,0.7492139339,0.7365510464,0.001446867157,0.77
664,0.742643485,0.7416296138,0.7408671379,0.7334525585,0.7347029448,0.7296360731,0.7299335003,0.746086061,0.7537488341,0.7366890907,0.001013871216,0.77
665,0.7426344691,0.7431105,0.7411631942,0.7357632518,0.7372921109,0.7344896197,0.7285496593,0.7410500646,0.747382462,0.7436439991,0.000476030913,0.77
666,0.7425243856,0.7425568755,0.7407898307,0.7379146814,0.7379077673,0.7355391383,0.7346900702,0.7452674508,0.7443356514,0.7441533804,3.248981715e-05,0.77
667,0.7426585883,0.7420343785,0.7404716611,0.7413503528,0.7391989827,0.7364300489,0.7391078472,0.7423542142,0.7677866817,0.7359374762,0.0006242098294,0.77
668,0.7426360314,0.7416739038,0.7404094338,0.7411667109,0.7397627234,0.7364414334,0.7387990952,0.7390018702,0.7787848115,0.7411586642,0.0009621275943,0.77
669,0.742555449,0.7413545657,0.7388597131,0.7405213118,0.7392773032,0.7363801003,0.7357150912,0.7452558875,0.7797948122,0.7465254068,0.001200883351,0.77
670,0.742331948,0.7414236852,0.7383669019,0.7413265705,0.7385056615,0.7362959981,0.7360254526,0.7408620119,0.7696038485,0.7460904121,0.0009082627741,0.77
671,0.7420464637,0.7408654878,0.7384408712,0.7379347086,0.7381082177,0.7356805205,0.7378592491,0.7391234636,0.7713993788,0.735326767,0.00118097586,0.77
672,0.733474229,0.7404567642,0.7381521463,0.738869369,0.737585485,0.7350091934,0.7363336086,0.7372943759,0.7697993517,0.7362983227,0.006982535241,0.77
673,0.7701589235,0.7327836712,0.7328300476,0.731788516,0.735591948,0.7058830261,0.7297326922,0.7273221612,0.7679627538,0.727250278,0.03737525226,0.77
674,0.7609033036,0.7629255024,0.7531071305,0.7453132868,0.7431455255,0.7715607882,0.7522756457,0.7588240504,0.7616508603,0.7411732674,0.002022198876,0.77
675,0.7426676277,0.7517170509,0.7506386042,0.740351975,0.7447606325,0.7608622313,0.7476069331,0.7531327009,0.7420475483,0.731107831,0.009049423156,0.77
676,0.7426465484,0.7401644945,0.7410824895,0.7413232923,0.7426060438,0.7354004979,0.7398865223,0.7378757596,0.7086350918,0.7435259819,0.002482053878,0.77
677,0.7424494864,0.7428970222,0.7409349084,0.7355798483,0.741166234,0.7040405273,0.7409844995,0.742651999,0.7049225569,0.7374926805,0.0004475358593,0.77
678,0.7420699888,0.7426074371,0.7408763766,0.7394532561,0.7373564243,0.7219009399,0.7415691614,0.7453727722,0.6857449412,0.733204186,0.0005374483037,0.77
679,0.7334772919,0.7424690049,0.741928637,0.7356719971,0.7437041402,0.736068368,0.74122715,0.7361465096,0.725283742,0.7237546444,0.008991713032,0.77
680,0.733493271,0.7332596013,0.736474812,0.7356232405,0.7354350686,0.7065556645,0.7366394401,0.7347871661,0.7624689341,0.7242619991,0.0002336696929,0.77
681,0.7334957483,0.7321340434,0.7344209552,0.7323675752,0.7361699343,0.7100949287,0.7363942862,0.7314302921,0.7552043796,0.7266191244,0.001361704959,0.77
682,0.7243289757,0.7308115855,0.7326028943,0.7332263589,0.7346910238,0.7121052742,0.733630836,0.7315686941,0.7503566146,0.7280192971,0.006482609794,0.77
683,0.7243311253,0.7191517096,0.7290427089,0.7250965834,0.7269545794,0.6941049695,0.7257244587,0.7290163636,0.7454051971,0.721742928,0.00517941564,0.77
684,0.724249502,0.7217724947,0.7288330197,0.7211126089,0.7250377536,0.69665277,0.7261554599,0.7219861746,0.736594677,0.7138994932,0.002477007287,0.77
685,0.7240242081,0.7230448476,0.7268110514,0.7225039601,0.7218330503,0.6983923912,0.7274048924,0.7214719653,0.72149086,0.716105938,0.0009793605846,0.77
686,0.7150902868,0.722953491,0.7247619033,0.7224847078,0.720641017,0.7059798837,0.7245230675,0.7161073089,0.7271847725,0.7212405205,0.007863204184,0.77
687,0.7150819935,0.7135298401,0.7180381417,0.7172624469,0.7164948583,0.6886131167,0.7181327343,0.7159478664,0.7237160802,0.7112108469,0.001552153377,0.77
688,0.7239010544,0.7135078999,0.7152161002,0.7148400545,0.712239325,0.6913843155,0.7172393203,0.713019371,0.7135887146,0.7124596834,0.01039315449,0.77
689,0.7243343035,0.7228952304,0.7189499736,0.7149742842,0.7145246267,0.7102993131,0.7168640494,0.7223385572,0.7104319334,0.7053772211,0.00143907309,0.77
690,0.7151250548,0.720862905,0.7228931785,0.7130582333,0.7141330838,0.7157813311,0.7137730718,0.7239743471,0.7009110451,0.711582005,0.005737850266,0.77
691,0.705955721,0.7115080905,0.7183376551,0.7112119198,0.7115767002,0.7014369369,0.7066795826,0.7187845111,0.7079638243,0.7015422583,0.005552369523,0.77
692,0.7059343942,0.7060972483,0.7113596797,0.7062653303,0.7071213126,0.6873238683,0.7023508549,0.7051481605,0.7031315565,0.702684164,0.0001628540811,0.77
693,0.7059285745,0.7066782535,0.7091639042,0.7046681046,0.7052508593,0.6911308765,0.7089864016,0.7027266622,0.6941304803,0.7002609968,0.0007496790706,0.77
694,0.6967819929,0.7068595427,0.7064073086,0.7091617584,0.7035179734,0.6962847114,0.7070330381,0.6985285878,0.7074348927,0.7049522996,0.01007754976,0.77
695,0.6967729478,0.6970571654,0.6983155012,0.7011749744,0.6998224258,0.690941453,0.699565351,0.6924218535,0.6909014583,0.7048553824,0.000284217605,0.77
696,0.6967518754,0.696785223,0.6954450607,0.6973707676,0.696641624,0.6914579868,0.6989592314,0.6948528886,0.7092336416,0.6976464987,3.334761001e-05,0.77
697,0.6967558822,0.6961603295,0.6926211715,0.6933870316,0.6945832968,0.6909567118,0.6970686913,0.6943993568,0.7175226212,0.6966938972,0.0005955526319,0.77
698,0.6967881071,0.69581328,0.6909700036,0.6900769472,0.6929925084,0.6926549673,0.6914772391,0.68525213,0.7148883343,0.6949588656,0.0009748271191,0.77
699,0.6967592325,0.695823831,0.6904167533,0.6883513927,0.6915788054,0.6921389699,0.6886822581,0.6962985396,0.7179454565,0.6948240995,0.0009354014941,0.77
700,0.687582369,0.695049976,0.6895020604,0.6865392923,0.6896085739,0.6919937134,0.6889851689,0.7002251744,0.7142251134,0.6839042306,0.007467607019,0.77
701,0.6875703613,0.6866080246,0.6838624477,0.6853557229,0.6871471405,0.6832896471,0.6865004301,0.6901013851,0.7213400006,0.6837871075,0.0009623366696,0.77
702,0.6783817494,0.6869489211,0.6833637953,0.6840659976,0.6839178801,0.6841859818,0.6842071414,0.6868487,0.7015300989,0.6891613603,0.008567171751,0.77
703,0.6784028253,0.6774725393,0.6771083474,0.6797276139,0.6800894737,0.6776553988,0.6773596406,0.6768225431,0.7056237459,0.6758799553,0.0009302860236,0.77
704,0.6783893076,0.6792336131,0.6755200624,0.6767249107,0.6774400473,0.6775856614,0.67606318,0.6794344783,0.6840908527,0.67184937,0.0008443054435,0.77
705,0.6783862137,0.6788738278,0.6743747592,0.679077208,0.6757511497,0.6758671999,0.6748325825,0.6754452586,0.6865831614,0.6719919443,0.000487614134,0.77
706,0.6783815574,0.6785322824,0.6735013127,0.6754324436,0.673658669,0.6759661436,0.6723080277,0.6736562848,0.6853075027,0.6724469066,0.0001507249678,0.77
707,0.6784119066,0.6777335558,0.6729670167,0.6754160523,0.673641324,0.6744801998,0.6712082028,0.6780008078,0.6836912036,0.6735764742,0.0006783508429,0.77
708,0.6692140872,0.6780323628,0.6727231145,0.674189508,0.6711866856,0.6734790206,0.6707871556,0.6742759943,0.6808335185,0.6735344529,0.008818275621,0.77
709,0.6692154868,0.6681591047,0.6664624214,0.6694606543,0.6692124605,0.6645376086,0.6653838158,0.6682457328,0.696249783,0.6703996658,0.001056382157,0.77
710,0.6692230878,0.6685851063,0.6625086665,0.6694118381,0.66639781,0.6639424562,0.6625923514,0.6741151214,0.6871796846,0.6665320396,0.0006379815223,0.77
711,0.6692305929,0.6693745836,0.6641925573,0.6664363742,0.6653400064,0.663256526,0.6619622111,0.6676377058,0.6699524522,0.6672529578,0.0001439907604,0.77
712,0.6692155313,0.6693941343,0.6635859013,0.6625739336,0.6642363071,0.6641338468,0.6629210711,0.6639865041,0.6897092462,0.666141212,0.000178603007,0.77
713,0.6600659717,0.6694371696,0.6613042951,0.6646018624,0.6636220813,0.6627869606,0.6630786061,0.6672613025,0.6973850727,0.6730068326,0.009371197969,0.77
714,0.6600411617,0.6600784559,0.6551187038,0.6585789323,0.6603012085,0.6528401375,0.6562822461,0.660841465,0.6832270026,0.6646934748,3.72941653e-05,0.77
715,0.6600493698,0.6601866991,0.6544807553,0.6575357318,0.6588497162,0.6518201232,0.6566365957,0.6632671952,0.6708882451,0.669816792,0.0001373292203,0.77
716,0.6600511019,0.6608432511,0.6533376575,0.6569795012,0.6564480066,0.6507406831,0.6546496749,0.6613572836,0.6694203615,0.6537894011,0.0007921492113,0.77
717,0.6600366687,0.6602882068,0.6519601345,0.6569203734,0.6550955176,0.6520785093,0.6532255411,0.6565689445,0.666670084,0.6544421911,0.0002515380811,0.77
718,0.6966496698,0.6601509955,0.6508094668,0.6559280157,0.6549260616,0.6507308483,0.6531547308,0.6553913951,0.6681367755,0.6550574899,0.03649867427,0.77
719,0.6783964255,0.6920652793,0.6709875464,0.6711784601,0.6624813676,0.6970073581,0.6765071154,0.6825964451,0.6781454682,0.6749284267,0.01366885377,0.77
720,0.6692261991,0.6722502662,0.6629038453,0.6655676365,0.6651067734,0.6722331047,0.6661148667,0.6686407328,0.6732845902,0.6635355353,0.003024067026,0.77
721,0.6692081121,0.6659973296,0.6579681039,0.6667075753,0.6632350087,0.6620942354,0.6601597071,0.6655257344,0.6695759892,0.6724392772,0.003210782503,0.77
722,0.6600510152,0.6685596546,0.6576102376,0.6643210053,0.6621735692,0.6478654742,0.6626494527,0.6635825038,0.6623408794,0.6609021425,0.008508639463,0.77
723,0.6600347734,0.6603727271,0.6519694328,0.6607663035,0.6579956412,0.6429206729,0.6570191383,0.6566922665,0.6662569046,0.6629772186,0.0003379537105,0.77
724,0.6600434006,0.6604170734,0.6508626342,0.65889889,0.6612632871,0.6484348774,0.6545580626,0.6519569159,0.6835885644,0.6672170162,0.0003736727724,0.77
725,0.6600647905,0.6606552561,0.6497347951,0.6601025462,0.653997004,0.6481981277,0.6562231779,0.6630350947,0.6891180277,0.6654425859,0.0005904655729,0.77
726,0.6600675678,0.6602856438,0.6481935978,0.6562466621,0.6579756737,0.6518879533,0.6588149667,0.656214416,0.6707152128,0.6712046266,0.0002180759672,0.77
727,0.6600629048,0.6596565104,0.6470198035,0.6569004655,0.6561270952,0.651391685,0.6553673148,0.6534153819,0.6868498325,0.6601217389,0.0004063944197,0.77
728,0.6509026242,0.6576217675,0.6466395855,0.6522423029,0.6530380249,0.6516468525,0.652897656,0.6524205208,0.6565464139,0.6620292068,0.006719143354,0.77
729,0.6417156001,0.6483571167,0.6406357884,0.6463294029,0.6513320208,0.6361230016,0.646884501,0.6542572379,0.6602205038,0.6489751935,0.006641516538,0.77
730,0.6417004848,0.6405397574,0.6347883344,0.6448173523,0.6455395818,0.6241656542,0.6440157294,0.6402196884,0.6540131569,0.6510481834,0.001160727396,0.77
731,0.6325370298,0.6413760133,0.6342595816,0.6413964033,0.6418026686,0.6257323623,0.6426231861,0.6395331025,0.6439281106,0.6462282538,0.008838983407,0.77
732,0.6325213356,0.6322120144,0.6269060969,0.6357834935,0.6373816729,0.6180199385,0.6370349526,0.6198951602,0.6341872811,0.6357590556,0.0003093212429,0.77
733,0.6233725421,0.632529827,0.6255937815,0.6361008883,0.6342135668,0.6211007833,0.6353675723,0.6305596232,0.6379983425,0.6386486292,0.009157284847,0.77
734,0.6233439668,0.623430032,0.6193138957,0.6248751879,0.6287457943,0.6105825901,0.6300858259,0.6225681901,0.6381999254,0.6291503906,8.606513216e-05,0.77
735,0.6233635823,0.6233106437,0.6169736385,0.6253695488,0.6254325509,0.6133588552,0.6295329928,0.6147911549,0.6385791302,0.6301219463,5.293859679e-05,0.77
736,0.6233786246,0.6231064976,0.6166211963,0.6229280829,0.6225294471,0.6132334471,0.6258769631,0.6233741641,0.6381455064,0.6231571436,0.00027212703,0.77
737,0.6233573144,0.6228026328,0.6158795357,0.6196939349,0.6196821332,0.6157645583,0.6229654551,0.6194241643,0.6227442622,0.6239476204,0.0005546815803,0.77
738,0.6325147703,0.6221134832,0.6146044731,0.6169790626,0.6188977361,0.6165166497,0.6236316562,0.6223121881,0.6164003611,0.6093880534,0.01040128709,0.77
739,0.6233120827,0.6316690747,0.6196963191,0.6263654828,0.6187160611,0.6293199062,0.6251434088,0.6240504384,0.6267549396,0.6249784827,0.008356992015,0.77
740,0.6141356507,0.6213535828,0.6129651666,0.6163273454,0.6186401844,0.617379725,0.6178088784,0.6216862202,0.6345303059,0.6172698736,0.007217932142,0.77
741,0.6141446383,0.6132988433,0.6056005359,0.6141156554,0.6144830585,0.6056099534,0.6131640077,0.6161242127,0.637512207,0.6115454435,0.0008457950601,0.77
742,0.6141310833,0.6142594919,0.6068997383,0.6118266582,0.6119722724,0.6046061516,0.6123130322,0.6063985229,0.6427538395,0.6084080935,0.0001284085855,0.77
743,0.6049631398,0.6144109474,0.606952548,0.6098917127,0.6102797389,0.6098977923,0.6118534207,0.6007313728,0.6272384524,0.6144579053,0.009447807653,0.77
744,0.604977398,0.605247444,0.5997502208,0.6080777645,0.6078270674,0.6009469628,0.606559515,0.6044518948,0.6276900172,0.6110703349,0.0002700460783,0.77
745,0.6049814759,0.6054236354,0.5998927355,0.6046380997,0.6033311486,0.6015991569,0.606600523,0.6068669558,0.6362214088,0.6059624553,0.0004421594856,0.77
746,0.6141688575,0.6054139199,0.5992918611,0.6054823399,0.6019071341,0.6023660898,0.6070669889,0.5993869305,0.6358510256,0.6132938266,0.008754937642,0.77
747,0.6049734534,0.614206563,0.6038605571,0.6066327095,0.6029865742,0.6178942323,0.6104183197,0.6043531895,0.6346885562,0.6085041761,0.009233109617,0.77
748,0.6049995609,0.6036763843,0.5970143676,0.6028269529,0.6001048684,0.6044755578,0.6026567221,0.6003481746,0.6303755045,0.5972949266,0.001323176613,0.77
749,0.5958137806,0.6040057,0.5963160396,0.5981831551,0.5982519388,0.6053128839,0.6009173989,0.6020771861,0.6271991134,0.5951014161,0.008191919408,0.77
750,0.5958086693,0.5949082407,0.5907176733,0.597247541,0.5949934721,0.5893671513,0.5947592854,0.5960749984,0.6372460127,0.5953814983,0.0009004285745,0.77
751,0.5866325135,0.5958336626,0.5905774832,0.5923929811,0.5917155743,0.5950217843,0.5918311477,0.5869663358,0.6385113001,0.5925488472,0.009201149128,0.77
752,0.5866355564,0.5865669866,0.584916532,0.5882071257,0.5887880921,0.5827003717,0.5871648192,0.5792343616,0.6381088495,0.5823997259,6.856981576e-05,0.77
753,0.5866171672,0.5867462774,0.584405005,0.5868408084,0.584428668,0.5878780484,0.5868906975,0.5811547041,0.6426696777,0.5891448855,0.0001291101584,0.77
754,0.5866400085,0.5867763182,0.583250463,0.583253324,0.5841229558,0.588614285,0.5877287984,0.5741173029,0.6394233108,0.5878916979,0.0001363096879,0.77
755,0.5774618154,0.5867931863,0.5818549991,0.5845633745,0.5811578035,0.5921345353,0.5859082937,0.5780292749,0.6114253998,0.5800567269,0.009331370861,0.77
756,0.5774557218,0.577123047,0.5756004453,0.5778847933,0.5786453485,0.5790689588,0.5799262524,0.5741809011,0.6323432922,0.5823416114,0.0003326747756,0.77
757,0.5774537088,0.5772026788,0.5737307668,0.5743004084,0.5741029978,0.5798738003,0.5756440163,0.5725794435,0.5849289894,0.5759451985,0.0002510300064,0.77
758,0.5958486704,0.5771316897,0.5733927488,0.5746393204,0.5729726553,0.5807415247,0.574501574,0.5753007531,0.5895332694,0.5779285431,0.01871698074,0.77
759,0.6050330998,0.597282473,0.5846258402,0.5821800828,0.5764490962,0.6078219414,0.5834931731,0.5820339918,0.5738518238,0.5860523582,0.007750626772,0.77
760,0.6050376416,0.605157441,0.5895904899,0.5860781074,0.5813202858,0.6124984622,0.5910655856,0.589474082,0.5758670568,0.5927226543,0.0001197993447,0.77
761,0.605031006,0.6038487013,0.5896345377,0.588620007,0.5847132802,0.6135880351,0.5925337672,0.6013084054,0.5718488693,0.5796368122,0.001182304688,0.77
762,0.6050361333,0.6042432842,0.5907734632,0.5920119286,0.5869826078,0.6127197742,0.5919730663,0.6012493372,0.5948933363,0.5939099193,0.0007928490959,0.77
763,0.6050386767,0.6050943196,0.5895915627,0.5931924582,0.5878638029,0.6117753386,0.5909674168,0.6008239985,0.6023232937,0.5940208435,5.564294534e-05,0.77
764,0.6050573587,0.6055315795,0.5900530219,0.596136272,0.5898697376,0.6121325493,0.5910694003,0.5990775228,0.6129983664,0.5986605883,0.0004742207638,0.77
765,0.6050479959,0.6057881776,0.5904834867,0.5968750715,0.590221107,0.6117250323,0.5949084163,0.5978492498,0.6104471684,0.5976871252,0.0007401816599,0.77
766,0.6050602931,0.6058645312,0.5901816487,0.6024526358,0.5910019279,0.6109892726,0.5985875726,0.5951347351,0.6156598926,0.6063022614,0.000804238017,0.77
767,0.5958707278,0.6058459941,0.5906479955,0.6038276553,0.5932200551,0.6101494431,0.6000955105,0.5978028774,0.6185926795,0.6065928936,0.009975266317,0.77
768,0.5867153637,0.5930002957,0.5848698616,0.600102067,0.5904098749,0.597196281,0.5937215686,0.5883632898,0.6124253869,0.6074106693,0.006284931928,0.77
769,0.5775386049,0.5859493632,0.5786496401,0.5920943022,0.5871909857,0.5788068175,0.5854406953,0.5680179596,0.5992389321,0.5958026052,0.008410758336,0.77
770,0.5683542752,0.5776165139,0.5725448728,0.5868401527,0.5808587074,0.5664639473,0.580206573,0.5663066506,0.5999291539,0.5944013596,0.009262238683,0.77
771,0.5591785925,0.5676758892,0.5669748187,0.5750352144,0.5750410557,0.5602963567,0.5715544224,0.559855938,0.5981616378,0.5874341726,0.008497296617,0.77
772,0.5591954084,0.5580341819,0.5610712171,0.5670115948,0.5678898692,0.5544131994,0.5644247532,0.5512270927,0.5865923762,0.5698212981,0.001161226411,0.77
773,0.5500280271,0.5573805574,0.5609765053,0.5606620312,0.5621486902,0.5606951714,0.5637641549,0.551630497,0.5813860893,0.5722693205,0.007352530325,0.77
774,0.550035568,0.5483926537,0.5544905066,0.5549551249,0.556034565,0.5529863834,0.5596405864,0.5410135984,0.5625729561,0.5627635717,0.00164291433,0.77
775,0.5500047376,0.5484057071,0.5535696149,0.5507165194,0.5520553589,0.557245791,0.5596391559,0.542396009,0.5650293827,0.5547724962,0.001599030476,0.77
776,0.5500310454,0.5484274628,0.5520023108,0.5479539037,0.5472436547,0.5575571656,0.5574027896,0.5477980971,0.5503484607,0.5528466105,0.001603582614,0.77
777,0.5500170214,0.5483673217,0.5499436259,0.5427594185,0.5448300838,0.5612594485,0.5517163873,0.5419847369,0.5376969576,0.5371969342,0.001649699705,0.77
778,0.5408768888,0.5480540397,0.5491285324,0.5428482294,0.5427738428,0.5610787868,0.548622489,0.5462619662,0.533061564,0.5424418449,0.007177150858,0.77
779,0.5408724521,0.5388087631,0.5408269763,0.5372416377,0.5382385254,0.5476793051,0.5405051708,0.535117507,0.5475951433,0.5271067023,0.002063688948,0.77
780,0.5408706625,0.5396314264,0.5411115289,0.5387566686,0.536757946,0.5484995246,0.538058579,0.5400682092,0.5350534916,0.5307277441,0.001239236006,0.77
781,0.5316896361,0.5395901204,0.5408453941,0.5362656116,0.5345317721,0.5498129725,0.5373969078,0.537178874,0.5379661322,0.5219209194,0.00790048429,0.77
782,0.5225219652,0.5303740502,0.5336266756,0.5347015858,0.5310688019,0.5400996208,0.5331420898,0.528501153,0.5278896093,0.5297546387,0.007852085006,0.77
783,0.5225248623,0.5217331052,0.52767694,0.5273205042,0.5270569921,0.5286124349,0.5282595754,0.5191081166,0.5269943476,0.5279942155,0.0007917570865,0.77
784,0.5317092269,0.5220301748,0.5278750062,0.5289269686,0.5221318007,0.5315822363,0.5280253887,0.5199038386,0.5425842404,0.5364415646,0.009679052143,0.77
785,0.5317183036,0.5311459304,0.5312687159,0.5275266767,0.5232228637,0.5510594249,0.5302458405,0.5215536952,0.5388584733,0.5318086147,0.0005723732544,0.77
786,0.5316848952,0.5306101442,0.5298733711,0.529724896,0.5221289992,0.5535235405,0.5282694101,0.5319830179,0.5379374623,0.5359797478,0.001074750985,0.77
787,0.5317137896,0.5302534104,0.5293276906,0.5264872909,0.5214405656,0.5528978705,0.52670753,0.5317252874,0.550514698,0.5284126401,0.001460379186,0.77
788,0.5408921127,0.530299902,0.5288009644,0.5259593725,0.520378828,0.5495360494,0.5256692767,0.5273764729,0.5564068556,0.5282562375,0.01059221067,0.77
789,0.5317133219,0.5408293606,0.5351985693,0.5272803903,0.5223643184,0.5600425601,0.5284665823,0.5355269313,0.5547585487,0.5233027935,0.009116038739,0.77
790,0.5317109015,0.5309586526,0.5293338895,0.5250586867,0.5206459165,0.5491651893,0.520023942,0.5234501958,0.5591065288,0.5156851411,0.0007522489628,0.77
791,0.5225295729,0.531151712,0.5290299654,0.5240328312,0.5196931958,0.5494450331,0.5208282471,0.521561265,0.5588233471,0.5167627335,0.008622139153,0.77
792,0.5225386129,0.5223639012,0.5227931738,0.5208590031,0.5164957047,0.5278984904,0.5181460977,0.5202372074,0.5559300184,0.5073559284,0.0001747117449,0.77
793,0.5225355904,0.5226768256,0.521959722,0.5219985247,0.5147442818,0.5365741253,0.5179566741,0.5231630206,0.5585673451,0.5165829659,0.0001412351563,0.77
794,0.5133551084,0.5227210522,0.521802485,0.5195963979,0.5141581893,0.5383324623,0.5185169578,0.518668592,0.5652615428,0.5236302614,0.009365943819,0.77
795,0.5041879169,0.5126941204,0.5152967572,0.5160706639,0.5101901889,0.5262060761,0.514339745,0.5044085979,0.555765748,0.5151679516,0.008506203535,0.77
796,0.495030976,0.5035760403,0.5096672177,0.5101876855,0.5069183111,0.5121494532,0.5094850659,0.4981546998,0.5495924354,0.5105051994,0.008545064249,0.77
797,0.4950234354,0.4946343899,0.5034882426,0.5022692084,0.4996433854,0.5011225939,0.5013391972,0.4894163311,0.5405984521,0.4986560345,0.0003890455325,0.77
798,0.4950120406,0.4947744906,0.502169311,0.4983282983,0.4960221052,0.507901907,0.4960398972,0.4901331961,0.5081501007,0.5071973205,0.0002375499876,0.77
799,0.4950129641,0.494342953,0.5004569888,0.4917157292,0.493365407,0.5134413838,0.4930198193,0.4857849777,0.5049789548,0.4984068573,0.000670011107,0.77
800,0.4950548508,0.4941027165,0.4992063642,0.4915629327,0.4901558459,0.5181149244,0.4928082228,0.4814007878,0.503390193,0.502943635,0.0009521343295,0.77
801,0.4858915984,0.4943817556,0.4965569973,0.4885004163,0.4894677997,0.5177574754,0.4922785163,0.4880850017,0.5042129755,0.4955870807,0.008490157152,0.77
802,0.4858857784,0.4850246012,0.4898461699,0.4848161936,0.4847444892,0.5011410117,0.4847780466,0.484115988,0.5042339563,0.4896872938,0.000861177137,0.77
803,0.4950486507,0.4852230549,0.489644289,0.4808588624,0.4825043976,0.5024170876,0.4808132946,0.4807575941,0.5025413036,0.4799660146,0.009825595796,0.77
804,0.4675475446,0.4928297699,0.4948972464,0.486174643,0.4812727571,0.5192228556,0.4860545695,0.4861516356,0.5071593523,0.4866640568,0.02528222522,0.77
805,0.4583934404,0.4654699564,0.4764062166,0.4757474363,0.4749909639,0.4768176973,0.4686626494,0.444201231,0.5029155612,0.4693388343,0.00707651596,0.77
806,0.4492122802,0.4569158852,0.4715971053,0.4731246829,0.4672173858,0.4637437761,0.461945802,0.470177114,0.5121333599,0.4767056704,0.007703605026,0.77
807,0.4308806445,0.4482551515,0.4585921168,0.4646316469,0.4586617947,0.4523519874,0.4564352036,0.4476443827,0.5236387849,0.4619862437,0.01737450706,0.77
808,0.4216908042,0.4297231436,0.438418746,0.4554015696,0.4491904378,0.4428696334,0.4455975294,0.4096378982,0.5228333473,0.4456624985,0.008032339341,0.77
809,0.4217000603,0.4207985103,0.4285208881,0.4465085566,0.4410338104,0.4365602136,0.4367642105,0.4118977785,0.5175514221,0.4482499361,0.0009015499909,0.77
810,0.4033692452,0.4207893312,0.4217821062,0.4386702478,0.4313619733,0.4437331259,0.4344792962,0.4074657857,0.5114567876,0.4411537945,0.01742008597,0.77
811,0.3941834555,0.4022163749,0.4026048779,0.4237957597,0.4246009588,0.4267232418,0.4199579656,0.3948474228,0.5087848902,0.4306126535,0.008032919405,0.77
812,0.3941834564,0.3931563199,0.3921907842,0.4113086462,0.4128834903,0.4177084267,0.4068423808,0.389660269,0.5030064583,0.4190704525,0.001027136514,0.77
813,0.3942000052,0.3931994438,0.3887732625,0.3998446167,0.4045218527,0.420263201,0.4016768336,0.399787426,0.4863950014,0.4021990299,0.001000561401,0.77
814,0.3941910158,0.3931373954,0.3845095634,0.3946989775,0.4003321826,0.4283821881,0.3991464376,0.3948391676,0.4669014215,0.3950247467,0.001053620377,0.77
815,0.3941832452,0.3931612372,0.381852746,0.3907020092,0.3964448869,0.4284763336,0.3960879743,0.3936076462,0.4967816174,0.3897501826,0.00102200795,0.77
816,0.3941865345,0.3930790722,0.3832147121,0.3875839114,0.3919670582,0.4249988198,0.3951902688,0.3825815916,0.4685455859,0.3857764602,0.001107462294,0.77
817,0.3850336054,0.3930334747,0.3868811131,0.3857218623,0.3917113543,0.4217263758,0.395989269,0.3893637061,0.4983175695,0.3809836209,0.007999869326,0.77
818,0.3758661805,0.3838714659,0.3854877651,0.3833939135,0.3879409432,0.4055407643,0.3865230381,0.3827443421,0.5018349886,0.3666682243,0.008005285467,0.77
819,0.3758662142,0.3748206794,0.3833877146,0.3756716549,0.3826235533,0.3885027468,0.3766215146,0.3787491322,0.4751827121,0.3585894108,0.00104553475,0.77
820,0.3666756273,0.3748332262,0.3866661787,0.3779758215,0.3792745471,0.3887765706,0.3750215173,0.3666576445,0.4336694181,0.3582372665,0.008157598872,0.77
821,0.2566771913,0.3659851253,0.3823416829,0.3738793433,0.374668926,0.378410548,0.3676758707,0.3771571815,0.4270387292,0.3591567874,0.109307934,0.77
822,0.3575172231,0.2578553259,0.3215702772,0.323576659,0.3428985775,0.4653467238,0.3063691854,0.3310140967,0.4874098897,0.29415977,0.09966189715,0.77
823,0.3575413228,0.3563099504,0.3857824206,0.3572582901,0.3447328806,0.3851988912,0.3621587455,0.337628454,0.4290388227,0.3580703735,0.001231372401,0.77
824,0.3575518434,0.3553040922,0.3809876442,0.3508947492,0.3481372297,0.3697182536,0.3573823571,0.3422353566,0.4324816465,0.342571944,0.002247751202,0.77
825,0.3483830659,0.3558039367,0.3782763481,0.3547483683,0.3543552756,0.4193059206,0.350248605,0.3381512761,0.4247232974,0.3636692762,0.007420870781,0.77
826,0.3392087125,0.345649302,0.3802086711,0.3415370286,0.3524103165,0.3467828333,0.3435387909,0.3495745063,0.4297810197,0.3347837031,0.006440589507,0.77
827,0.3483751749,0.3370222747,0.3784214556,0.3403014839,0.3367135525,0.3330307603,0.3317189813,0.3587501645,0.4297607243,0.3381826282,0.01135290015,0.77
828,0.3483751496,0.3460624814,0.388294816,0.3340564966,0.3541697562,0.3477503955,0.330389142,0.3488689959,0.4223332405,0.3339297175,0.002312668161,0.77
829,0.3575579703,0.347081244,0.3894668818,0.3390891552,0.3356912732,0.3471860886,0.3215202987,0.3330117464,0.420558095,0.313757509,0.01047672631,0.77
830,0.3575413996,0.356193006,0.3991407752,0.3415958285,0.3451371789,0.3503362238,0.3352064192,0.3544432819,0.4227731526,0.3296665549,0.001348393542,0.77
831,0.3483749267,0.3563018441,0.402050674,0.3525166214,0.3481517434,0.3474787474,0.3454027176,0.3571439385,0.4268660843,0.336538583,0.007926917449,0.77
832,0.3392181626,0.3481571376,0.3963058889,0.3525373936,0.3441025615,0.3348124921,0.335577786,0.3460493386,0.4331526756,0.3644509315,0.008938975054,0.77
833,0.3300245148,0.3378276229,0.3905709088,0.3396025598,0.3466048539,0.3136416972,0.3253943622,0.3388429582,0.4341323376,0.3250923157,0.007803108055,0.77
834,0.3300274704,0.329821825,0.3852590322,0.3446291387,0.3397858441,0.2988408804,0.3213748038,0.3176073432,0.4220461249,0.3486108482,0.0002056453884,0.77
835,0.3208599775,0.3297593594,0.3831692934,0.3410642445,0.3383280933,0.3082742989,0.3187608719,0.3246013224,0.4080383182,0.3206167221,0.008899381884,0.77
836,0.3208630364,0.3194628358,0.3748298287,0.3326016068,0.3308742344,0.3003192246,0.3192074001,0.321657002,0.3945294023,0.3383806944,0.001400200576,0.77
837,0.3116953407,0.3194263875,0.3718225956,0.3332199156,0.3280635476,0.3040524125,0.3133905828,0.3165477514,0.4309220314,0.3318729699,0.007731046872,0.77
838,0.3116923385,0.3111499548,0.3636071682,0.3194259107,0.324621439,0.2910942137,0.3061345816,0.3091934025,0.4236485958,0.3385680914,0.0005423836561,0.77
839,0.311701359,0.3112566769,0.3609201908,0.3119636774,0.3212356567,0.2938711643,0.3090007305,0.30977723,0.4147111177,0.325052321,0.0004446820503,0.77
840,0.3025236707,0.3113090992,0.3595057726,0.3159201741,0.3144112229,0.2916539311,0.3109230399,0.3068708479,0.3941013515,0.3098345995,0.008785428505,0.77
841,0.3116953772,0.3025802076,0.3508899212,0.3047964871,0.3130450249,0.2829045355,0.2985458076,0.302002281,0.3929908872,0.3261170387,0.009115169649,0.77
842,0.3117074006,0.3112356067,0.3542627692,0.2932617962,0.3081234396,0.2875773907,0.3043945432,0.304387033,0.3828496039,0.2878789902,0.0004717938875,0.77
843,0.3116873978,0.3112027645,0.3521436155,0.3103284538,0.3046983182,0.2829714119,0.3073883951,0.3095193207,0.3839319646,0.3070156872,0.0004846332439,0.77
844,0.3025216718,0.3111755848,0.3526469171,0.3051354885,0.3082076311,0.2800998688,0.305198729,0.3011702299,0.3884868026,0.3042909205,0.008653913021,0.77
845,0.3025298907,0.3022887409,0.341530025,0.3043231964,0.3059674799,0.2694618106,0.2975798845,0.2943586707,0.3908356428,0.2913709581,0.0002411498676,0.77
846,0.3025303923,0.3027363122,0.3393072486,0.305873245,0.2999235988,0.2671785653,0.3044214547,0.2918042541,0.3663240671,0.2750819325,0.0002059198299,0.77
847,0.2933674822,0.3028432131,0.3369092941,0.3012605906,0.2978206575,0.2650529742,0.304130286,0.2991735637,0.382861793,0.2859164774,0.009475730859,0.77
848,0.4675475446,0.2927012146,0.3275174201,0.3043909371,0.2975901961,0.2574527562,0.2979991734,0.2923134565,0.3659178317,0.3060935736,0.1748463301,0.77
849,0.4583934404,0.464975208,0.4504913986,0.3713960648,0.344389528,0.359588623,0.4298787713,0.3889355659,0.3257350028,0.3311879039,0.006581767606,0.77
850,0.4492122802,0.4548538923,0.4650201499,0.3892993331,0.3776398897,0.3781502843,0.4257791936,0.3965776563,0.359362185,0.3395640254,0.005641612142,0.77
851,0.4308806445,0.4461297393,0.4610676169,0.4003669322,0.402761817,0.3760113418,0.4260362685,0.4062635601,0.3684569597,0.361972928,0.01524909483,0.77
852,0.4216908042,0.4280174673,0.442278564,0.4016263485,0.4033426642,0.207477361,0.4294683635,0.425106436,0.3855567575,0.3589964807,0.006326663024,0.77
853,0.4217000603,0.4198281765,0.4314241409,0.393885076,0.4021493793,0.2235437483,0.4124825001,0.4019866288,0.3718983829,0.3567147255,0.001871883806,0.77
854,0.4125293089,0.4199391603,0.425309062,0.4143267274,0.4119307697,0.2551712096,0.4256769121,0.399951458,0.3918051422,0.3733311892,0.007409851433,0.77
855,0.4033541392,0.4115346968,0.415400058,0.4094971716,0.3941136599,0.2636539638,0.4364284575,0.3995111287,0.3933465481,0.3831743598,0.008180557579,0.77
856,0.4033692452,0.402071476,0.4049425721,0.4201183617,0.4063513875,0.2609986663,0.4571203589,0.3955021799,0.3951948285,0.3819391131,0.00129776925,0.77
857,0.3941834555,0.4021258652,0.39888376,0.4215483963,0.4033259451,0.2710500062,0.445679307,0.3889221847,0.3692773581,0.3904405236,0.007942409752,0.77
858,0.3941834564,0.3937612176,0.3875599802,0.4052138329,0.3964338005,0.2685900629,0.4295645356,0.3849822879,0.389739424,0.3914566636,0.0004222387763,0.77
859,0.3942000052,0.3935992718,0.3813079894,0.3921453953,0.3953631222,0.2799536586,0.4191510677,0.3865374923,0.3865892291,0.3604605198,0.0006007334437,0.77
860,0.3941910158,0.3934129179,0.3767972589,0.3998392522,0.3892915249,0.2849791348,0.4252177477,0.3865675032,0.3800391555,0.375151515,0.0007780979064,0.77
861,0.3941832452,0.3932982683,0.3724819124,0.3821814656,0.3806082904,0.2922255099,0.4077925384,0.3758762181,0.3493528366,0.3538023829,0.0008849768719,0.77
862,0.3941865345,0.3931836784,0.3701640964,0.3852825463,0.3733767271,0.2947020531,0.4040655196,0.3757114112,0.3317936063,0.362609148,0.001002856142,0.77
863,0.3850336054,0.3931014538,0.3681995869,0.3807634711,0.3720405698,0.2970823348,0.3949838579,0.379290998,0.321642071,0.362242341,0.008067848423,0.77
864,0.3758661805,0.3829206526,0.3598509729,0.3755680323,0.3696136177,0.2866583467,0.3897716701,0.379401058,0.3184525967,0.3638475239,0.007054472173,0.77
865,0.3758662142,0.3744879365,0.3531445861,0.3712635636,0.3668554723,0.2787280977,0.3854552805,0.3649526834,0.3146070242,0.3525165319,0.00137827768,0.77
866,0.3666756273,0.3744392693,0.355622232,0.3759290278,0.3605581522,0.2850104868,0.3804088831,0.3700067401,0.3187071085,0.3698394299,0.007763641972,0.77
867,0.2566771913,0.3644498885,0.3444786072,0.3623220325,0.3624399304,0.2833269536,0.3496676087,0.36967659,0.3032367527,0.3579084277,0.1077726972,0.77
868,0.3575172231,0.2577963471,0.2592533529,0.3096794188,0.3270747066,0.3451289535,0.2769581378,0.3081426322,0.2998204529,0.3661840558,0.09972087595,0.77
869,0.3575413228,0.3570995033,0.3365342617,0.3599270284,0.3293423951,0.2998017073,0.3297236562,0.3068087101,0.3287257552,0.3622797132,0.0004418194743,0.77
870,0.3575518434,0.357074976,0.3365979493,0.3434849977,0.3320099115,0.2915034592,0.3211860061,0.3478463888,0.3085597754,0.3379338384,0.0004768674038,0.77
871,0.3483830659,0.3569762409,0.3314276934,0.3564137816,0.3404448032,0.3226541579,0.3285059929,0.3269506395,0.2995821834,0.353562057,0.008593174934,0.77
872,0.3392087125,0.3484778404,0.3318043947,0.3410375118,0.3349766135,0.2853035331,0.3299592435,0.34585917,0.293558836,0.3577067852,0.009269127925,0.77
873,0.3483751749,0.3375873268,0.3289271593,0.3388416171,0.3264575899,0.2801007628,0.3087575436,0.3307656646,0.3010108471,0.336527586,0.01078784812,0.77
874,0.3483751496,0.3460381925,0.3408663273,0.3428045809,0.3416696191,0.290586561,0.3010573089,0.3469334245,0.3034528196,0.3516029119,0.002336957054,0.77
875,0.3575579703,0.3457379341,0.3437097967,0.3377681077,0.323915571,0.2920867801,0.2911249995,0.3223775327,0.3062361181,0.3513543606,0.01182003619,0.77
876,0.3575413996,0.3557285666,0.352560401,0.3463616669,0.3301772475,0.2954989672,0.319083631,0.3498956263,0.3018482924,0.3567310572,0.001812832934,0.77
877,0.3483749267,0.3558802307,0.3576527834,0.344804883,0.3306033313,0.2952635586,0.3345464468,0.338578254,0.2902206779,0.3806518316,0.007505303994,0.77
878,0.3392181626,0.3472909629,0.355525136,0.3489390314,0.3231474757,0.2895445228,0.3123492301,0.3402619362,0.3020526767,0.3684742451,0.008072800356,0.77
879,0.3300245148,0.3376389444,0.3524036407,0.3216177225,0.3259290755,0.2794569135,0.3099758029,0.3394597769,0.3052987456,0.3405075669,0.007614429552,0.77
880,0.3300274704,0.3296039999,0.3503071964,0.3475056887,0.3175873756,0.2730093002,0.3143646419,0.3280850947,0.2928515673,0.3728899062,0.0004234705627,0.77
881,0.3208599775,0.3296884,0.3512024879,0.3272747397,0.3196649253,0.2794568539,0.3071155548,0.2991605997,0.3042887449,0.357072413,0.008828422554,0.77
882,0.3208630364,0.3194295764,0.3458952606,0.3345242143,0.3154698014,0.2765389979,0.3007554114,0.3300475776,0.3513752818,0.3508898616,0.001433459968,0.77
