battery,cycle,true_ah,raw_pred_ah,pred_ah,eecc_delta_ah,eecc_beta_soh,persistence_ah,start_point,eol_phase_delta
CS2_35,200,1.0348238945007324,1.0319157838821411,1.0319157838989959,1.685473982604435e-11,0.00012,1.03432035446167,200,0
CS2_35,201,1.0348836183547974,1.031224012374878,1.0312240123924543,1.7576384792050703e-11,0.00012,1.0348238945007324,200,0
CS2_35,202,1.034729242324829,1.0319740772247314,1.0319740772415267,1.6795231871924443e-11,0.00012,1.0348836183547974,200,0
CS2_35,203,1.0347002744674683,1.034020185470581,1.0340201854854174,1.4836354367275817e-11,0.00012,1.034729242324829,200,0
CS2_35,204,1.0348150730133057,1.0335711240768433,1.033571124092089,1.5245804618757575e-11,0.00012,1.0347002744674683,200,0
CS2_35,205,1.0345752239227295,1.0342745780944824,1.034274578109092,1.460964682564736e-11,0.00012,1.0348150730133057,200,0
CS2_35,206,1.0341867208480835,1.0343302488327026,1.034330248847263,1.4560352923354003e-11,0.00012,1.0345752239227295,200,0
CS2_35,207,1.033809781074524,1.033818244934082,1.0338182449491011,1.5019097077129118e-11,0.00012,1.0341867208480835,200,0
CS2_35,208,1.0330899953842163,1.0322562456130981,1.0322562456296087,1.6510570688410553e-11,0.00012,1.033809781074524,200,0
CS2_35,209,1.032852292060852,1.0313960313796997,1.0313960313970938,1.7394086171407253e-11,0.00012,1.0330899953842163,200,0
CS2_35,210,1.0325689315795898,1.0327848196029663,1.0327848196189562,1.5989876089861355e-11,0.00012,1.032852292060852,200,0
CS2_35,211,1.0322508811950684,1.0315800905227661,1.0315800905399672,1.72011294097274e-11,0.00012,1.0325689315795898,200,0
CS2_35,212,1.0321310758590698,1.031586766242981,1.031586766260175,1.71940239823698e-11,0.00012,1.0322508811950684,200,0
CS2_35,213,1.0315885543823242,1.0315645933151245,1.0315645933323416,1.7217116621282003e-11,0.00012,1.0321310758590698,200,0
CS2_35,214,1.0228286981582642,1.029891014099121,1.0298910141181763,1.9055201860851412e-11,0.00012,1.0315885543823242,200,0
CS2_35,215,1.0139822959899902,1.0212655067443848,1.0212655067765248,3.214006838447858e-11,0.00012,1.0228286981582642,200,0
CS2_35,216,1.0144460201263428,1.0147007703781128,1.0147007704259576,4.7844839201616196e-11,0.00012,1.0139822959899902,200,0
CS2_35,217,1.013516902923584,1.0161010026931763,1.0161010027371284,4.395217523267547e-11,0.00012,1.0144460201263428,200,0
CS2_35,218,1.0071947574615479,1.0139408111572266,1.0139408112073265,5.0099924209234814e-11,0.00012,1.013516902923584,200,0
CS2_35,219,1.015550971031189,1.0081052780151367,1.0081052780864934,7.135669832791791e-11,0.00012,1.0071947574615479,200,0
CS2_35,220,1.0210814476013184,1.0170973539352417,1.0170973539766184,4.1376679860150034e-11,0.00012,1.015550971031189,200,0
CS2_35,221,1.0150789022445679,1.0161948204040527,1.0161948204477556,4.370281914134466e-11,0.00012,1.0210814476013184,200,0
CS2_35,222,1.005128264427185,1.0084559917449951,1.008455991814851,6.985589884322962e-11,0.00012,1.0150789022445679,200,0
CS2_35,223,1.0045216083526611,1.0038485527038574,1.0038485527962155,9.235812115093722e-11,0.00012,1.005128264427185,200,0
CS2_35,224,0.9991076588630676,1.005419373512268,1.0054193735962391,8.397105233370894e-11,0.00012,1.0045216083526611,200,0
CS2_35,225,0.9976109266281128,1.0000524520874023,1.000052452203652,1.1624967655166074e-10,0.00012,0.9991076588630676,200,0
CS2_35,226,1.0070068836212158,0.9985128045082092,0.9985128046358285,1.2761924850224204e-10,0.00012,0.9976109266281128,200,0
CS2_35,227,1.0076463222503662,1.0095775127410889,1.0095775128063542,6.526534868100953e-11,0.00012,1.0070068836212158,200,0
CS2_35,228,0.9982191920280457,1.003899097442627,1.0038990975347024,9.207545836886766e-11,0.00012,1.0076463222503662,200,0
CS2_35,229,0.99588543176651,0.9953382015228271,0.9953382016775216,1.5469447944838066e-10,0.00012,0.9982191920280457,200,0
CS2_35,230,0.99531090259552,0.9960444569587708,0.9960444571069834,1.482126643637116e-10,0.00012,0.99588543176651,200,0
CS2_35,231,0.9898175001144409,0.9962904453277588,0.9962904454737784,1.4601964082316954e-10,0.00012,0.99531090259552,200,0
CS2_35,232,0.988537609577179,0.9913858771324158,0.9913858773289794,1.9656365424225442e-10,0.00012,0.9898175001144409,200,0
CS2_35,233,0.9979857206344604,0.9898192882537842,0.9898192884699253,2.161411050138895e-10,0.00012,0.988537609577179,200,0
CS2_35,234,1.0036791563034058,1.0003149509429932,1.0003149510574079,1.1441469993656028e-10,0.00012,0.9979857206344604,200,0
CS2_35,235,0.9964134097099304,1.0017778873443604,1.0017778874490675,1.0470713185384284e-10,0.00012,1.0036791563034058,200,0
CS2_35,236,0.9868981838226318,0.9894600510597229,0.9894600512806214,2.2089852169671076e-10,0.00012,0.9964134097099304,200,0
CS2_35,237,0.9870885014533997,0.9862630367279053,0.9862630369960325,2.6812718711966e-10,0.00012,0.9868981838226318,200,0
CS2_35,238,0.9867313504219055,0.9888789057731628,0.9888789060019803,2.2881740946445461e-10,0.00012,0.9870885014533997,200,0
CS2_35,239,0.9863201379776001,0.9884729385375977,0.9884729387721147,2.3451707242827524e-10,0.00012,0.9867313504219055,200,0
CS2_35,240,0.9890539050102234,0.9875661730766296,0.9875661733243953,2.477656968480346e-10,0.00012,0.9863201379776001,200,0
CS2_35,241,0.995421826839447,0.9937265515327454,0.9937265517033123,1.7056689394223667e-10,0.00012,0.9890539050102234,200,0
CS2_35,242,0.9956969618797302,0.9923823475837708,0.992382347768815,1.8504420218334872e-10,0.00012,0.995421826839447,200,0
CS2_35,243,0.9795235395431519,0.9915004968643188,0.9915004970595218,1.9520296490327382e-10,0.00012,0.9956969618797302,200,0
CS2_35,244,0.9787960052490234,0.9773432612419128,0.9773432617022937,4.603808445580171e-10,0.00012,0.9795235395431519,200,0
CS2_35,245,0.9889367818832397,0.9804290533065796,0.9804290536884328,3.818532157140453e-10,0.00012,0.9787960052490234,200,0
CS2_35,246,0.9966287612915039,0.9923630356788635,0.9923630358641243,1.8526080669545308e-10,0.00012,0.9889367818832397,200,0
CS2_35,247,0.9969204664230347,0.9982876181602478,0.9982876182896208,1.2937295679193994e-10,0.00012,0.9966287612915039,200,0
CS2_35,248,0.9968583583831787,0.9947810769081116,0.9947810770681185,1.6000689662121204e-10,0.00012,0.9969204664230347,200,0
CS2_35,249,0.9968217611312866,0.9947556257247925,0.9947556258850464,1.6025392124419113e-10,0.00012,0.9968583583831787,200,0
CS2_35,250,0.9968846440315247,0.9954047799110413,0.9954047800651127,1.5407142228696102e-10,0.00012,0.9968217611312866,200,0
CS2_35,251,0.9968361854553223,0.9959034323692322,0.9959034325187172,1.4948497994993204e-10,0.00012,0.9968846440315247,200,0
CS2_35,252,0.9968111515045166,0.9960823059082031,0.9960823060560763,1.4787315816278124e-10,0.00012,0.9968361854553223,200,0
CS2_35,253,0.9965887665748596,0.9963377714157104,0.9963377715613116,1.4560119776518832e-10,0.00012,0.9968111515045166,200,0
CS2_35,254,0.9963911175727844,0.9964229464530945,0.9964229465979461,1.448515751789614e-10,0.00012,0.9965887665748596,200,0
CS2_35,255,0.9962127804756165,0.9956561326980591,0.9956561328498013,1.5174217438129745e-10,0.00012,0.9963911175727844,200,0
CS2_35,256,0.9960312247276306,0.9957169890403748,0.9957169891915583,1.5118351015530607e-10,0.00012,0.9962127804756165,200,0
CS2_35,257,0.9959191083908081,0.995934784412384,0.9959347845615851,1.492010959225354e-10,0.00012,0.9960312247276306,200,0
CS2_35,258,0.9958409667015076,0.9957073926925659,0.9957073928438374,1.5127143981885638e-10,0.00012,0.9959191083908081,200,0
CS2_35,259,0.9958535432815552,0.9949745535850525,0.9949745537431942,1.5814172193984177e-10,0.00012,0.9958409667015076,200,0
CS2_35,260,0.995717465877533,0.9951357841491699,0.9951357843057738,1.56603841006131e-10,0.00012,0.9958535432815552,200,0
CS2_35,261,0.9956502318382263,0.9952089190483093,0.9952089192042206,1.5591128388336983e-10,0.00012,0.995717465877533,200,0
CS2_35,262,0.995422899723053,0.9951292872428894,0.995129287399555,1.5666556940630016e-10,0.00012,0.9956502318382263,200,0
CS2_35,263,0.9789683222770691,0.9946233630180359,0.9946233631795794,1.6154355630959571e-10,0.00012,0.995422899723053,200,0
CS2_35,264,0.9777511954307556,0.9786711931228638,0.9786711935476446,4.2478087713959667e-10,0.00012,0.9789683222770691,200,0
CS2_35,265,0.9775720834732056,0.9801223278045654,0.9801223281935836,3.890181510257662e-10,0.00012,0.9777511954307556,200,0
CS2_35,266,0.9863157272338867,0.9790095090866089,0.9790095095027688,4.1615988433107987e-10,0.00012,0.9775720834732056,200,0
CS2_35,267,0.9871017932891846,0.9889496564865112,0.9889496567143496,2.2783841480134015e-10,0.00012,0.9863157272338867,200,0
CS2_35,268,0.9783507585525513,0.983258843421936,0.9832588437436086,3.216725774635165e-10,0.00012,0.9871017932891846,200,0
CS2_35,269,0.9704416990280151,0.9744472503662109,0.9744472509149208,5.487098553302872e-10,0.00012,0.9783507585525513,200,0
CS2_35,270,0.9703654050827026,0.971171498298645,0.9711714989678567,6.692116860662622e-10,0.00012,0.9704416990280151,200,0
CS2_35,271,0.9699810743331909,0.9719057679176331,0.9719057685577169,6.400838747921966e-10,0.00012,0.9703654050827026,200,0
CS2_35,272,0.9784245491027832,0.9710838794708252,0.9710838801435999,6.727747248191918e-10,0.00012,0.9699810743331909,200,0
CS2_35,273,0.9796392917633057,0.9816485047340393,0.981648505088689,3.5464964298626e-10,0.00012,0.9784245491027832,200,0
CS2_35,274,0.9852946996688843,0.978410005569458,0.9784100060010166,4.315585666603283e-10,0.00012,0.9796392917633057,200,0
CS2_35,275,0.9689326882362366,0.9833217859268188,0.9833217862472666,3.2044777942275005e-10,0.00012,0.9852946996688843,200,0
CS2_35,276,0.9683434963226318,0.9671112895011902,0.9671112903571074,8.5591722598366e-10,0.00012,0.9689326882362366,200,0
CS2_35,277,0.9682142734527588,0.9693698287010193,0.9693698294474424,7.464231455145409e-10,0.00012,0.9683434963226318,200,0
CS2_35,278,0.9685044884681702,0.9703226089477539,0.9703226096522962,7.045423133789086e-10,0.00012,0.9682142734527588,200,0
CS2_35,279,0.9684786200523376,0.9708725810050964,0.9708725816865422,6.814457886861192e-10,0.00012,0.9685044884681702,200,0
CS2_35,280,0.9778201580047607,0.9695312976837158,0.96953129842287,7.391541823054126e-10,0.00012,0.9684786200523376,200,0
CS2_35,281,0.9784144759178162,0.978133499622345,0.9781335000611965,4.388515106867885e-10,0.00012,0.9778201580047607,200,0
CS2_35,282,0.9692798852920532,0.972914457321167,0.972914457923293,6.021260157140773e-10,0.00012,0.9784144759178162,200,0
CS2_35,283,0.9623054265975952,0.9671205282211304,0.9671205290765685,8.554381647485343e-10,0.00012,0.9692798852920532,200,0
CS2_35,284,0.9625190496444702,0.9631931185722351,0.9631931196575643,1.0853291598778014e-09,0.00012,0.9623054265975952,200,0
CS2_35,285,0.9619630575180054,0.9640612006187439,0.9640612016484489,1.0297049879426368e-09,0.00012,0.9625190496444702,200,0
CS2_35,286,0.9610128402709961,0.9632583856582642,0.9632583867393087,1.081044587181168e-09,0.00012,0.9619630575180054,200,0
CS2_35,287,0.9700352549552917,0.9622486233711243,0.9622486245203925,1.1492682361335937e-09,0.00012,0.9610128402709961,200,0
CS2_35,288,0.9766201376914978,0.9735917448997498,0.9735917454776601,5.779103862124657e-10,0.00012,0.9700352549552917,200,0
CS2_35,289,0.9711609482765198,0.9754311442375183,0.9754311447544652,5.169469297072737e-10,0.00012,0.9766201376914978,200,0
CS2_35,290,0.9602030515670776,0.9674550890922546,0.9674550899305222,8.382675664719841e-10,0.00012,0.9711609482765198,200,0
CS2_35,291,0.9603708982467651,0.9595028162002563,0.9595028175576115,1.3573551171930376e-09,0.00012,0.9602030515670776,200,0
CS2_35,292,0.9625217914581299,0.9622085690498352,0.9622085702018968,1.1520615572635506e-09,0.00012,0.9603708982467651,200,0
CS2_35,293,0.9619549512863159,0.9642813205718994,0.9642813215879588,1.0160593477692714e-09,0.00012,0.9625217914581299,200,0
CS2_35,294,0.9711865186691284,0.9640322327613831,0.9640322337928974,1.0315143184058684e-09,0.00012,0.9619549512863159,200,0
CS2_35,295,0.9765622615814209,0.9721250534057617,0.9721250540373951,6.316334122402623e-10,0.00012,0.9711865186691284,200,0
CS2_35,296,0.9766113758087158,0.9752007126808167,0.9752007132050337,5.242170031394267e-10,0.00012,0.9765622615814209,200,0
CS2_35,297,0.9766634106636047,0.9739344716072083,0.9739344721732385,5.660302226928593e-10,0.00012,0.9766113758087158,200,0
CS2_35,298,0.9766857028007507,0.9745111465454102,0.9745111470919994,5.465892183309506e-10,0.00012,0.9766634106636047,200,0
CS2_35,299,0.9774037003517151,0.975392758846283,0.9753927593644339,5.181509665774797e-10,0.00012,0.9766857028007507,200,0
CS2_35,300,0.9775983095169067,0.9768557548522949,0.9768557553264811,4.741861348023235e-10,0.00012,0.9774037003517151,200,0
CS2_35,301,0.9777585864067078,0.97763592004776,0.9776359205000472,4.5228720768619723e-10,0.00012,0.9775983095169067,200,0
CS2_35,302,0.9778448343276978,0.9774250984191895,0.9774250988772926,4.581031110006961e-10,0.00012,0.9777585864067078,200,0
CS2_35,303,0.9779059886932373,0.9782811403274536,0.9782811407623957,4.3494208235017595e-10,0.00012,0.9778448343276978,200,0
CS2_35,304,0.9779961705207825,0.9782537817955017,0.9782537822311657,4.3566394936078723e-10,0.00012,0.9779059886932373,200,0
CS2_35,305,0.9780020713806152,0.9781723022460938,0.9781723026839143,4.378205575861216e-10,0.00012,0.9779961705207825,200,0
CS2_35,306,0.9780862331390381,0.9776337742805481,0.9776337747328941,4.5234604950650237e-10,0.00012,0.9780020713806152,200,0
CS2_35,307,0.9782530665397644,0.9768059253692627,0.976805925844883,4.756203209055343e-10,0.00012,0.9780862331390381,200,0
CS2_35,308,0.9785300493240356,0.9770890474319458,0.9770890478994747,4.675289044797637e-10,0.00012,0.9782530665397644,200,0
CS2_35,309,0.9783459305763245,0.9776036739349365,0.9776036743881085,4.53171944414521e-10,0.00012,0.9785300493240356,200,0
CS2_35,310,0.978335440158844,0.9774229526519775,0.9774229531101403,4.581627299771185e-10,0.00012,0.9783459305763245,200,0
CS2_35,311,0.968181848526001,0.9774799942970276,0.9774799947536092,4.565816613677498e-10,0.00012,0.978335440158844,200,0
CS2_35,312,0.9608754515647888,0.9677526354789734,0.9677526363022599,8.232865500445996e-10,0.00012,0.968181848526001,200,0
CS2_35,313,0.9609583616256714,0.962683379650116,0.9626833807694979,1.1193819204891042e-09,0.00012,0.9608754515647888,200,0
CS2_35,314,0.9608500599861145,0.9628531336784363,0.9628531347863607,1.1079244188749726e-09,0.00012,0.9609583616256714,200,0
CS2_35,315,0.9600415229797363,0.9620465040206909,0.9620465051841239,1.1634330165932738e-09,0.00012,0.9608500599861145,200,0
CS2_35,316,0.9683876037597656,0.9608123302459717,0.9608123314997649,1.2537931803890956e-09,0.00012,0.9600415229797363,200,0
CS2_35,317,0.9700992703437805,0.9714205861091614,0.9714205867683464,6.591850398862675e-10,0.00012,0.9683876037597656,200,0
CS2_35,318,0.9606813788414001,0.965558648109436,0.9655586490498058,9.40369782043149e-10,0.00012,0.9700992703437805,200,0
CS2_35,319,0.9597800970077515,0.9577536582946777,0.9577536598038293,1.5091515814802392e-09,0.00012,0.9606813788414001,200,0
CS2_35,320,0.9601190090179443,0.9607368111610413,0.9607368124205862,1.2595449128127711e-09,0.00012,0.9597800970077515,200,0
CS2_35,321,0.9592152833938599,0.9605628848075867,0.9605628860804786,1.2728919029925123e-09,0.00012,0.9601190090179443,200,0
CS2_35,322,0.9531109929084778,0.9596778750419617,0.9596778763849919,1.3430302425732066e-09,0.00012,0.9592152833938599,200,0
CS2_35,323,0.9683423042297363,0.9543983340263367,0.9543983358758094,1.849472686110687e-09,0.00012,0.9531109929084778,200,0
CS2_35,324,0.9696407914161682,0.9724738001823425,0.9724738008007658,6.184233125594574e-10,0.00012,0.9683423042297363,200,0
CS2_35,325,0.9621798396110535,0.9669563174247742,0.9669563182887682,8.639939874655056e-10,0.00012,0.9696407914161682,200,0
CS2_35,326,0.9534041881561279,0.9548923969268799,0.9548923987217943,1.7949144393014649e-09,0.00012,0.9621798396110535,200,0
CS2_35,327,0.9590403437614441,0.9531123638153076,0.9531123658146896,1.9993819933006307e-09,0.00012,0.9534041881561279,200,0
CS2_35,328,0.9593704342842102,0.961868166923523,0.961868168099599,1.1760760143531002e-09,0.00012,0.9590403437614441,200,0
CS2_35,329,0.9590044617652893,0.9609112739562988,0.9609112752025961,1.246297287593734e-09,0.00012,0.9593704342842102,200,0
CS2_35,330,0.9610721468925476,0.9599303007125854,0.9599303020352257,1.3226402195698483e-09,0.00012,0.9590044617652893,200,0
CS2_35,331,0.9687960743904114,0.967582106590271,0.9675821074221105,8.318394861817069e-10,0.00012,0.9610721468925476,200,0
CS2_35,332,0.9695193767547607,0.9642418622970581,0.9642418633155501,1.0184919574385276e-09,0.00012,0.9687960743904114,200,0
CS2_35,333,0.9596849679946899,0.9646010994911194,0.9646011004876764,9.965570590964035e-10,0.00012,0.9695193767547607,200,0
CS2_35,334,0.9587616324424744,0.9579077959060669,0.9579077974011861,1.495119250627397e-09,0.00012,0.9596849679946899,200,0
CS2_35,335,0.9588601589202881,0.9600096344947815,0.9600096358110776,1.3162960721402328e-09,0.00012,0.9587616324424744,200,0
CS2_35,336,0.9533860087394714,0.960816502571106,0.9608165038245822,1.2534762117155651e-09,0.00012,0.9588601589202881,200,0
CS2_35,337,0.9528632760047913,0.9552586674690247,0.9552586692245343,1.7555096265553516e-09,0.00012,0.9533860087394714,200,0
CS2_35,338,0.9603535532951355,0.954609751701355,0.9546097535272812,1.825926188026017e-09,0.00012,0.9528632760047913,200,0
CS2_35,339,0.9521365165710449,0.9609993696212769,0.9609993708609378,1.239660929464037e-09,0.00012,0.9603535532951355,200,0
CS2_35,340,0.9515681862831116,0.9519538879394531,0.9519538900842586,2.1448054443595765e-09,0.00012,0.9521365165710449,200,0
CS2_35,341,0.959637463092804,0.9527350664138794,0.9527350684595071,2.045627667257577e-09,0.00012,0.9515681862831116,200,0
CS2_35,342,0.9592289328575134,0.9605429768562317,0.9605429781306604,1.2744286737031985e-09,0.00012,0.959637463092804,200,0
CS2_35,343,0.9533217549324036,0.9597993493080139,0.9597993506411929,1.3331790116311026e-09,0.00012,0.9592289328575134,200,0
CS2_35,344,0.9621930718421936,0.9543992877006531,0.954399289550019,1.849365882655718e-09,0.00012,0.9533217549324036,200,0
CS2_35,345,0.9676480293273926,0.9643402099609375,0.9643402109733769,1.0124393545751786e-09,0.00012,0.9621930718421936,200,0
CS2_35,346,0.9679039120674133,0.9656449556350708,0.9656449565705346,9.354638175196328e-10,0.00012,0.9676480293273926,200,0
CS2_35,347,0.9680513739585876,0.9670830965042114,0.9670830973615925,8.573810550416283e-10,0.00012,0.9679039120674133,200,0
CS2_35,348,0.9681374430656433,0.9676960706710815,0.9676960714971953,8.261137329768076e-10,0.00012,0.9680513739585876,200,0
CS2_35,349,0.9682880640029907,0.9683353900909424,0.9683353908856592,7.947168478850131e-10,0.00012,0.9681374430656433,200,0
CS2_35,350,0.9693557024002075,0.9683491587638855,0.9683491595579394,7.940539337170094e-10,0.00012,0.9682880640029907,200,0
CS2_35,351,0.9713428020477295,0.9658586382865906,0.9658586392100177,9.234271125535543e-10,0.00012,0.9693557024002075,200,0
CS2_35,352,0.9774094223976135,0.9748189449310303,0.9748189454675178,5.364875210744913e-10,0.00012,0.9713428020477295,200,0
CS2_35,353,0.9777852892875671,0.97629314661026,0.9762931471008937,4.906336448229354e-10,0.00012,0.9774094223976135,200,0
CS2_35,354,0.9689928889274597,0.977013885974884,0.9770138864445475,4.69663419266908e-10,0.00012,0.9777852892875671,200,0
CS2_35,355,0.9689239263534546,0.9681487083435059,0.9681487091472651,8.037592813536776e-10,0.00012,0.9689928889274597,200,0
CS2_35,356,0.9701719284057617,0.9699302911758423,0.969930291897337,7.2149475283112e-10,0.00012,0.9689239263534546,200,0
CS2_35,357,0.9712986946105957,0.9708786606788635,0.9708786613600583,6.811947672602514e-10,0.00012,0.9701719284057617,200,0
CS2_35,358,0.9712000489234924,0.9718470573425293,0.9718470579848948,6.423654941301038e-10,0.00012,0.9712986946105957,200,0
CS2_35,359,0.9778180718421936,0.9705343842506409,0.9705343849461983,6.955573894629197e-10,0.00012,0.9712000489234924,200,0
CS2_35,360,0.9782103896141052,0.9764571785926819,0.9764571790784621,4.85780193848484e-10,0.00012,0.9778180718421936,200,0
CS2_35,361,0.9714821577072144,0.9764251112937927,0.9764251117805179,4.86725215687045e-10,0.00012,0.9782103896141052,200,0
CS2_35,362,0.9695559740066528,0.9669052958488464,0.9669052967155164,8.666699580217596e-10,0.00012,0.9714821577072144,200,0
CS2_35,363,0.96942138671875,0.9691832661628723,0.9691832669177829,7.549105784931953e-10,0.00012,0.9695559740066528,200,0
CS2_35,364,0.9707512259483337,0.9700460433959961,0.9700460441124472,7.164511206525503e-10,0.00012,0.96942138671875,200,0
CS2_35,365,0.9707291722297668,0.9735296368598938,0.9735296374399836,5.800897540098049e-10,0.00012,0.9707512259483337,200,0
CS2_35,366,0.976093590259552,0.9696308374404907,0.9696308381751992,7.347085162479061e-10,0.00012,0.9707291722297668,200,0
CS2_35,367,0.977114200592041,0.9791142344474792,0.9791142348610061,4.1352687940587884e-10,0.00012,0.976093590259552,200,0
CS2_35,368,0.9772564172744751,0.9737935662269592,0.9737935667978439,5.708846728680328e-10,0.00012,0.977114200592041,200,0
CS2_35,369,0.9687844514846802,0.9734553694725037,0.9734553700552103,5.827066607011488e-10,0.00012,0.9772564172744751,200,0
CS2_35,370,0.9686663150787354,0.9668198823928833,0.9668198832640512,8.71167915583726e-10,0.00012,0.9687844514846802,200,0
CS2_35,371,0.9684567451477051,0.9699313640594482,0.9699313647808961,7.214479014194808e-10,0.00012,0.9686663150787354,200,0
CS2_35,372,0.9681439399719238,0.9699048399925232,0.9699048407151317,7.226085285694239e-10,0.00012,0.9684567451477051,200,0
CS2_35,373,0.9623796939849854,0.9691231846809387,0.9691231854386032,7.57664486705778e-10,0.00012,0.9681439399719238,200,0
CS2_35,374,0.9700123071670532,0.9628527164459229,0.9628527175538755,1.107952618539798e-09,0.00012,0.9623796939849854,200,0
CS2_35,375,0.9708125591278076,0.9717646837234497,0.9717646843690302,6.455804779648133e-10,0.00012,0.9700123071670532,200,0
CS2_35,376,0.9688127636909485,0.9676758050918579,0.9676758059189868,8.271289209105248e-10,0.00012,0.9708125591278076,200,0
CS2_35,377,0.9619879126548767,0.9619531035423279,0.9619531047123653,1.1700374002998615e-09,0.00012,0.9688127636909485,200,0
CS2_35,378,0.9624464511871338,0.9614607691764832,0.9614607703819588,1.205475608223594e-09,0.00012,0.9619879126548767,200,0
CS2_35,379,0.9677940011024475,0.9631577730178833,0.9631577741055399,1.0876566314266256e-09,0.00012,0.9624464511871338,200,0
CS2_35,380,0.968273401260376,0.9688470959663391,0.9688470967367879,7.704488158566392e-10,0.00012,0.9677940011024475,200,0
CS2_35,381,0.9685214161872864,0.9684253931045532,0.9684253938949469,7.903936394271227e-10,0.00012,0.968273401260376,200,0
CS2_35,382,0.9702553749084473,0.9709281325340271,0.9709281332131825,6.791553985863175e-10,0.00012,0.9685214161872864,200,0
CS2_35,383,0.9706258177757263,0.9686887264251709,0.9686887272030503,7.778794275381529e-10,0.00012,0.9702553749084473,200,0
CS2_35,384,0.97077476978302,0.9676821827888489,0.9676821836156583,8.268093987240377e-10,0.00012,0.9706258177757263,200,0
CS2_35,385,0.9708607792854309,0.9685602188110352,0.9685602195949967,7.839615623339569e-10,0.00012,0.97077476978302,200,0
CS2_35,386,0.9708552956581116,0.9699420928955078,0.9699420936164868,7.209789432138791e-10,0.00012,0.9708607792854309,200,0
CS2_35,387,0.9759605526924133,0.9703569412231445,0.9703569419262222,7.030777071648231e-10,0.00012,0.9708552956581116,200,0
CS2_35,388,0.9761834740638733,0.9754183888435364,0.975418389360883,5.173466099961388e-10,0.00012,0.9759605526924133,200,0
CS2_35,389,0.9762741923332214,0.9754669666290283,0.9754669671448541,5.158258264970073e-10,0.00012,0.9761834740638733,200,0
CS2_35,390,0.9762731194496155,0.9750626087188721,0.9750626092474951,5.28623034234954e-10,0.00012,0.9762741923332214,200,0
CS2_35,391,0.9762805104255676,0.9745570421218872,0.9745570426669581,5.450708773224733e-10,0.00012,0.9762731194496155,200,0
CS2_35,392,0.9760725498199463,0.9746274948120117,0.9746274953547603,5.427486238218648e-10,0.00012,0.9762805104255676,200,0
CS2_35,393,0.9761205315589905,0.9744945168495178,0.9744945173966583,5.47140444062677e-10,0.00012,0.9760725498199463,200,0
CS2_35,394,0.9760217070579529,0.9744859337806702,0.9744859343280952,5.474249942238885e-10,0.00012,0.9761205315589905,200,0
CS2_35,395,0.9760316610336304,0.974459707736969,0.9744597082852648,5.482958531644044e-10,0.00012,0.9760217070579529,200,0
CS2_35,396,0.9760494232177734,0.9751687049865723,0.9751687055118071,5.25234855608403e-10,0.00012,0.9760316610336304,200,0
CS2_35,397,0.9759930372238159,0.9754126667976379,0.975412667315164,5.175260220369182e-10,0.00012,0.9760494232177734,200,0
CS2_35,398,0.9758076667785645,0.9754317998886108,0.9754318004055371,5.169262795590157e-10,0.00012,0.9759930372238159,200,0
CS2_35,399,0.9678377509117126,0.9750613570213318,0.9750613575499949,5.28663113286143e-10,0.00012,0.9758076667785645,200,0
CS2_35,400,0.9810616970062256,0.9667162299156189,0.9667162307922766,8.766577463958924e-10,0.00012,0.9678377509117126,200,0
CS2_35,401,0.9800405502319336,0.9772977828979492,0.9772977833596008,4.6165160583200304e-10,0.00012,0.9810616970062256,200,0
CS2_35,402,0.9807074069976807,0.9761489033699036,0.9761489038648451,4.949415322030859e-10,0.00012,0.9800405502319336,200,0
CS2_35,403,0.9884020090103149,0.980851411819458,0.9808514121916608,3.7220282411709604e-10,0.00012,0.9807074069976807,200,0
CS2_35,404,0.9891694784164429,0.9846802949905396,0.9846802952856605,2.951209276957911e-10,0.00012,0.9884020090103149,200,0
CS2_35,405,0.9808050394058228,0.9833049774169922,0.9833049777377665,3.207742960142923e-10,0.00012,0.9891694784164429,200,0
CS2_35,406,0.9800571799278259,0.9769526124000549,0.9769526128714657,4.714107992853656e-10,0.00012,0.9808050394058228,200,0
CS2_35,407,0.9803666472434998,0.9805377125740051,0.980537712953352,3.79346887235954e-10,0.00012,0.9800571799278259,200,0
CS2_35,408,0.9800806045532227,0.9805632829666138,0.9805632833453732,3.7875946823362483e-10,0.00012,0.9803666472434998,200,0
CS2_35,409,0.9789817929267883,0.979878842830658,0.9798788432254593,3.9480130276103864e-10,0.00012,0.9800806045532227,200,0
CS2_35,410,0.9866677522659302,0.978437602519989,0.9784376029508264,4.308373657835318e-10,0.00012,0.9789817929267883,200,0
CS2_35,411,0.9871377944946289,0.9865202307701111,0.9865202310340914,2.639802820780801e-10,0.00012,0.9866677522659302,200,0
CS2_35,412,0.9860458970069885,0.9847081899642944,0.9847081902589169,2.9462243755773443e-10,0.00012,0.9871377944946289,200,0
CS2_35,413,0.9776592254638672,0.9806821942329407,0.9806821946089803,3.760396438678981e-10,0.00012,0.9860458970069885,200,0
CS2_35,414,0.9778881072998047,0.9762226343154907,0.9762226348082255,4.927347418970385e-10,0.00012,0.9776592254638672,200,0
CS2_35,415,0.9778552055358887,0.9789939522743225,0.978993952690875,4.165524591925873e-10,0.00012,0.9778881072998047,200,0
CS2_35,416,0.9694574475288391,0.9779941439628601,0.9779941444054338,4.425736443991468e-10,0.00012,0.9778552055358887,200,0
CS2_35,417,0.9696243405342102,0.9698800444602966,0.9698800451839918,7.23695214865927e-10,0.00012,0.9694574475288391,200,0
CS2_35,418,0.9779205918312073,0.9729210734367371,0.9729210740386216,6.018845422062213e-10,0.00012,0.9696243405342102,200,0
CS2_35,419,0.9784395694732666,0.9775184392929077,0.9775184397484267,4.555189558885786e-10,0.00012,0.9779205918312073,200,0
CS2_35,420,0.9687510132789612,0.9730291962623596,0.973029196860313,5.979533534983261e-10,0.00012,0.9784395694732666,200,0
CS2_35,421,0.9610661864280701,0.9663241505622864,0.9663241514600251,8.977387722097774e-10,0.00012,0.9687510132789612,200,0
CS2_35,422,0.9605962038040161,0.9622737765312195,0.9622737776787371,1.1475176364683648e-09,0.00012,0.9610661864280701,200,0
CS2_35,423,0.9683040976524353,0.9628188610076904,0.9628188621179187,1.1102282426733723e-09,0.00012,0.9605962038040161,200,0
CS2_35,424,0.9694006443023682,0.9705623984336853,0.9705623991280626,6.943773334100456e-10,0.00012,0.9683040976524353,200,0
CS2_35,425,0.9698449969291687,0.9667090773582458,0.9667090782352838,8.770379977818266e-10,0.00012,0.9694006443023682,200,0
CS2_35,426,0.9699426293373108,0.9648455381393433,0.9648455391212457,9.819024482382588e-10,0.00012,0.9698449969291687,200,0
CS2_35,427,0.9702362418174744,0.9650161862373352,0.9650161872091348,9.717996407587748e-10,0.00012,0.9699426293373108,200,0
CS2_35,428,0.9705387949943542,0.9664672017097473,0.9664672025997365,8.899891934532889e-10,0.00012,0.9702362418174744,200,0
CS2_35,429,0.9705435037612915,0.9682028293609619,0.9682028301620892,8.011272756291987e-10,0.00012,0.9705387949943542,200,0
CS2_35,430,0.970305323600769,0.9692566394805908,0.969256640232152,7.515611466502037e-10,0.00012,0.9705435037612915,200,0
CS2_35,431,0.9695138335227966,0.9695265293121338,0.9695265300515017,7.39367900237653e-10,0.00012,0.970305323600769,200,0
CS2_35,432,0.9692293405532837,0.9693639278411865,0.9693639285878766,7.466900431296608e-10,0.00012,0.9695138335227966,200,0
CS2_35,433,0.9689562916755676,0.9693539142608643,0.9693539150080076,7.471433471906153e-10,0.00012,0.9692293405532837,200,0
CS2_35,434,0.9687097668647766,0.9685916304588318,0.9685916312413022,7.824704217895828e-10,0.00012,0.9689562916755676,200,0
CS2_35,435,0.9686266183853149,0.9674415588378906,0.9674415596768459,8.389552386134369e-10,0.00012,0.9687097668647766,200,0
CS2_35,436,0.9684963226318359,0.9665634632110596,0.9665634640958717,8.848121124671593e-10,0.00012,0.9686266183853149,200,0
CS2_35,437,0.96837317943573,0.9665206670761108,0.9665206679632209,8.871100520835284e-10,0.00012,0.9684963226318359,200,0
CS2_35,438,0.9682105183601379,0.9666110277175903,0.9666110285998555,8.822651498263667e-10,0.00012,0.96837317943573,200,0
CS2_35,439,0.9680627584457397,0.9664074182510376,0.9664074191442572,8.932196093880407e-10,0.00012,0.9682105183601379,200,0
CS2_35,440,0.9506776332855225,0.966538667678833,0.9665386685649758,8.86142825784475e-10,0.00012,0.9680627584457397,200,0
CS2_35,441,0.9442161321640015,0.9487995505332947,0.9487995531299412,2.5966465644344794e-09,0.00012,0.9506776332855225,200,0
CS2_35,442,0.9420542120933533,0.947554886341095,0.9475548891411946,2.8000995966337427e-09,0.00012,0.9442161321640015,200,0
CS2_35,443,0.9416968822479248,0.9431573152542114,0.9431573189094978,3.655286406889502e-09,0.00012,0.9420542120933533,200,0
CS2_35,444,0.9350996017456055,0.9422145485877991,0.9422145524580209,3.8702218096986485e-09,0.00012,0.9416968822479248,200,0
CS2_35,445,0.9513069987297058,0.9352744817733765,0.9352744876673001,5.893923682442903e-09,0.00012,0.9350996017456055,200,0
CS2_35,446,0.9526757001876831,0.9535473585128784,0.9535473604602389,1.9473604950803747e-09,0.00012,0.9513069987297058,200,0
CS2_35,447,0.9442774057388306,0.9447275996208191,0.9447276029442768,3.3234577312413194e-09,0.00012,0.9526757001876831,200,0
CS2_35,448,0.9433460235595703,0.9382694959640503,0.9382695008796114,4.915561069296359e-09,0.00012,0.9442774057388306,200,0
CS2_35,449,0.9503787159919739,0.9430636167526245,0.9430636204287273,3.676102755534316e-09,0.00012,0.9433460235595703,200,0
CS2_35,450,0.9527775049209595,0.9554762840270996,0.9554762857596079,1.7325082479757725e-09,0.00012,0.9503787159919739,200,0
CS2_35,451,0.9531486630439758,0.9516727924346924,0.9516727946163499,2.1816575213051692e-09,0.00012,0.9527775049209595,200,0
CS2_35,452,0.9419817924499512,0.9505454897880554,0.9505454921239765,2.335921123197693e-09,0.00012,0.9531486630439758,200,0
CS2_35,453,0.9345536828041077,0.9413275718688965,0.9413275759528601,4.0839636117340206e-09,0.00012,0.9419817924499512,200,0
CS2_35,454,0.9337666034698486,0.9357813596725464,0.9357813653881624,5.7156159805060724e-09,0.00012,0.9345536828041077,200,0
CS2_35,455,0.9334888458251953,0.935545802116394,0.9355458079141925,5.79779846354711e-09,0.00012,0.9337666034698486,200,0
CS2_35,456,0.9258153438568115,0.9344480037689209,0.9344480099655876,6.196666735291956e-09,0.00012,0.9334888458251953,200,0
CS2_35,457,0.9320645332336426,0.9231953024864197,0.9231953147421476,1.2255727876997469e-08,0.00012,0.9258153438568115,200,0
CS2_35,458,0.9343991279602051,0.9321696758270264,0.9321696829412207,7.114194344737257e-09,0.00012,0.9320645332336426,200,0
CS2_35,459,0.9428251385688782,0.9396854639053345,0.9396854684166541,4.511319651179235e-09,0.00012,0.9343991279602051,200,0
CS2_35,460,0.9440757632255554,0.9362449645996094,0.9362449701568673,5.557257876098731e-09,0.00012,0.9428251385688782,200,0
CS2_35,461,0.9341702461242676,0.9381164312362671,0.9381164361976404,4.961373312184492e-09,0.00012,0.9440757632255554,200,0
CS2_35,462,0.9329054355621338,0.9323629140853882,0.9323629211167513,7.0313631583829306e-09,0.00012,0.9341702461242676,200,0
CS2_35,463,0.9327883720397949,0.9350235462188721,0.935023552203117,5.9842448774105605e-09,0.00012,0.9329054355621338,200,0
CS2_35,464,0.9320480227470398,0.9346287250518799,0.9346287311810461,6.1291661745954684e-09,0.00012,0.9327883720397949,200,0
CS2_35,465,0.9258986711502075,0.9337966442108154,0.9337966506569962,6.44618081135917e-09,0.00012,0.9320480227470398,200,0
CS2_35,466,0.9351601600646973,0.9276373982429504,0.9276374076060416,9.363091191261219e-09,0.00012,0.9258986711502075,200,0
CS2_35,467,0.9415537714958191,0.9387275576591492,0.9387275624401248,4.780975615403804e-09,0.00012,0.9351601600646973,200,0
CS2_35,468,0.9408928751945496,0.9374400973320007,0.9374401025009659,5.168965144797255e-09,0.00012,0.9415537714958191,200,0
CS2_35,469,0.9259181618690491,0.9343878626823425,0.9343878689016368,6.2192943017791436e-09,0.00012,0.9408928751945496,200,0
CS2_35,470,0.9259197115898132,0.9255111217498779,0.925511132400739,1.065086108198443e-08,0.00012,0.9259181618690491,200,0
CS2_35,471,0.9246494770050049,0.9280089735984802,0.9280089827530738,9.154593527682664e-09,0.00012,0.9259197115898132,200,0
CS2_35,472,0.9240650534629822,0.9267680644989014,0.9267680743685315,9.86963011317954e-09,0.00012,0.9246494770050049,200,0
CS2_35,473,0.9239050149917603,0.9261276721954346,0.9261276824556521,1.0260217564450613e-08,0.00012,0.9240650534629822,200,0
CS2_35,474,0.9328508377075195,0.9258931875228882,0.9258931979299567,1.0407068540274622e-08,0.00012,0.9239050149917603,200,0
CS2_35,475,0.9336589574813843,0.9335402846336365,0.9335402911807534,6.547116959687571e-09,0.00012,0.9328508377075195,200,0
CS2_35,476,0.9243494272232056,0.930091917514801,0.9300919255836976,8.068896550916804e-09,0.00012,0.9336589574813843,200,0
CS2_35,477,0.9234685897827148,0.9216216206550598,0.9216216341372299,1.3482170047041109e-08,0.00012,0.9243494272232056,200,0
CS2_35,478,0.923947274684906,0.9240238666534424,0.9240238783089334,1.1655491016782094e-08,0.00012,0.9234685897827148,200,0
CS2_35,479,0.9236280918121338,0.9253672957420349,0.9253673064861423,1.0744107381555068e-08,0.00012,0.923947274684906,200,0
CS2_35,480,0.9234251379966736,0.92438805103302,0.9243880624340719,1.140105188035534e-08,0.00012,0.9236280918121338,200,0
CS2_35,481,0.9254165887832642,0.9232297539710999,0.923229766201265,1.2230165102877777e-08,0.00012,0.9234251379966736,200,0
CS2_35,482,0.9320799708366394,0.9302056431770325,0.9302056511905057,8.013473218326794e-09,0.00012,0.9254165887832642,200,0
CS2_35,483,0.9323381781578064,0.930126428604126,0.9301264366561635,8.052037481220964e-09,0.00012,0.9320799708366394,200,0
CS2_35,484,0.916784942150116,0.9288891553878784,0.9288891640669228,8.679044372073008e-09,0.00012,0.9323381781578064,200,0
CS2_35,485,0.9168064594268799,0.9141366481781006,0.9141366693993448,2.122124420633753e-08,0.00012,0.916784942150116,200,0
CS2_35,486,0.9168059825897217,0.9185708165168762,0.9185708327372045,1.622032830272957e-08,0.00012,0.9168064594268799,200,0
CS2_35,487,0.9168177247047424,0.918332576751709,0.9183325932079379,1.6456228935091133e-08,0.00012,0.9168059825897217,200,0
CS2_35,488,0.9157667756080627,0.9178292751312256,0.9178292920971552,1.6965929661161283e-08,0.00012,0.9168177247047424,200,0
CS2_35,489,0.9243561625480652,0.9172990918159485,0.917299109335886,1.751993750076508e-08,0.00012,0.9157667756080627,200,0
CS2_35,490,0.9250413179397583,0.9266271591186523,0.9266271690729273,9.954274959866893e-09,0.00012,0.9243561625480652,200,0
CS2_35,491,0.9252684116363525,0.9217872023582458,0.9217872157057955,1.3347549621123278e-08,0.00012,0.9250413179397583,200,0
CS2_35,492,0.925248384475708,0.9228604435920715,0.9228604560990642,1.2506992663752214e-08,0.00012,0.9252684116363525,200,0
CS2_35,493,0.9251909255981445,0.9236263632774353,0.9236263752171298,1.193969445534293e-08,0.00012,0.925248384475708,200,0
CS2_35,494,0.9250848293304443,0.9241344332695007,0.9241344448471494,1.157764861758892e-08,0.00012,0.9251909255981445,200,0
CS2_35,495,0.925014317035675,0.9244388937950134,0.9244389051609885,1.1365975050026123e-08,0.00012,0.9250848293304443,200,0
CS2_35,496,0.9247575402259827,0.9250946044921875,0.9250946154153354,1.0923147941710454e-08,0.00012,0.925014317035675,200,0
CS2_35,497,0.9248037934303284,0.9244532585144043,0.9244532698704885,1.135608418412204e-08,0.00012,0.9247575402259827,200,0
CS2_35,498,0.9243890643119812,0.9247398376464844,0.9247398488070342,1.1160549817645915e-08,0.00012,0.9248037934303284,200,0
CS2_35,499,0.9243072867393494,0.9226030111312866,0.9226030238349431,1.270365646011129e-08,0.00012,0.9243890643119812,200,0
CS2_35,500,0.9241234064102173,0.9251561164855957,0.9251561273680979,1.0882502232689717e-08,0.00012,0.9243072867393494,200,0
CS2_35,501,0.9235459566116333,0.9226600527763367,0.9226600654361515,1.2659814863091867e-08,0.00012,0.9241234064102173,200,0
CS2_35,502,0.923351526260376,0.923447847366333,0.923447859435906,1.2069573007700285e-08,0.00012,0.9235459566116333,200,0
CS2_35,503,0.9168325662612915,0.9250718951225281,0.9250719060607201,1.0938192018805637e-08,0.00012,0.923351526260376,200,0
CS2_35,504,0.9160386919975281,0.9159996509552002,0.9159996699106884,1.8955488179095425e-08,0.00012,0.9168325662612915,200,0
CS2_35,505,0.9168403744697571,0.9171729683876038,0.9171729860419741,1.765437029899175e-08,0.00012,0.9160386919975281,200,0
CS2_35,506,0.9237143397331238,0.9215773940086365,0.9215774075269925,1.3518355990171926e-08,0.00012,0.9168403744697571,200,0
CS2_35,507,0.9237202405929565,0.9222358465194702,0.9222358595089822,1.2989512021555072e-08,0.00012,0.9237143397331238,200,0
CS2_35,508,0.9144200682640076,0.9213491082191467,0.9213491219258358,1.3706689117043425e-08,0.00012,0.9237202405929565,200,0
CS2_35,509,0.9076129794120789,0.9125343561172485,0.9125343795026364,2.3385387848406936e-08,0.00012,0.9144200682640076,200,0
CS2_35,510,0.9076300859451294,0.9089559316635132,0.9089559607125576,2.904904439215983e-08,0.00012,0.9076129794120789,200,0
CS2_35,511,0.9070267081260681,0.9091706275939941,0.9091706562675045,2.8673510343857345e-08,0.00012,0.9076300859451294,200,0
CS2_35,512,0.9063550233840942,0.9083915948867798,0.9083916249465521,3.005977233794255e-08,0.00012,0.9070267081260681,200,0
CS2_35,513,0.9140815734863281,0.9074919819831848,0.9074920137273779,3.174419305196352e-08,0.00012,0.9063550233840942,200,0
CS2_35,514,0.9146963357925415,0.9160558581352234,0.9160558770262497,1.8891026298817337e-08,0.00012,0.9140815734863281,200,0
CS2_35,515,0.9148759841918945,0.9125962853431702,0.9125963086409504,2.3297780260556067e-08,0.00012,0.9146963357925415,200,0
CS2_35,516,0.9052565097808838,0.9113509654998779,0.9113509906240902,2.5124212266192103e-08,0.00012,0.9148759841918945,200,0
CS2_35,517,0.8984545469284058,0.9036341309547424,0.9036341710604622,4.010571974522037e-08,0.00012,0.9052565097808838,200,0
CS2_35,518,0.8983882069587708,0.8995825052261353,0.899582556494405,5.126826974066745e-08,0.00012,0.8984545469284058,200,0
CS2_35,519,0.898034393787384,0.8996695876121521,0.8996696386105549,5.09984028340682e-08,0.00012,0.8983882069587708,200,0
CS2_35,520,0.8982338905334473,0.8995285630226135,0.899528614458765,5.143615144920233e-08,0.00012,0.898034393787384,200,0
CS2_35,521,0.9061464071273804,0.9001803994178772,0.9001804488616453,4.944376807980433e-08,0.00012,0.8982338905334473,200,0
CS2_35,522,0.9064674377441406,0.9074556231498718,0.9074556549640923,3.1814220480264055e-08,0.00012,0.9061464071273804,200,0
CS2_35,523,0.9051238298416138,0.9017064571380615,0.9017065022139589,4.5075897348034744e-08,0.00012,0.9064674377441406,200,0
CS2_35,524,0.8967711329460144,0.8999090194702148,0.8999090697339223,5.0263707418451986e-08,0.00012,0.9051238298416138,200,0
CS2_35,525,0.8892238736152649,0.8990940451622009,0.8990940979708865,5.280868553558804e-08,0.00012,0.8967711329460144,200,0
CS2_35,526,0.8966240882873535,0.8906128406524658,0.890612928947871,8.829540520949308e-08,0.00012,0.8892238736152649,200,0
CS2_35,527,0.8892220854759216,0.8986819386482239,0.8986819927924764,5.414425252592281e-08,0.00012,0.8966240882873535,200,0
CS2_35,528,0.888775646686554,0.8897110819816589,0.889711175236886,9.325522709602296e-08,0.00012,0.8892220854759216,200,0
CS2_35,529,0.8981384038925171,0.8906634449958801,0.8906635330209045,8.802502438065574e-08,0.00012,0.888775646686554,200,0
CS2_35,530,0.8984679579734802,0.9002720713615417,0.9002721205313682,4.91698264326601e-08,0.00012,0.8981384038925171,200,0
CS2_35,531,0.8958615660667419,0.895900547504425,0.8959006115901083,6.408568320459551e-08,0.00012,0.8984679579734802,200,0
CS2_35,532,0.888001561164856,0.8923311233520508,0.8923312029150957,7.956304493017541e-08,0.00012,0.8958615660667419,200,0
CS2_35,533,0.8888992071151733,0.8893972039222717,0.8893972989684655,9.504619380429347e-08,0.00012,0.888001561164856,200,0
CS2_35,534,0.888800323009491,0.8911557793617249,0.8911558647990182,8.543729335119821e-08,0.00012,0.8888992071151733,200,0
CS2_35,535,0.8882005214691162,0.8899633884429932,0.8899634802830739,9.1840080762573e-08,0.00012,0.888800323009491,200,0
CS2_35,536,0.8888139724731445,0.8891177773475647,0.889117874017067,9.666950229192395e-08,0.00012,0.8882005214691162,200,0
CS2_35,537,0.8961203098297119,0.8925840854644775,0.8925841638170412,7.835256365940069e-08,0.00012,0.8888139724731445,200,0
CS2_35,538,0.8961984515190125,0.8950590491294861,0.895059116568311,6.743882496884623e-08,0.00012,0.8961203098297119,200,0
CS2_35,539,0.8963603973388672,0.8929715156555176,0.892971592189746,7.653422839926094e-08,0.00012,0.8961984515190125,200,0
CS2_35,540,0.8963600397109985,0.8945663571357727,0.8945664266186958,6.948292308184278e-08,0.00012,0.8963603973388672,200,0
CS2_35,541,0.896224319934845,0.8966089487075806,0.8966090101000748,6.139249419945259e-08,0.00012,0.8963600397109985,200,0
CS2_35,542,0.896479606628418,0.8966675400733948,0.8966676012482714,6.117487660883825e-08,0.00012,0.896224319934845,200,0
CS2_35,543,0.8965879082679749,0.8969624638557434,0.8969625239468841,6.009114073002308e-08,0.00012,0.896479606628418,200,0
CS2_35,544,0.8965998291969299,0.8970035314559937,0.8970035913977568,5.994176310863963e-08,0.00012,0.8965879082679749,200,0
CS2_35,545,0.8965876698493958,0.8965602517127991,0.8965603132867506,6.157395149308797e-08,0.00012,0.8965998291969299,200,0
CS2_35,546,0.8966440558433533,0.8966465592384338,0.8966466204911478,6.125271401202781e-08,0.00012,0.8965876698493958,200,0
CS2_35,547,0.8967422842979431,0.8960273861885071,0.8960274497834401,6.359493298635499e-08,0.00012,0.8966440558433533,200,0
CS2_35,548,0.8964688181877136,0.8966739177703857,0.896673978921621,6.115123529770727e-08,0.00012,0.8967422842979431,200,0
CS2_35,549,0.8964741826057434,0.8962186574935913,0.8962187203555755,6.286198417360112e-08,0.00012,0.8964688181877136,200,0
CS2_35,550,0.8964430689811707,0.8968967795372009,0.8968968398680335,6.033083255196914e-08,0.00012,0.8964741826057434,200,0
CS2_35,551,0.8965010643005371,0.8962646722793579,0.8962647349662783,6.268692043231994e-08,0.00012,0.8964430689811707,200,0
CS2_35,552,0.879988968372345,0.8959357142448425,0.8959357781940844,6.394924190189499e-08,0.00012,0.8965010643005371,200,0
CS2_35,553,0.8791704773902893,0.8803989291191101,0.8803990930939519,1.6397484181585043e-07,0.00012,0.879988968372345,200,0
CS2_35,554,0.8797184824943542,0.8812129497528076,0.8812131058343267,1.560815190426723e-07,0.00012,0.8791704773902893,200,0
CS2_35,555,0.8873633742332458,0.8829370141029358,0.8829371546988165,1.4059588071546614e-07,0.00012,0.8797184824943542,200,0
CS2_35,556,0.8875856399536133,0.8889438509941101,0.8889439486879944,9.769388431557502e-08,0.00012,0.8873633742332458,200,0
CS2_35,557,0.8788700699806213,0.885613203048706,0.8856133225941293,1.1954542322722972e-07,0.00012,0.8875856399536133,200,0
CS2_35,558,0.8781692981719971,0.8778403997421265,0.8778405912206012,1.9147847474254576e-07,0.00012,0.8788700699806213,200,0
CS2_35,559,0.8779736161231995,0.8790039420127869,0.8790041204537282,1.7844094135632815e-07,0.00012,0.8781692981719971,200,0
CS2_35,560,0.878217339515686,0.8790404796600342,0.8790406577062726,1.780462384193271e-07,0.00012,0.8779736161231995,200,0
CS2_35,561,0.8779974579811096,0.8792956471443176,0.8792958224583062,1.7531398854853109e-07,0.00012,0.878217339515686,200,0
CS2_35,562,0.8790284991264343,0.8789263367652893,0.8789265160474774,1.7928218809526442e-07,0.00012,0.8779974579811096,200,0
CS2_35,563,0.880122721195221,0.8811138272285461,0.8811139842505353,1.570219891888769e-07,0.00012,0.8790284991264343,200,0
CS2_35,564,0.8801037669181824,0.8801113367080688,0.8801115035660195,1.6685795067861164e-07,0.00012,0.880122721195221,200,0
CS2_35,565,0.8708941340446472,0.8792874217033386,0.879287597104745,1.7540140639926705e-07,0.00012,0.8801037669181824,200,0
CS2_35,566,0.869994044303894,0.8707432746887207,0.8707435690783589,2.9438963822236985e-07,0.00012,0.8708941340446472,200,0
CS2_35,567,0.8703633546829224,0.8706991076469421,0.8706994028256554,2.9517871324991063e-07,0.00012,0.869994044303894,200,0
CS2_35,568,0.8701878786087036,0.8721446990966797,0.8721449695148061,2.7041812644679197e-07,0.00012,0.8703633546829224,200,0
CS2_35,569,0.8697258830070496,0.8708086609840393,0.8708089542093771,2.9322533778852744e-07,0.00012,0.8701878786087036,200,0
CS2_35,570,0.8709462285041809,0.8703755736351013,0.8703758746588324,3.010237310530073e-07,0.00012,0.8697258830070496,200,0
CS2_35,571,0.8709557056427002,0.8729032874107361,0.872903545677838,2.5826710192689006e-07,0.00012,0.8709462285041809,200,0
CS2_35,572,0.8776896595954895,0.8697574138641357,0.8697577263794054,3.1251526966258325e-07,0.00012,0.8709557056427002,200,0
CS2_35,573,0.8617314100265503,0.8772522807121277,0.8772524791386719,1.984265441956623e-07,0.00012,0.8776896595954895,200,0
CS2_35,574,0.8612304925918579,0.8614101409912109,0.8614106592883247,5.182971137829284e-07,0.00012,0.8617314100265503,200,0
CS2_35,575,0.8612645864486694,0.8627222180366516,0.8627226967149858,4.786783341925727e-07,0.00012,0.8612304925918579,200,0
CS2_35,576,0.860697329044342,0.8629106879234314,0.8629111611652104,4.7324177898655506e-07,0.00012,0.8612645864486694,200,0
CS2_35,577,0.8602808713912964,0.862383246421814,0.8623837350356958,4.886138817994379e-07,0.00012,0.860697329044342,200,0
CS2_35,578,0.8692612051963806,0.8609297871589661,0.8609303207667116,5.336077455453392e-07,0.00012,0.8602808713912964,200,0
CS2_35,579,0.8701032996177673,0.8704602122306824,0.8704605117142321,2.994835497371895e-07,0.00012,0.8692612051963806,200,0
CS2_35,580,0.8704363703727722,0.8674896359443665,0.8674899945037953,3.585594288146865e-07,0.00012,0.8701032996177673,200,0
CS2_35,581,0.8605597615242004,0.8674847483634949,0.8674851070291508,3.5866565595288336e-07,0.00012,0.8704363703727722,200,0
CS2_35,582,0.8610947728157043,0.8585023880004883,0.8585030061782835,6.181777951752565e-07,0.00012,0.8605597615242004,200,0
CS2_35,583,0.8615961670875549,0.862309992313385,0.8623104831013606,4.907879755933209e-07,0.00012,0.8610947728157043,200,0
CS2_35,584,0.8614760637283325,0.8625645637512207,0.8625650470251532,4.832739325388857e-07,0.00012,0.8615961670875549,200,0
CS2_35,585,0.8689585328102112,0.8626415729522705,0.8626420539759104,4.810236399199752e-07,0.00012,0.8614760637283325,200,0
CS2_35,586,0.8702070713043213,0.8733074069023132,0.8733076589207477,2.520184344545484e-07,0.00012,0.8689585328102112,200,0
CS2_35,587,0.8706948757171631,0.8673409819602966,0.8673413437647021,3.618044054354286e-07,0.00012,0.8702070713043213,200,0
CS2_35,588,0.8708361387252808,0.8664911389350891,0.8664915198627106,3.8092762144614767e-07,0.00012,0.8706948757171631,200,0
CS2_35,589,0.8708611726760864,0.8679556846618652,0.8679560332353402,3.4857347497307956e-07,0.00012,0.8708361387252808,200,0
CS2_35,590,0.8709606528282166,0.8689095973968506,0.8689099263897431,3.289928924843366e-07,0.00012,0.8708611726760864,200,0
CS2_35,591,0.8710032105445862,0.8701480627059937,0.8701483679091507,3.052031570804914e-07,0.00012,0.8709606528282166,200,0
CS2_35,592,0.8709043860435486,0.8712903261184692,0.8712906109077548,2.847892855983858e-07,0.00012,0.8710032105445862,200,0
CS2_35,593,0.8708347082138062,0.8713485598564148,0.8713488436423603,2.8378594552069814e-07,0.00012,0.8709043860435486,200,0
CS2_35,594,0.8707650899887085,0.8715325593948364,0.8715328400337262,2.806388897935719e-07,0.00012,0.8708347082138062,200,0
CS2_35,595,0.8707020878791809,0.8706496357917786,0.8706499318568526,2.9606507401247484e-07,0.00012,0.8707650899887085,200,0
CS2_35,596,0.8705803751945496,0.8696662187576294,0.8696665330049456,3.142473161688031e-07,0.00012,0.8707020878791809,200,0
CS2_35,597,0.8704184293746948,0.8698062896728516,0.8698066012637676,3.1159091606891565e-07,0.00012,0.8705803751945496,200,0
CS2_35,598,0.870235025882721,0.8697168827056885,0.8697171959895749,3.1328388638840465e-07,0.00012,0.8704184293746948,200,0
CS2_35,599,0.8699430823326111,0.8699095845222473,0.8699098941686056,3.0964635833186094e-07,0.00012,0.870235025882721,200,0
CS2_35,600,0.8706964254379272,0.8686429262161255,0.8686432605693648,3.343532393174087e-07,0.00012,0.8699430823326111,200,0
CS2_35,601,0.8693876266479492,0.8658828735351562,0.8658832687675605,3.9523240424887973e-07,0.00012,0.8706964254379272,200,0
CS2_35,602,0.8617895245552063,0.86756831407547,0.8675686709292242,3.568537542131267e-07,0.00012,0.8693876266479492,200,0
CS2_35,603,0.8705769777297974,0.8619528412818909,0.861953342809034,5.015271431485502e-07,0.00012,0.8617895245552063,200,0
CS2_35,604,0.8704978823661804,0.8732169270515442,0.8732171804557499,2.5340420573005673e-07,0.00012,0.8705769777297974,200,0
CS2_35,605,0.8618109226226807,0.8679827451705933,0.8679830931728655,3.4800227222131497e-07,0.00012,0.8704978823661804,200,0
CS2_35,606,0.8526520729064941,0.8569501638412476,0.856950842996875,6.791556274032828e-07,0.00012,0.8618109226226807,200,0
CS2_35,607,0.8526912927627563,0.8516741394996643,0.8516750745584064,9.350587421019796e-07,0.00012,0.8526520729064941,200,0
CS2_35,608,0.8527118563652039,0.8532842993736267,0.8532851474951288,8.481215021394206e-07,0.00012,0.8526912927627563,200,0
CS2_35,609,0.8527074456214905,0.8525708317756653,0.8525717173747667,8.855991013856368e-07,0.00012,0.8527118563652039,200,0
CS2_35,610,0.8525214791297913,0.8517749905586243,0.8517759199195448,9.293609205540676e-07,0.00012,0.8527074456214905,200,0
CS2_35,611,0.8619548082351685,0.8519137501716614,0.8519146717497315,9.215780700788656e-07,0.00012,0.8525214791297913,200,0
CS2_35,612,0.8686938881874084,0.8625582456588745,0.8625587291178951,4.834590205948786e-07,0.00012,0.8619548082351685,200,0
CS2_35,613,0.8607469797134399,0.8610115647315979,0.8610120957012108,5.309696129440766e-07,0.00012,0.8686938881874084,200,0
CS2_35,614,0.8522859215736389,0.8515926003456116,0.8515935400366325,9.396910208847586e-07,0.00012,0.8607469797134399,200,0
CS2_35,615,0.8517866730690002,0.8501945734024048,0.850195596182749,1.0227803441953398e-06,0.00012,0.8522859215736389,200,0
CS2_35,616,0.852232038974762,0.852658748626709,0.852659629519627,8.808929180537106e-07,0.00012,0.8517866730690002,200,0
CS2_35,617,0.851585865020752,0.8546861410140991,0.854686920055201,7.790411018504528e-07,0.00012,0.852232038974762,200,0
CS2_35,618,0.8512696027755737,0.8524494171142578,0.8524503092540437,8.921397859351643e-07,0.00012,0.851585865020752,200,0
CS2_35,619,0.8602295517921448,0.8522738814353943,0.8522747831168974,9.016815031293035e-07,0.00012,0.8512696027755737,200,0
CS2_35,620,0.860758900642395,0.859588086605072,0.8595886654161854,5.788111133719909e-07,0.00012,0.8602295517921448,200,0
CS2_35,621,0.8600875735282898,0.8557531833648682,0.8557539136204415,7.30255573344607e-07,0.00012,0.860758900642395,200,0
CS2_35,622,0.8435493111610413,0.8559807538986206,0.8559814741515346,7.202529139771485e-07,0.00012,0.8600875735282898,200,0
CS2_35,623,0.8422452807426453,0.840530514717102,0.8405323518851343,1.8371680322593065e-06,0.00012,0.8435493111610413,200,0
CS2_35,624,0.8704637289047241,0.842831552028656,0.8428331500536153,1.5980249592484341e-06,0.00012,0.8422452807426453,200,0
CS2_35,625,0.8598846197128296,0.867590606212616,0.8675909625845725,3.5637195650028985e-07,0.00012,0.8704637289047241,200,0
CS2_35,626,0.8333051800727844,0.8511037230491638,0.8511046909987903,9.679496264514142e-07,0.00012,0.8598846197128296,200,0
CS2_35,627,0.8159950375556946,0.8299968242645264,0.830000302867452,3.4786029255995388e-06,0.00012,0.8333051800727844,200,0
CS2_35,628,0.8323062658309937,0.8167596459388733,0.8167674051757358,7.759236862470154e-06,0.00012,0.8159950375556946,200,0
CS2_35,629,0.8323560953140259,0.835539698600769,0.8355421846603939,2.4860596248288402e-06,0.00012,0.8323062658309937,200,0
CS2_35,630,0.8253019452095032,0.8278910517692566,0.8278950038939468,3.952124690176362e-06,0.00012,0.8323560953140259,200,0
CS2_35,631,0.8058538436889648,0.8181057572364807,0.8181129085888689,7.151352388157228e-06,0.00012,0.8253019452095032,200,0
CS2_35,632,0.7884500622749329,0.8021426796913147,0.802161496691552,1.8817000237314474e-05,0.00012,0.8058538436889648,200,0
CS2_35,633,0.788066029548645,0.7894229888916016,0.7894636654139963,4.067652239470032e-05,0.00012,0.7884500622749329,200,0
CS2_35,634,0.7792850732803345,0.7897015810012817,0.7897415764917869,3.999549050515139e-05,0.00012,0.788066029548645,200,0
CS2_35,635,0.7792702317237854,0.7807748317718506,0.7808435340126045,6.870224075394837e-05,0.00012,0.7792850732803345,200,0
CS2_35,636,0.788524866104126,0.7805281281471252,0.7805978653233251,6.973717619984665e-05,0.00012,0.7792702317237854,200,0
CS2_35,637,0.7963775396347046,0.7893231511116028,0.7893640745045898,4.0923392987002316e-05,0.00012,0.788524866104126,200,0
CS2_35,638,0.7882017493247986,0.7901524901390076,0.7901914074390861,3.891730007854477e-05,0.00012,0.7963775396347046,200,0
CS2_35,639,0.7701175212860107,0.7775223255157471,0.7776059974331652,8.367191741809332e-05,0.00012,0.7882017493247986,200,0
CS2_35,640,0.7701022624969482,0.7666231989860535,0.7667307695795443,0.00010757059349086884,0.00012,0.7701175212860107,200,0
CS2_35,641,0.7609089016914368,0.7724867463111877,0.7726002789117087,0.00011353260052093805,0.00012,0.7701022624969482,200,0
CS2_35,642,0.7609134912490845,0.7620772123336792,0.7621588779428703,8.1665609191095e-05,0.00012,0.7609089016914368,200,0
CS2_35,643,0.7517404556274414,0.7621200084686279,0.7622018861692624,8.187770063450284e-05,0.00012,0.7609134912490845,200,0
CS2_35,644,0.7691311240196228,0.7511191964149475,0.7511612317592842,4.2035344336666114e-05,0.00012,0.7517404556274414,200,0
CS2_35,645,0.7701674699783325,0.7720609307289124,0.7721774313995955,0.00011650067068313952,0.00012,0.7691311240196228,200,0
CS2_35,646,0.7701848745346069,0.7679458260536194,0.7680623744413262,0.0001165483877068052,0.00012,0.7701674699783325,200,0
CS2_35,647,0.7517701983451843,0.7640566229820251,0.7641486974104713,9.207442844616498e-05,0.00012,0.7701848745346069,200,0
CS2_35,648,0.7425652742385864,0.7452452182769775,0.7452746629237809,2.9444646803322705e-05,0.00012,0.7517701983451843,200,0
CS2_35,649,0.7425782680511475,0.7422242164611816,0.7422487347936573,2.451833247563151e-05,0.00012,0.7425652742385864,200,0
CS2_35,650,0.7425476312637329,0.7439347505569458,0.7439619470990072,2.7196542061402873e-05,0.00012,0.7425782680511475,200,0
CS2_35,651,0.7425616979598999,0.7436084151268005,0.7436350790625208,2.6663935720261378e-05,0.00012,0.7425476312637329,200,0
CS2_35,652,0.7425751090049744,0.7433768510818481,0.7434031434245753,2.6292342727107787e-05,0.00012,0.7425616979598999,200,0
CS2_35,653,0.7333804368972778,0.7429736256599426,0.7429992832603877,2.5657600445039286e-05,0.00012,0.7425751090049744,200,0
CS2_35,654,0.733375608921051,0.7330546975135803,0.7330687625591376,1.4065045557232203e-05,0.00012,0.7333804368972778,200,0
CS2_35,655,0.7333672046661377,0.7341588735580444,0.7341739120409269,1.5038482882423487e-05,0.00012,0.733375608921051,200,0
CS2_35,656,0.7242229580879211,0.7336369156837463,0.7336514858878805,1.457020413420107e-05,0.00012,0.7333672046661377,200,0
CS2_35,657,0.7242051959037781,0.7235820889472961,0.7235900105630324,7.9216157362616e-06,0.00012,0.7242229580879211,200,0
CS2_35,658,0.733406126499176,0.7240486741065979,0.7240568229261829,8.14881958499658e-06,0.00012,0.7242051959037781,200,0
CS2_35,659,0.7426056861877441,0.7335300445556641,0.7335445206929975,1.4476137333407912e-05,0.00012,0.733406126499176,200,0
CS2_35,660,0.7426148653030396,0.7417362332344055,0.7417600370612856,2.3803826880053336e-05,0.00012,0.7426056861877441,200,0
CS2_35,661,0.7421594262123108,0.7370966076850891,0.7371145768447059,1.7969159616826325e-05,0.00012,0.7426148653030396,200,0
CS2_35,662,0.7426373958587646,0.7382492423057556,0.7382685116138797,1.926930812412575e-05,0.00012,0.7421594262123108,200,0
CS2_35,663,0.7421063184738159,0.7406371831893921,0.7406594531178193,2.226992842724318e-05,0.00012,0.7426373958587646,200,0
CS2_35,664,0.7426434755325317,0.7416059970855713,0.7416296137660215,2.3616680450255778e-05,0.00012,0.7421063184738159,200,0
CS2_35,665,0.7426344752311707,0.7430846691131592,0.7431104999691931,2.5830856033914884e-05,0.00012,0.7426434755325317,200,0
CS2_35,666,0.7425243854522705,0.7425318956375122,0.7425568754581604,2.4979820648196593e-05,0.00012,0.7426344752311707,200,0
CS2_35,667,0.7426586151123047,0.7420101761817932,0.7420343785131095,2.4202331316280912e-05,0.00012,0.7425243854522705,200,0
CS2_35,668,0.7426360249519348,0.7416502237319946,0.7416739037995753,2.368006758068919e-05,0.00012,0.7426586151123047,200,0
CS2_35,669,0.7425554394721985,0.7413313388824463,0.7413545656946408,2.322681219446565e-05,0.00012,0.7426360249519348,200,0
CS2_35,670,0.7423319220542908,0.7414003610610962,0.7414236852383216,2.3324177225392262e-05,0.00012,0.7425554394721985,200,0
CS2_35,671,0.7420464754104614,0.7408429384231567,0.7408654877966275,2.2549373470792666e-05,0.00012,0.7423319220542908,200,0
CS2_35,672,0.7334742546081543,0.7404347658157349,0.7404567642118707,2.199839613581389e-05,0.00012,0.7420464754104614,200,0
CS2_35,673,0.7701589465141296,0.7327698469161987,0.7327836712313391,1.3824315140409382e-05,0.00012,0.7334742546081543,200,0
CS2_35,674,0.7609032988548279,0.7628399729728699,0.7629255024339511,8.552946108120185e-05,0.00012,0.7701589465141296,200,0
CS2_35,675,0.7426676154136658,0.7516735792160034,0.7517170508987101,4.347168270668611e-05,0.00012,0.7609032988548279,200,0
CS2_35,676,0.7426465749740601,0.7401428818702698,0.7401644945379984,2.1612667728598822e-05,0.00012,0.7426676154136658,200,0
CS2_35,677,0.7424494624137878,0.7428715229034424,0.742897022223707,2.549932026463253e-05,0.00012,0.7426465749740601,200,0
CS2_35,678,0.7420699596405029,0.742582380771637,0.7426074371402172,2.505636858018967e-05,0.00012,0.7424494624137878,200,0
CS2_35,679,0.7334772944450378,0.7424441576004028,0.7424690049444655,2.484734406271727e-05,0.00012,0.7420699596405029,200,0
CS2_35,680,0.7334932684898376,0.7332453727722168,0.733259601297285,1.4228525068160636e-05,0.00012,0.7334772944450378,200,0
CS2_35,681,0.7334957718849182,0.7321207523345947,0.7321340433721873,1.3291037592622068e-05,0.00012,0.7334932684898376,200,0
CS2_35,682,0.7243289947509766,0.7307993173599243,0.7308115854670053,1.2268107080992685e-05,0.00012,0.7334957718849182,200,0
CS2_35,683,0.7243311405181885,0.719145655632019,0.7191517096394967,6.054007477662715e-06,0.00012,0.7243289947509766,200,0
CS2_35,684,0.7242494821548462,0.721765398979187,0.7217724947061723,7.095726985317796e-06,0.00012,0.7243311405181885,200,0
CS2_35,685,0.72402423620224,0.7230371832847595,0.7230448475650053,7.664280245789357e-06,0.00012,0.7242494821548462,200,0
CS2_35,686,0.715090274810791,0.7229458689689636,0.7229534909506945,7.62198173087647e-06,0.00012,0.72402423620224,200,0
CS2_35,687,0.7150819897651672,0.7135255336761475,0.7135298400964116,4.3064202641662774e-06,0.00012,0.715090274810791,200,0
CS2_35,688,0.7239010334014893,0.7135035991668701,0.7135078998661369,4.300699266823749e-06,0.00012,0.7150819897651672,200,0
CS2_35,689,0.7243342995643616,0.7228876352310181,0.72289523035977,7.595128751924918e-06,0.00012,0.7239010334014893,200,0
CS2_35,690,0.7151250839233398,0.7208561897277832,0.7208629050323075,6.7153045243406595e-06,0.00012,0.7243342995643616,200,0
CS2_35,691,0.7059557437896729,0.7115042805671692,0.7115080904818882,3.8099147190440164e-06,0.00012,0.7151250839233398,200,0
CS2_35,692,0.7059344053268433,0.70609450340271,0.7060972482941412,2.7448914312611095e-06,0.00012,0.7059557437896729,200,0
CS2_35,693,0.7059285640716553,0.7066754102706909,0.7066782535213605,2.843250669570807e-06,0.00012,0.7059344053268433,200,0
CS2_35,694,0.6967819929122925,0.7068566679954529,0.7068595426523192,2.8746568663251537e-06,0.00012,0.7059285640716553,200,0
CS2_35,695,0.6967729330062866,0.6970555782318115,0.6970571653626404,1.5871308288728514e-06,0.00012,0.6967819929122925,200,0
CS2_35,696,0.6967518925666809,0.6967836618423462,0.6967852230319465,1.5611896002631909e-06,0.00012,0.6967729330062866,200,0
CS2_35,697,0.6967558860778809,0.6961588263511658,0.6961603295257741,1.5031746083415953e-06,0.00012,0.6967518925666809,200,0
CS2_35,698,0.6967881321907043,0.6958118081092834,0.6958132800001361,1.4718908526445418e-06,0.00012,0.6967558860778809,200,0
CS2_35,699,0.6967592239379883,0.6958223581314087,0.6958238309636825,1.4728322738077892e-06,0.00012,0.6967881321907043,200,0
CS2_35,700,0.6875823736190796,0.6950485706329346,0.6950499759894972,1.4053565626781506e-06,0.00012,0.6967592239379883,200,0
CS2_35,701,0.687570333480835,0.6866071820259094,0.6866080245877166,8.425618072127605e-07,0.00012,0.6875823736190796,200,0
CS2_35,702,0.6783817410469055,0.6869480609893799,0.6869489211390012,8.601496213067605e-07,0.00012,0.687570333480835,200,0
CS2_35,703,0.678402841091156,0.6774720549583435,0.6774725393060044,4.843476608673569e-07,0.00012,0.6783817410469055,200,0
CS2_35,704,0.678389310836792,0.6792330741882324,0.6792336130889706,5.389007381451094e-07,0.00012,0.678402841091156,200,0
CS2_35,705,0.6783862113952637,0.6788733005523682,0.6788738278298453,5.272774771247768e-07,0.00012,0.678389310836792,200,0
CS2_35,706,0.6783815622329712,0.6785317659378052,0.6785322824133113,5.164755061404236e-07,0.00012,0.6783862113952637,200,0
CS2_35,707,0.6784119009971619,0.6777330636978149,0.6777335557681521,4.920703371436019e-07,0.00012,0.6783815622329712,200,0
CS2_35,708,0.6692140698432922,0.678031861782074,0.6780323628444733,5.0106239934955e-07,0.00012,0.6784119009971619,200,0
CS2_35,709,0.6692155003547668,0.6681588292121887,0.6681591046508704,2.7543868164059404e-07,0.00012,0.6692140698432922,200,0
CS2_35,710,0.6692230701446533,0.6685848236083984,0.668585106250906,2.8264250750975606e-07,0.00012,0.6692155003547668,200,0
CS2_35,711,0.669230580329895,0.6693742871284485,0.6693745836230909,2.964946423933412e-07,0.00012,0.6692230701446533,200,0
CS2_35,712,0.6692155599594116,0.6693938374519348,0.6693941342980925,2.9684615765468436e-07,0.00012,0.669230580329895,200,0
CS2_35,713,0.6600659489631653,0.6694368720054626,0.6694371696268515,2.976213888672419e-07,0.00012,0.6692155599594116,200,0
CS2_35,714,0.6600411534309387,0.6600782871246338,0.6600784559112362,1.6878660236141485e-07,0.00012,0.6600659489631653,200,0
CS2_35,715,0.6600493788719177,0.6601865291595459,0.660186699057049,1.6989750306617424e-07,0.00012,0.6600411534309387,200,0
CS2_35,716,0.6600511074066162,0.6608430743217468,0.6608432511158769,1.7679413011340017e-07,0.00012,0.6600493788719177,200,0
CS2_35,717,0.6600366830825806,0.6602880358695984,0.6602882068155193,1.7094592086319693e-07,0.00012,0.6600511074066162,200,0
CS2_35,718,0.6966496706008911,0.6601508259773254,0.6601509955075969,1.695302714876945e-07,0.00012,0.6600366830825806,200,0
CS2_35,719,0.6783964037895203,0.692064106464386,0.6920652792882919,1.1728239058816925e-06,0.00012,0.6966496706008911,200,0
CS2_35,720,0.6692261695861816,0.6722499132156372,0.6722502661596772,3.529440399940853e-07,0.00012,0.6783964037895203,200,0
CS2_35,721,0.6692081093788147,0.6659970879554749,0.6659973295716493,2.4161617440121574e-07,0.00012,0.6692261695861816,200,0
CS2_35,722,0.6600509881973267,0.6685593724250793,0.668559654631948,2.8220686865143563e-07,0.00012,0.6692081093788147,200,0
CS2_35,723,0.6600347757339478,0.6603725552558899,0.6603727270797085,1.7182381861768903e-07,0.00012,0.6600509881973267,200,0
CS2_35,724,0.6600434184074402,0.6604169011116028,0.660417073397841,1.7228623816478716e-07,0.00012,0.6600347757339478,200,0
CS2_35,725,0.6600648164749146,0.6606550812721252,0.6606552560633796,1.7479125435926335e-07,0.00012,0.6600434184074402,200,0
CS2_35,726,0.6600675582885742,0.660285472869873,0.6602856437892424,1.709193693244515e-07,0.00012,0.6600648164749146,200,0
CS2_35,727,0.6600629091262817,0.6596563458442688,0.6596565103693471,1.6452507833886187e-07,0.00012,0.6600675582885742,200,0
CS2_35,728,0.6509026288986206,0.6576216220855713,0.657621767523068,1.4543749671247497e-07,0.00012,0.6600629091262817,200,0
CS2_35,729,0.6417155861854553,0.6483570337295532,0.6483571166810629,8.295150966119991e-08,0.00012,0.6509026288986206,200,0
CS2_35,730,0.6417005062103271,0.6405397057533264,0.6405397574027358,5.164940941604357e-08,0.00012,0.6417155861854553,200,0
CS2_35,731,0.6325370073318481,0.6413759589195251,0.6413760132541005,5.433457539449904e-08,0.00012,0.6417005062103271,200,0
CS2_35,732,0.6325213313102722,0.6322119832038879,0.6322120143836211,3.117973312871669e-08,0.00012,0.6325370073318481,200,0
CS2_35,733,0.6233725547790527,0.6325297951698303,0.6325298269559477,3.178611740484172e-08,0.00012,0.6325213313102722,200,0
CS2_35,734,0.6233439445495605,0.6234300136566162,0.6234300319680878,1.83114715612831e-08,0.00012,0.6233725547790527,200,0
CS2_35,735,0.6233635544776917,0.6233106255531311,0.6233106437325856,1.8179454497335712e-08,0.00012,0.6233439445495605,200,0
CS2_35,736,0.6233786344528198,0.6231064796447754,0.6231064976006907,1.795591531017493e-08,0.00012,0.6233635544776917,200,0
CS2_35,737,0.6233572959899902,0.6228026151657104,0.6228026327939754,1.7628264958879925e-08,0.00012,0.6233786344528198,200,0
CS2_35,738,0.6325147747993469,0.6221134662628174,0.6221134831699735,1.6907156119572164e-08,0.00012,0.6233572959899902,200,0
CS2_35,739,0.6233120560646057,0.6316690444946289,0.6316690746650776,3.017044869491059e-08,0.00012,0.6325147747993469,200,0
CS2_35,740,0.6141356229782104,0.6213535666465759,0.6213535827927391,1.614616318423856e-08,0.00012,0.6233120560646057,200,0
CS2_35,741,0.6141446232795715,0.6132988333702087,0.6132988432799357,9.909726927936902e-09,0.00012,0.6141356229782104,200,0
CS2_35,742,0.6141310930252075,0.6142594814300537,0.6142594919338621,1.0503808378636847e-08,0.00012,0.6141446232795715,200,0
CS2_35,743,0.6049631237983704,0.614410936832428,0.6144109474330959,1.0600667899041127e-08,0.00012,0.6141310930252075,200,0
CS2_35,744,0.6049773693084717,0.605247437953949,0.6052474440372863,6.0833372783619666e-09,0.00012,0.6049631237983704,200,0
CS2_35,745,0.6049814820289612,0.605423629283905,0.60542363543255,6.148644926540214e-09,0.00012,0.6049773693084717,200,0
CS2_35,746,0.6141688823699951,0.6054139137268066,0.6054139198718321,6.145025488457634e-09,0.00012,0.6049814820289612,200,0
CS2_35,747,0.6049734354019165,0.6142065525054932,0.6142065629756612,1.0470168065879193e-08,0.00012,0.6141688823699951,200,0
CS2_35,748,0.6049995422363281,0.6036763787269592,0.6036763842577884,5.530829128019832e-09,0.00012,0.6049734354019165,200,0
CS2_35,749,0.5958137512207031,0.6040056943893433,0.6040057000316684,5.642325162646955e-09,0.00012,0.6049995422363281,200,0
CS2_35,750,0.5958086848258972,0.5949082374572754,0.5949082407081863,3.2509108738310033e-09,0.00012,0.5958137512207031,200,0
CS2_35,751,0.586632490158081,0.5958336591720581,0.5958336626105102,3.4384520786190365e-09,0.00012,0.5958086848258972,200,0
CS2_35,752,0.5866355299949646,0.5865669846534729,0.5865669866143752,1.9609023294009376e-09,0.00012,0.586632490158081,200,0
CS2_35,753,0.5866171717643738,0.5867462754249573,0.5867462774072831,1.9823258590179194e-09,0.00012,0.5866355299949646,200,0
CS2_35,754,0.5866400003433228,0.5867763161659241,0.5867763181518624,1.9859383026954447e-09,0.00012,0.5866171717643738,200,0
CS2_35,755,0.577461838722229,0.5867931842803955,0.5867931862683652,1.9879696777636013e-09,0.00012,0.5866400003433228,200,0
CS2_35,756,0.5774556994438171,0.5771230459213257,0.5771230470276519,1.1063262528310247e-09,0.00012,0.577461838722229,200,0
CS2_35,757,0.5774537324905396,0.5772026777267456,0.577202678838424,1.1116784159881377e-09,0.00012,0.5774556994438171,200,0
CS2_35,758,0.5958486795425415,0.5771316885948181,0.577131689701724,1.1069059002721815e-09,0.00012,0.5774537324905396,200,0
CS2_35,759,0.6050330996513367,0.5972824692726135,0.5972824730266365,3.7540229813615156e-09,0.00012,0.5958486795425415,200,0
CS2_35,760,0.6050376296043396,0.6051574349403381,0.6051574409905828,6.05024463862236e-09,0.00012,0.6050330996513367,200,0
CS2_35,761,0.6050310134887695,0.6038486957550049,0.6038487013438976,5.588892681984703e-09,0.00012,0.6050376296043396,200,0
CS2_35,762,0.6050361394882202,0.604243278503418,0.6042432842275749,5.724156926234514e-09,0.00012,0.6050310134887695,200,0
CS2_35,763,0.6050387024879456,0.605094313621521,0.6050943196486644,6.027143450992867e-09,0.00012,0.6050361394882202,200,0
CS2_35,764,0.6050573587417603,0.6055315732955933,0.6055315794845948,6.189001533485339e-09,0.00012,0.6050387024879456,200,0
CS2_35,765,0.6050480008125305,0.6057881712913513,0.6057881775773528,6.286001497102234e-09,0.00012,0.6050573587417603,200,0
CS2_35,766,0.6050602793693542,0.6058645248413086,0.6058645311564658,6.3151571749742175e-09,0.00012,0.6050480008125305,200,0
CS2_35,767,0.5958707332611084,0.6058459877967834,0.6058459941048498,6.3080664025605415e-09,0.00012,0.6050602793693542,200,0
CS2_35,768,0.5867153406143188,0.5930002927780151,0.5930002956739333,2.895918171930134e-09,0.00012,0.5958707332611084,200,0
CS2_35,769,0.5775386095046997,0.5859493613243103,0.5859493632131696,1.8888592911991964e-09,0.00012,0.5867153406143188,200,0
CS2_35,770,0.5683542490005493,0.5776165127754211,0.5776165139153341,1.1399129418165899e-09,0.00012,0.5775386095046997,200,0
CS2_35,771,0.5591785907745361,0.5676758885383606,0.5676758891624197,6.240591376993621e-10,0.00012,0.5683542490005493,200,0
CS2_35,772,0.5591953992843628,0.5580341815948486,0.558034181942743,3.478943799706258e-10,0.00012,0.5591785907745361,200,0
CS2_35,773,0.5500280261039734,0.5573805570602417,0.5573805573946243,3.3438263269403024e-10,0.00012,0.5591953992843628,200,0
CS2_35,774,0.5500355958938599,0.548392653465271,0.548392653659214,1.9394297279262673e-10,0.00012,0.5500280261039734,200,0
CS2_35,775,0.5500047206878662,0.5484057068824768,0.5484057070765733,1.940965166369324e-10,0.00012,0.5500355958938599,200,0
CS2_35,776,0.5500310659408569,0.5484274625778198,0.5484274627721724,1.9435253406641095e-10,0.00012,0.5500047206878662,200,0
CS2_35,777,0.5500169992446899,0.5483673214912415,0.548367321684887,1.9364554404432965e-10,0.00012,0.5500310659408569,200,0
CS2_35,778,0.5408768653869629,0.548054039478302,0.5480540396683053,1.9000334638974437e-10,0.00012,0.5500169992446899,200,0
CS2_35,779,0.5408724546432495,0.5388087630271912,0.5388087631356882,1.0849698917070327e-10,0.00012,0.5408768653869629,200,0
CS2_35,780,0.5408706665039062,0.5396314263343811,0.5396314264484248,1.1404366340173056e-10,0.00012,0.5408724546432495,200,0
CS2_35,781,0.5316896438598633,0.5395901203155518,0.5395901204293102,1.1375844710670435e-10,0.00012,0.5408706665039062,200,0
CS2_35,782,0.52252197265625,0.5303740501403809,0.530374050205455,6.507416827616908e-11,0.00012,0.5316896438598633,200,0
CS2_35,783,0.5225248336791992,0.5217331051826477,0.521733105221193,3.85452780804485e-11,0.00012,0.52252197265625,200,0
CS2_35,784,0.5317092537879944,0.5220301747322083,0.5220301747714539,3.9245606764382046e-11,0.00012,0.5225248336791992,200,0
CS2_35,785,0.5317183136940002,0.5311459302902222,0.5311459303584128,6.819067532859435e-11,0.00012,0.5317092537879944,200,0
CS2_35,786,0.5316848754882812,0.5306101441383362,0.5306101442043482,6.601197366506995e-11,0.00012,0.5317183136940002,200,0
CS2_35,787,0.5317137837409973,0.5302534103393555,0.5302534104039556,6.460010304465413e-11,0.00012,0.5316848754882812,200,0
CS2_35,788,0.5408921241760254,0.5302999019622803,0.5302999020270627,6.478240166529758e-11,0.00012,0.5317137837409973,200,0
CS2_35,789,0.5317133069038391,0.5408293604850769,0.5408293606077083,1.226313495195086e-10,0.00012,0.5408921241760254,200,0
CS2_35,790,0.5317109227180481,0.5309586524963379,0.530958652563759,6.74210687279242e-11,0.00012,0.5317133069038391,200,0
CS2_35,791,0.5225296020507812,0.5311517119407654,0.53115171200898,6.821465614592626e-11,0.00012,0.5317109227180481,200,0
CS2_35,792,0.5225386023521423,0.5223639011383057,0.5223639011783531,4.0047409832766334e-11,0.00012,0.5225296020507812,200,0
CS2_35,793,0.5225355625152588,0.5226768255233765,0.5226768255641906,4.081412985357247e-11,0.00012,0.5225386023521423,200,0
CS2_35,794,0.5133551359176636,0.5227210521697998,0.5227210522107235,4.092370886610297e-11,0.00012,0.5225355625152588,200,0
CS2_35,795,0.5041879415512085,0.5126941204071045,0.5126941204293918,2.2287283130140167e-11,0.00012,0.5133551359176636,200,0
CS2_35,796,0.4950309693813324,0.5035760402679443,0.5035760402807694,1.2825074335864883e-11,0.00012,0.5041879415512085,200,0
CS2_35,797,0.4950234293937683,0.49463438987731934,0.4946343898847788,7.459477480153964e-12,0.00012,0.4950309693813324,200,0
CS2_35,798,0.4950120449066162,0.4947744905948639,0.494774490602387,7.523093259464986e-12,0.00012,0.4950234293937683,200,0
CS2_35,799,0.49501296877861023,0.49434295296669006,0.4943429529740189,7.328859741306815e-12,0.00012,0.4950120449066162,200,0
CS2_35,800,0.49505484104156494,0.49410271644592285,0.4941027164531458,7.222944464757575e-12,0.00012,0.49501296877861023,200,0
CS2_35,801,0.4858916103839874,0.49438175559043884,0.494381755597785,7.346179220490967e-12,0.00012,0.49505484104156494,200,0
CS2_35,802,0.48588576912879944,0.4850246012210846,0.48502460122525115,4.16655598911575e-12,0.00012,0.4858916103839874,200,0
CS2_35,803,0.4950486421585083,0.48522305488586426,0.4852230548900811,4.2168490921312696e-12,0.00012,0.48588576912879944,200,0
CS2_35,804,0.46754753589630127,0.4928297698497772,0.4928297698564639,6.686651232712393e-12,0.00012,0.4950486421585083,200,0
CS2_35,805,0.4583934545516968,0.46546995639801025,0.46546995639928396,1.2737033650012108e-12,0.00012,0.46754753589630127,200,0
CS2_35,806,0.44921228289604187,0.45691588521003723,0.4569158852107957,7.584488592726757e-13,0.00012,0.4583934545516968,200,0
CS2_35,807,0.4308806359767914,0.44825515151023865,0.4482551515106873,4.4864112425102576e-13,0.00012,0.44921228289604187,200,0
CS2_35,808,0.42169079184532166,0.4297231435775757,0.4297231435777216,1.4593881658697683e-13,0.00012,0.4308806359767914,200,0
CS2_35,809,0.42170006036758423,0.42079851031303406,0.42079851031311905,8.498757253505573e-14,0.00012,0.42169079184532166,200,0
CS2_35,810,0.4033692479133606,0.42078933119773865,0.4207893311978236,8.493206138382448e-14,0.00012,0.42170006036758423,200,0
CS2_35,811,0.3941834568977356,0.402216374874115,0.4022163748741425,2.7533531010703882e-14,0.00012,0.4033692479133606,200,0
CS2_35,812,0.3941834568977356,0.3931563198566437,0.3931563198566596,1.5931700403370996e-14,0.00012,0.3941834568977356,200,0
CS2_35,813,0.39419999718666077,0.39319944381713867,0.3931994438171546,1.5931700403370996e-14,0.00012,0.3941834568977356,200,0
CS2_35,814,0.39419102668762207,0.3931373953819275,0.39313739538194337,1.587618925213974e-14,0.00012,0.39419999718666077,200,0
CS2_35,815,0.3941832482814789,0.39316123723983765,0.3931612372398536,1.5931700403370996e-14,0.00012,0.39419102668762207,200,0
CS2_35,816,0.39418652653694153,0.39307907223701477,0.3930790722370306,1.582067810090848e-14,0.00012,0.3941832482814789,200,0
CS2_35,817,0.38503360748291016,0.3930334746837616,0.3930334746837774,1.582067810090848e-14,0.00012,0.39418652653694153,200,0
CS2_35,818,0.375866174697876,0.383871465921402,0.383871465921411,9.048317650695026e-15,0.00012,0.38503360748291016,200,0
CS2_35,819,0.37586620450019836,0.37482067942619324,0.3748206794261985,5.2735593669694936e-15,0.00012,0.375866174697876,200,0
CS2_35,820,0.36667561531066895,0.37483322620391846,0.3748332262039237,5.218048215738236e-15,0.00012,0.37586620450019836,200,0
CS2_35,821,0.25667718052864075,0.36598512530326843,0.3659851253032715,3.0531133177191805e-15,0.00012,0.36667561531066895,200,0
CS2_35,822,0.35751721262931824,0.2578553259372711,0.2578553259372711,0.0,0.00012,0.25667718052864075,200,0
CS2_35,823,0.3575413227081299,0.3563099503517151,0.3563099503517168,1.7208456881689926e-15,0.00012,0.35751721262931824,200,0
CS2_35,824,0.35755184292793274,0.355304092168808,0.3553040921688096,1.609823385706477e-15,0.00012,0.3575413227081299,200,0
CS2_35,825,0.3483830690383911,0.3558039367198944,0.355803936719896,1.609823385706477e-15,0.00012,0.35755184292793274,200,0
CS2_35,826,0.339208722114563,0.3456493020057678,0.34564930200576877,9.43689570931383e-16,0.00012,0.3483830690383911,200,0
CS2_35,827,0.3483751714229584,0.3370222747325897,0.3370222747325903,5.551115123125783e-16,0.00012,0.339208722114563,200,0
CS2_35,828,0.348375141620636,0.34606248140335083,0.3460624814033518,9.43689570931383e-16,0.00012,0.3483751714229584,200,0
CS2_35,829,0.3575579822063446,0.3470812439918518,0.3470812439918528,9.992007221626409e-16,0.00012,0.348375141620636,200,0
CS2_35,830,0.35754141211509705,0.35619300603866577,0.35619300603866744,1.6653345369377348e-15,0.00012,0.3575579822063446,200,0
CS2_35,831,0.3483749330043793,0.35630184412002563,0.3563018441200273,1.6653345369377348e-15,0.00012,0.35754141211509705,200,0
CS2_35,832,0.3392181694507599,0.34815713763237,0.348157137632371,9.992007221626409e-16,0.00012,0.3483749330043793,200,0
CS2_35,833,0.33002451062202454,0.3378276228904724,0.3378276228904729,4.996003610813204e-16,0.00012,0.3392181694507599,200,0
CS2_35,834,0.3300274610519409,0.3298218250274658,0.3298218250274662,3.885780586188048e-16,0.00012,0.33002451062202454,200,0
CS2_35,835,0.32085996866226196,0.3297593593597412,0.32975935935974154,3.3306690738754696e-16,0.00012,0.3300274610519409,200,0
CS2_35,836,0.3208630383014679,0.3194628357887268,0.319462835788727,1.6653345369377348e-16,0.00012,0.32085996866226196,200,0
CS2_35,837,0.3116953372955322,0.31942638754844666,0.3194263875484468,1.6653345369377348e-16,0.00012,0.3208630383014679,200,0
CS2_35,838,0.31169232726097107,0.3111499547958374,0.3111499547958375,1.1102230246251565e-16,0.00012,0.3116953372955322,200,0
CS2_35,839,0.31170135736465454,0.31125667691230774,0.31125667691230785,1.1102230246251565e-16,0.00012,0.31169232726097107,200,0
CS2_35,840,0.302523672580719,0.3113090991973877,0.3113090991973878,1.1102230246251565e-16,0.00012,0.31170135736465454,200,0
CS2_35,841,0.3116953670978546,0.30258020758628845,0.3025802075862885,5.551115123125783e-17,0.00012,0.302523672580719,200,0
CS2_35,842,0.31170740723609924,0.31123560667037964,0.3112356066703798,1.6653345369377348e-16,0.00012,0.3116953670978546,200,0
CS2_35,843,0.3116874098777771,0.3112027645111084,0.31120276451110856,1.6653345369377348e-16,0.00012,0.31170740723609924,200,0
CS2_35,844,0.302521675825119,0.3111755847930908,0.31117558479309093,1.1102230246251565e-16,0.00012,0.3116874098777771,200,0
CS2_35,845,0.302529901266098,0.3022887408733368,0.30228874087333685,5.551115123125783e-17,0.00012,0.302521675825119,200,0
CS2_35,846,0.3025303781032562,0.3027363121509552,0.30273631215095526,5.551115123125783e-17,0.00012,0.302529901266098,200,0
CS2_35,847,0.293367475271225,0.30284321308135986,0.3028432130813599,5.551115123125783e-17,0.00012,0.3025303781032562,200,0
CS2_35,848,0.46754753589630127,0.29270121455192566,0.2927012145519257,5.551115123125783e-17,0.00012,0.293367475271225,200,0
CS2_35,849,0.4583934545516968,0.4649752080440521,0.4649752080452882,1.236066804466418e-12,0.00012,0.46754753589630127,200,0
CS2_35,850,0.44921228289604187,0.454853892326355,0.4548538923270244,6.694089726977381e-13,0.00012,0.4583934545516968,200,0
CS2_35,851,0.4308806359767914,0.4461297392845154,0.44612973928490984,3.944622406493181e-13,0.00012,0.44921228289604187,200,0
CS2_35,852,0.42169079184532166,0.4280174672603607,0.4280174672604923,1.3156142841808105e-13,0.00012,0.4308806359767914,200,0
CS2_35,853,0.42170006036758423,0.4198281764984131,0.4198281764984932,8.010259122670504e-14,0.00012,0.42169079184532166,200,0
CS2_35,854,0.412529319524765,0.41993916034698486,0.4199391603470656,8.071321389024888e-14,0.00012,0.42170006036758423,200,0
CS2_35,855,0.40335413813591003,0.41153469681739807,0.4115346968174466,4.851674617611934e-14,0.00012,0.412529319524765,200,0
CS2_35,856,0.4033692479133606,0.402071475982666,0.40207147598269327,2.7255975254547593e-14,0.00012,0.40335413813591003,200,0
CS2_35,857,0.3941834568977356,0.40212586522102356,0.402125865221051,2.7422508708241367e-14,0.00012,0.4033692479133606,200,0
CS2_35,858,0.3941834568977356,0.39376121759414673,0.3937612175941632,1.6486811915683575e-14,0.00012,0.3941834568977356,200,0
CS2_35,859,0.39419999718666077,0.393599271774292,0.3935992717743083,1.63202784619898e-14,0.00012,0.3941834568977356,200,0
CS2_35,860,0.39419102668762207,0.39341291785240173,0.3934129178524179,1.6153745008296028e-14,0.00012,0.39419999718666077,200,0
CS2_35,861,0.3941832482814789,0.39329826831817627,0.3932982683181923,1.6042722705833512e-14,0.00012,0.39419102668762207,200,0
CS2_35,862,0.39418652653694153,0.3931836783885956,0.3931836783886115,1.5931700403370996e-14,0.00012,0.3941832482814789,200,0
CS2_35,863,0.38503360748291016,0.39310145378112793,0.3931014537811438,1.587618925213974e-14,0.00012,0.39418652653694153,200,0
CS2_35,864,0.375866174697876,0.38292065262794495,0.3829206526279535,8.548717289613705e-15,0.00012,0.38503360748291016,200,0
CS2_35,865,0.37586620450019836,0.3744879364967346,0.3744879364967397,5.10702591327572e-15,0.00012,0.375866174697876,200,0
CS2_35,866,0.36667561531066895,0.3744392693042755,0.3744392693042807,5.162537064506978e-15,0.00012,0.37586620450019836,200,0
CS2_35,867,0.25667718052864075,0.3644498884677887,0.3644498884677915,2.831068712794149e-15,0.00012,0.36667561531066895,200,0
CS2_35,868,0.35751721262931824,0.25779634714126587,0.25779634714126587,0.0,0.00012,0.25667718052864075,200,0
CS2_35,869,0.3575413227081299,0.3570995032787323,0.3570995032787341,1.7763568394002505e-15,0.00012,0.35751721262931824,200,0
CS2_35,870,0.35755184292793274,0.3570749759674072,0.357074975967409,1.7763568394002505e-15,0.00012,0.3575413227081299,200,0
CS2_35,871,0.3483830690383911,0.3569762408733368,0.35697624087333857,1.7763568394002505e-15,0.00012,0.35755184292793274,200,0
CS2_35,872,0.339208722114563,0.348477840423584,0.34847784042358504,1.0547118733938987e-15,0.00012,0.3483830690383911,200,0
CS2_35,873,0.3483751714229584,0.3375873267650604,0.3375873267650609,4.996003610813204e-16,0.00012,0.339208722114563,200,0
CS2_35,874,0.348375141620636,0.34603819251060486,0.34603819251060575,8.881784197001252e-16,0.00012,0.3483751714229584,200,0
CS2_35,875,0.3575579822063446,0.34573793411254883,0.34573793411254977,9.43689570931383e-16,0.00012,0.348375141620636,200,0
CS2_35,876,0.35754141211509705,0.3557285666465759,0.3557285666465776,1.6653345369377348e-15,0.00012,0.3575579822063446,200,0
CS2_35,877,0.3483749330043793,0.3558802306652069,0.3558802306652086,1.6653345369377348e-15,0.00012,0.35754141211509705,200,0
CS2_35,878,0.3392181694507599,0.347290962934494,0.34729096293449496,9.43689570931383e-16,0.00012,0.3483749330043793,200,0
CS2_35,879,0.33002451062202454,0.3376389443874359,0.33763894438743647,5.551115123125783e-16,0.00012,0.3392181694507599,200,0
CS2_35,880,0.3300274610519409,0.32960399985313416,0.32960399985313454,3.885780586188048e-16,0.00012,0.33002451062202454,200,0
CS2_35,881,0.32085996866226196,0.3296884000301361,0.3296884000301365,3.885780586188048e-16,0.00012,0.3300274610519409,200,0
CS2_35,882,0.3208630383014679,0.31942957639694214,0.3194295763969423,1.6653345369377348e-16,0.00012,0.32085996866226196,200,0
CS2_35,400,0.9810616970062256,0.9667162299156189,0.9667162307922766,8.766577463958924e-10,0.00012,0.9678377509117126,400,0
CS2_35,401,0.9800405502319336,0.9772977828979492,0.9772977833596008,4.6165160583200304e-10,0.00012,0.9810616970062256,400,0
CS2_35,402,0.9807074069976807,0.9761489033699036,0.9761489038648451,4.949415322030859e-10,0.00012,0.9800405502319336,400,0
CS2_35,403,0.9884020090103149,0.980851411819458,0.9808514121916608,3.7220282411709604e-10,0.00012,0.9807074069976807,400,0
CS2_35,404,0.9891694784164429,0.9846802949905396,0.9846802952856605,2.951209276957911e-10,0.00012,0.9884020090103149,400,0
CS2_35,405,0.9808050394058228,0.9833049774169922,0.9833049777377665,3.207742960142923e-10,0.00012,0.9891694784164429,400,0
CS2_35,406,0.9800571799278259,0.9769526124000549,0.9769526128714657,4.714107992853656e-10,0.00012,0.9808050394058228,400,0
CS2_35,407,0.9803666472434998,0.9805377125740051,0.980537712953352,3.79346887235954e-10,0.00012,0.9800571799278259,400,0
CS2_35,408,0.9800806045532227,0.9805632829666138,0.9805632833453732,3.7875946823362483e-10,0.00012,0.9803666472434998,400,0
CS2_35,409,0.9789817929267883,0.979878842830658,0.9798788432254593,3.9480130276103864e-10,0.00012,0.9800806045532227,400,0
CS2_35,410,0.9866677522659302,0.978437602519989,0.9784376029508264,4.308373657835318e-10,0.00012,0.9789817929267883,400,0
CS2_35,411,0.9871377944946289,0.9865202307701111,0.9865202310340914,2.639802820780801e-10,0.00012,0.9866677522659302,400,0
CS2_35,412,0.9860458970069885,0.9847081899642944,0.9847081902589169,2.9462243755773443e-10,0.00012,0.9871377944946289,400,0
CS2_35,413,0.9776592254638672,0.9806821942329407,0.9806821946089803,3.760396438678981e-10,0.00012,0.9860458970069885,400,0
CS2_35,414,0.9778881072998047,0.9762226343154907,0.9762226348082255,4.927347418970385e-10,0.00012,0.9776592254638672,400,0
CS2_35,415,0.9778552055358887,0.9789939522743225,0.978993952690875,4.165524591925873e-10,0.00012,0.9778881072998047,400,0
CS2_35,416,0.9694574475288391,0.9779941439628601,0.9779941444054338,4.425736443991468e-10,0.00012,0.9778552055358887,400,0
CS2_35,417,0.9696243405342102,0.9698800444602966,0.9698800451839918,7.23695214865927e-10,0.00012,0.9694574475288391,400,0
CS2_35,418,0.9779205918312073,0.9729210734367371,0.9729210740386216,6.018845422062213e-10,0.00012,0.9696243405342102,400,0
CS2_35,419,0.9784395694732666,0.9775184392929077,0.9775184397484267,4.555189558885786e-10,0.00012,0.9779205918312073,400,0
CS2_35,420,0.9687510132789612,0.9730291962623596,0.973029196860313,5.979533534983261e-10,0.00012,0.9784395694732666,400,0
CS2_35,421,0.9610661864280701,0.9663241505622864,0.9663241514600251,8.977387722097774e-10,0.00012,0.9687510132789612,400,0
CS2_35,422,0.9605962038040161,0.9622737765312195,0.9622737776787371,1.1475176364683648e-09,0.00012,0.9610661864280701,400,0
CS2_35,423,0.9683040976524353,0.9628188610076904,0.9628188621179187,1.1102282426733723e-09,0.00012,0.9605962038040161,400,0
CS2_35,424,0.9694006443023682,0.9705623984336853,0.9705623991280626,6.943773334100456e-10,0.00012,0.9683040976524353,400,0
CS2_35,425,0.9698449969291687,0.9667090773582458,0.9667090782352838,8.770379977818266e-10,0.00012,0.9694006443023682,400,0
CS2_35,426,0.9699426293373108,0.9648455381393433,0.9648455391212457,9.819024482382588e-10,0.00012,0.9698449969291687,400,0
CS2_35,427,0.9702362418174744,0.9650161862373352,0.9650161872091348,9.717996407587748e-10,0.00012,0.9699426293373108,400,0
CS2_35,428,0.9705387949943542,0.9664672017097473,0.9664672025997365,8.899891934532889e-10,0.00012,0.9702362418174744,400,0
CS2_35,429,0.9705435037612915,0.9682028293609619,0.9682028301620892,8.011272756291987e-10,0.00012,0.9705387949943542,400,0
CS2_35,430,0.970305323600769,0.9692566394805908,0.969256640232152,7.515611466502037e-10,0.00012,0.9705435037612915,400,0
CS2_35,431,0.9695138335227966,0.9695265293121338,0.9695265300515017,7.39367900237653e-10,0.00012,0.970305323600769,400,0
CS2_35,432,0.9692293405532837,0.9693639278411865,0.9693639285878766,7.466900431296608e-10,0.00012,0.9695138335227966,400,0
CS2_35,433,0.9689562916755676,0.9693539142608643,0.9693539150080076,7.471433471906153e-10,0.00012,0.9692293405532837,400,0
CS2_35,434,0.9687097668647766,0.9685916304588318,0.9685916312413022,7.824704217895828e-10,0.00012,0.9689562916755676,400,0
CS2_35,435,0.9686266183853149,0.9674415588378906,0.9674415596768459,8.389552386134369e-10,0.00012,0.9687097668647766,400,0
CS2_35,436,0.9684963226318359,0.9665634632110596,0.9665634640958717,8.848121124671593e-10,0.00012,0.9686266183853149,400,0
CS2_35,437,0.96837317943573,0.9665206670761108,0.9665206679632209,8.871100520835284e-10,0.00012,0.9684963226318359,400,0
CS2_35,438,0.9682105183601379,0.9666110277175903,0.9666110285998555,8.822651498263667e-10,0.00012,0.96837317943573,400,0
CS2_35,439,0.9680627584457397,0.9664074182510376,0.9664074191442572,8.932196093880407e-10,0.00012,0.9682105183601379,400,0
CS2_35,440,0.9506776332855225,0.966538667678833,0.9665386685649758,8.86142825784475e-10,0.00012,0.9680627584457397,400,0
CS2_35,441,0.9442161321640015,0.9487995505332947,0.9487995531299412,2.5966465644344794e-09,0.00012,0.9506776332855225,400,0
CS2_35,442,0.9420542120933533,0.947554886341095,0.9475548891411946,2.8000995966337427e-09,0.00012,0.9442161321640015,400,0
CS2_35,443,0.9416968822479248,0.9431573152542114,0.9431573189094978,3.655286406889502e-09,0.00012,0.9420542120933533,400,0
CS2_35,444,0.9350996017456055,0.9422145485877991,0.9422145524580209,3.8702218096986485e-09,0.00012,0.9416968822479248,400,0
CS2_35,445,0.9513069987297058,0.9352744817733765,0.9352744876673001,5.893923682442903e-09,0.00012,0.9350996017456055,400,0
CS2_35,446,0.9526757001876831,0.9535473585128784,0.9535473604602389,1.9473604950803747e-09,0.00012,0.9513069987297058,400,0
CS2_35,447,0.9442774057388306,0.9447275996208191,0.9447276029442768,3.3234577312413194e-09,0.00012,0.9526757001876831,400,0
CS2_35,448,0.9433460235595703,0.9382694959640503,0.9382695008796114,4.915561069296359e-09,0.00012,0.9442774057388306,400,0
CS2_35,449,0.9503787159919739,0.9430636167526245,0.9430636204287273,3.676102755534316e-09,0.00012,0.9433460235595703,400,0
CS2_35,450,0.9527775049209595,0.9554762840270996,0.9554762857596079,1.7325082479757725e-09,0.00012,0.9503787159919739,400,0
CS2_35,451,0.9531486630439758,0.9516727924346924,0.9516727946163499,2.1816575213051692e-09,0.00012,0.9527775049209595,400,0
CS2_35,452,0.9419817924499512,0.9505454897880554,0.9505454921239765,2.335921123197693e-09,0.00012,0.9531486630439758,400,0
CS2_35,453,0.9345536828041077,0.9413275718688965,0.9413275759528601,4.0839636117340206e-09,0.00012,0.9419817924499512,400,0
CS2_35,454,0.9337666034698486,0.9357813596725464,0.9357813653881624,5.7156159805060724e-09,0.00012,0.9345536828041077,400,0
CS2_35,455,0.9334888458251953,0.935545802116394,0.9355458079141925,5.79779846354711e-09,0.00012,0.9337666034698486,400,0
CS2_35,456,0.9258153438568115,0.9344480037689209,0.9344480099655876,6.196666735291956e-09,0.00012,0.9334888458251953,400,0
CS2_35,457,0.9320645332336426,0.9231953024864197,0.9231953147421476,1.2255727876997469e-08,0.00012,0.9258153438568115,400,0
CS2_35,458,0.9343991279602051,0.9321696758270264,0.9321696829412207,7.114194344737257e-09,0.00012,0.9320645332336426,400,0
CS2_35,459,0.9428251385688782,0.9396854639053345,0.9396854684166541,4.511319651179235e-09,0.00012,0.9343991279602051,400,0
CS2_35,460,0.9440757632255554,0.9362449645996094,0.9362449701568673,5.557257876098731e-09,0.00012,0.9428251385688782,400,0
CS2_35,461,0.9341702461242676,0.9381164312362671,0.9381164361976404,4.961373312184492e-09,0.00012,0.9440757632255554,400,0
CS2_35,462,0.9329054355621338,0.9323629140853882,0.9323629211167513,7.0313631583829306e-09,0.00012,0.9341702461242676,400,0
CS2_35,463,0.9327883720397949,0.9350235462188721,0.935023552203117,5.9842448774105605e-09,0.00012,0.9329054355621338,400,0
CS2_35,464,0.9320480227470398,0.9346287250518799,0.9346287311810461,6.1291661745954684e-09,0.00012,0.9327883720397949,400,0
CS2_35,465,0.9258986711502075,0.9337966442108154,0.9337966506569962,6.44618081135917e-09,0.00012,0.9320480227470398,400,0
CS2_35,466,0.9351601600646973,0.9276373982429504,0.9276374076060416,9.363091191261219e-09,0.00012,0.9258986711502075,400,0
CS2_35,467,0.9415537714958191,0.9387275576591492,0.9387275624401248,4.780975615403804e-09,0.00012,0.9351601600646973,400,0
CS2_35,468,0.9408928751945496,0.9374400973320007,0.9374401025009659,5.168965144797255e-09,0.00012,0.9415537714958191,400,0
CS2_35,469,0.9259181618690491,0.9343878626823425,0.9343878689016368,6.2192943017791436e-09,0.00012,0.9408928751945496,400,0
CS2_35,470,0.9259197115898132,0.9255111217498779,0.925511132400739,1.065086108198443e-08,0.00012,0.9259181618690491,400,0
CS2_35,471,0.9246494770050049,0.9280089735984802,0.9280089827530738,9.154593527682664e-09,0.00012,0.9259197115898132,400,0
CS2_35,472,0.9240650534629822,0.9267680644989014,0.9267680743685315,9.86963011317954e-09,0.00012,0.9246494770050049,400,0
CS2_35,473,0.9239050149917603,0.9261276721954346,0.9261276824556521,1.0260217564450613e-08,0.00012,0.9240650534629822,400,0
CS2_35,474,0.9328508377075195,0.9258931875228882,0.9258931979299567,1.0407068540274622e-08,0.00012,0.9239050149917603,400,0
CS2_35,475,0.9336589574813843,0.9335402846336365,0.9335402911807534,6.547116959687571e-09,0.00012,0.9328508377075195,400,0
CS2_35,476,0.9243494272232056,0.930091917514801,0.9300919255836976,8.068896550916804e-09,0.00012,0.9336589574813843,400,0
CS2_35,477,0.9234685897827148,0.9216216206550598,0.9216216341372299,1.3482170047041109e-08,0.00012,0.9243494272232056,400,0
CS2_35,478,0.923947274684906,0.9240238666534424,0.9240238783089334,1.1655491016782094e-08,0.00012,0.9234685897827148,400,0
CS2_35,479,0.9236280918121338,0.9253672957420349,0.9253673064861423,1.0744107381555068e-08,0.00012,0.923947274684906,400,0
CS2_35,480,0.9234251379966736,0.92438805103302,0.9243880624340719,1.140105188035534e-08,0.00012,0.9236280918121338,400,0
CS2_35,481,0.9254165887832642,0.9232297539710999,0.923229766201265,1.2230165102877777e-08,0.00012,0.9234251379966736,400,0
CS2_35,482,0.9320799708366394,0.9302056431770325,0.9302056511905057,8.013473218326794e-09,0.00012,0.9254165887832642,400,0
CS2_35,483,0.9323381781578064,0.930126428604126,0.9301264366561635,8.052037481220964e-09,0.00012,0.9320799708366394,400,0
CS2_35,484,0.916784942150116,0.9288891553878784,0.9288891640669228,8.679044372073008e-09,0.00012,0.9323381781578064,400,0
CS2_35,485,0.9168064594268799,0.9141366481781006,0.9141366693993448,2.122124420633753e-08,0.00012,0.916784942150116,400,0
CS2_35,486,0.9168059825897217,0.9185708165168762,0.9185708327372045,1.622032830272957e-08,0.00012,0.9168064594268799,400,0
CS2_35,487,0.9168177247047424,0.918332576751709,0.9183325932079379,1.6456228935091133e-08,0.00012,0.9168059825897217,400,0
CS2_35,488,0.9157667756080627,0.9178292751312256,0.9178292920971552,1.6965929661161283e-08,0.00012,0.9168177247047424,400,0
CS2_35,489,0.9243561625480652,0.9172990918159485,0.917299109335886,1.751993750076508e-08,0.00012,0.9157667756080627,400,0
CS2_35,490,0.9250413179397583,0.9266271591186523,0.9266271690729273,9.954274959866893e-09,0.00012,0.9243561625480652,400,0
CS2_35,491,0.9252684116363525,0.9217872023582458,0.9217872157057955,1.3347549621123278e-08,0.00012,0.9250413179397583,400,0
CS2_35,492,0.925248384475708,0.9228604435920715,0.9228604560990642,1.2506992663752214e-08,0.00012,0.9252684116363525,400,0
CS2_35,493,0.9251909255981445,0.9236263632774353,0.9236263752171298,1.193969445534293e-08,0.00012,0.925248384475708,400,0
CS2_35,494,0.9250848293304443,0.9241344332695007,0.9241344448471494,1.157764861758892e-08,0.00012,0.9251909255981445,400,0
CS2_35,495,0.925014317035675,0.9244388937950134,0.9244389051609885,1.1365975050026123e-08,0.00012,0.9250848293304443,400,0
CS2_35,496,0.9247575402259827,0.9250946044921875,0.9250946154153354,1.0923147941710454e-08,0.00012,0.925014317035675,400,0
CS2_35,497,0.9248037934303284,0.9244532585144043,0.9244532698704885,1.135608418412204e-08,0.00012,0.9247575402259827,400,0
CS2_35,498,0.9243890643119812,0.9247398376464844,0.9247398488070342,1.1160549817645915e-08,0.00012,0.9248037934303284,400,0
CS2_35,499,0.9243072867393494,0.9226030111312866,0.9226030238349431,1.270365646011129e-08,0.00012,0.9243890643119812,400,0
CS2_35,500,0.9241234064102173,0.9251561164855957,0.9251561273680979,1.0882502232689717e-08,0.00012,0.9243072867393494,400,0
CS2_35,501,0.9235459566116333,0.9226600527763367,0.9226600654361515,1.2659814863091867e-08,0.00012,0.9241234064102173,400,0
CS2_35,502,0.923351526260376,0.923447847366333,0.923447859435906,1.2069573007700285e-08,0.00012,0.9235459566116333,400,0
CS2_35,503,0.9168325662612915,0.9250718951225281,0.9250719060607201,1.0938192018805637e-08,0.00012,0.923351526260376,400,0
CS2_35,504,0.9160386919975281,0.9159996509552002,0.9159996699106884,1.8955488179095425e-08,0.00012,0.9168325662612915,400,0
CS2_35,505,0.9168403744697571,0.9171729683876038,0.9171729860419741,1.765437029899175e-08,0.00012,0.9160386919975281,400,0
CS2_35,506,0.9237143397331238,0.9215773940086365,0.9215774075269925,1.3518355990171926e-08,0.00012,0.9168403744697571,400,0
CS2_35,507,0.9237202405929565,0.9222358465194702,0.9222358595089822,1.2989512021555072e-08,0.00012,0.9237143397331238,400,0
CS2_35,508,0.9144200682640076,0.9213491082191467,0.9213491219258358,1.3706689117043425e-08,0.00012,0.9237202405929565,400,0
CS2_35,509,0.9076129794120789,0.9125343561172485,0.9125343795026364,2.3385387848406936e-08,0.00012,0.9144200682640076,400,0
CS2_35,510,0.9076300859451294,0.9089559316635132,0.9089559607125576,2.904904439215983e-08,0.00012,0.9076129794120789,400,0
CS2_35,511,0.9070267081260681,0.9091706275939941,0.9091706562675045,2.8673510343857345e-08,0.00012,0.9076300859451294,400,0
CS2_35,512,0.9063550233840942,0.9083915948867798,0.9083916249465521,3.005977233794255e-08,0.00012,0.9070267081260681,400,0
CS2_35,513,0.9140815734863281,0.9074919819831848,0.9074920137273779,3.174419305196352e-08,0.00012,0.9063550233840942,400,0
CS2_35,514,0.9146963357925415,0.9160558581352234,0.9160558770262497,1.8891026298817337e-08,0.00012,0.9140815734863281,400,0
CS2_35,515,0.9148759841918945,0.9125962853431702,0.9125963086409504,2.3297780260556067e-08,0.00012,0.9146963357925415,400,0
CS2_35,516,0.9052565097808838,0.9113509654998779,0.9113509906240902,2.5124212266192103e-08,0.00012,0.9148759841918945,400,0
CS2_35,517,0.8984545469284058,0.9036341309547424,0.9036341710604622,4.010571974522037e-08,0.00012,0.9052565097808838,400,0
CS2_35,518,0.8983882069587708,0.8995825052261353,0.899582556494405,5.126826974066745e-08,0.00012,0.8984545469284058,400,0
CS2_35,519,0.898034393787384,0.8996695876121521,0.8996696386105549,5.09984028340682e-08,0.00012,0.8983882069587708,400,0
CS2_35,520,0.8982338905334473,0.8995285630226135,0.899528614458765,5.143615144920233e-08,0.00012,0.898034393787384,400,0
CS2_35,521,0.9061464071273804,0.9001803994178772,0.9001804488616453,4.944376807980433e-08,0.00012,0.8982338905334473,400,0
CS2_35,522,0.9064674377441406,0.9074556231498718,0.9074556549640923,3.1814220480264055e-08,0.00012,0.9061464071273804,400,0
CS2_35,523,0.9051238298416138,0.9017064571380615,0.9017065022139589,4.5075897348034744e-08,0.00012,0.9064674377441406,400,0
CS2_35,524,0.8967711329460144,0.8999090194702148,0.8999090697339223,5.0263707418451986e-08,0.00012,0.9051238298416138,400,0
CS2_35,525,0.8892238736152649,0.8990940451622009,0.8990940979708865,5.280868553558804e-08,0.00012,0.8967711329460144,400,0
CS2_35,526,0.8966240882873535,0.8906128406524658,0.890612928947871,8.829540520949308e-08,0.00012,0.8892238736152649,400,0
CS2_35,527,0.8892220854759216,0.8986819386482239,0.8986819927924764,5.414425252592281e-08,0.00012,0.8966240882873535,400,0
CS2_35,528,0.888775646686554,0.8897110819816589,0.889711175236886,9.325522709602296e-08,0.00012,0.8892220854759216,400,0
CS2_35,529,0.8981384038925171,0.8906634449958801,0.8906635330209045,8.802502438065574e-08,0.00012,0.888775646686554,400,0
CS2_35,530,0.8984679579734802,0.9002720713615417,0.9002721205313682,4.91698264326601e-08,0.00012,0.8981384038925171,400,0
CS2_35,531,0.8958615660667419,0.895900547504425,0.8959006115901083,6.408568320459551e-08,0.00012,0.8984679579734802,400,0
CS2_35,532,0.888001561164856,0.8923311233520508,0.8923312029150957,7.956304493017541e-08,0.00012,0.8958615660667419,400,0
CS2_35,533,0.8888992071151733,0.8893972039222717,0.8893972989684655,9.504619380429347e-08,0.00012,0.888001561164856,400,0
CS2_35,534,0.888800323009491,0.8911557793617249,0.8911558647990182,8.543729335119821e-08,0.00012,0.8888992071151733,400,0
CS2_35,535,0.8882005214691162,0.8899633884429932,0.8899634802830739,9.1840080762573e-08,0.00012,0.888800323009491,400,0
CS2_35,536,0.8888139724731445,0.8891177773475647,0.889117874017067,9.666950229192395e-08,0.00012,0.8882005214691162,400,0
CS2_35,537,0.8961203098297119,0.8925840854644775,0.8925841638170412,7.835256365940069e-08,0.00012,0.8888139724731445,400,0
CS2_35,538,0.8961984515190125,0.8950590491294861,0.895059116568311,6.743882496884623e-08,0.00012,0.8961203098297119,400,0
CS2_35,539,0.8963603973388672,0.8929715156555176,0.892971592189746,7.653422839926094e-08,0.00012,0.8961984515190125,400,0
CS2_35,540,0.8963600397109985,0.8945663571357727,0.8945664266186958,6.948292308184278e-08,0.00012,0.8963603973388672,400,0
CS2_35,541,0.896224319934845,0.8966089487075806,0.8966090101000748,6.139249419945259e-08,0.00012,0.8963600397109985,400,0
CS2_35,542,0.896479606628418,0.8966675400733948,0.8966676012482714,6.117487660883825e-08,0.00012,0.896224319934845,400,0
CS2_35,543,0.8965879082679749,0.8969624638557434,0.8969625239468841,6.009114073002308e-08,0.00012,0.896479606628418,400,0
CS2_35,544,0.8965998291969299,0.8970035314559937,0.8970035913977568,5.994176310863963e-08,0.00012,0.8965879082679749,400,0
CS2_35,545,0.8965876698493958,0.8965602517127991,0.8965603132867506,6.157395149308797e-08,0.00012,0.8965998291969299,400,0
CS2_35,546,0.8966440558433533,0.8966465592384338,0.8966466204911478,6.125271401202781e-08,0.00012,0.8965876698493958,400,0
CS2_35,547,0.8967422842979431,0.8960273861885071,0.8960274497834401,6.359493298635499e-08,0.00012,0.8966440558433533,400,0
CS2_35,548,0.8964688181877136,0.8966739177703857,0.896673978921621,6.115123529770727e-08,0.00012,0.8967422842979431,400,0
CS2_35,549,0.8964741826057434,0.8962186574935913,0.8962187203555755,6.286198417360112e-08,0.00012,0.8964688181877136,400,0
CS2_35,550,0.8964430689811707,0.8968967795372009,0.8968968398680335,6.033083255196914e-08,0.00012,0.8964741826057434,400,0
CS2_35,551,0.8965010643005371,0.8962646722793579,0.8962647349662783,6.268692043231994e-08,0.00012,0.8964430689811707,400,0
CS2_35,552,0.879988968372345,0.8959357142448425,0.8959357781940844,6.394924190189499e-08,0.00012,0.8965010643005371,400,0
CS2_35,553,0.8791704773902893,0.8803989291191101,0.8803990930939519,1.6397484181585043e-07,0.00012,0.879988968372345,400,0
CS2_35,554,0.8797184824943542,0.8812129497528076,0.8812131058343267,1.560815190426723e-07,0.00012,0.8791704773902893,400,0
CS2_35,555,0.8873633742332458,0.8829370141029358,0.8829371546988165,1.4059588071546614e-07,0.00012,0.8797184824943542,400,0
CS2_35,556,0.8875856399536133,0.8889438509941101,0.8889439486879944,9.769388431557502e-08,0.00012,0.8873633742332458,400,0
CS2_35,557,0.8788700699806213,0.885613203048706,0.8856133225941293,1.1954542322722972e-07,0.00012,0.8875856399536133,400,0
CS2_35,558,0.8781692981719971,0.8778403997421265,0.8778405912206012,1.9147847474254576e-07,0.00012,0.8788700699806213,400,0
CS2_35,559,0.8779736161231995,0.8790039420127869,0.8790041204537282,1.7844094135632815e-07,0.00012,0.8781692981719971,400,0
CS2_35,560,0.878217339515686,0.8790404796600342,0.8790406577062726,1.780462384193271e-07,0.00012,0.8779736161231995,400,0
CS2_35,561,0.8779974579811096,0.8792956471443176,0.8792958224583062,1.7531398854853109e-07,0.00012,0.878217339515686,400,0
CS2_35,562,0.8790284991264343,0.8789263367652893,0.8789265160474774,1.7928218809526442e-07,0.00012,0.8779974579811096,400,0
CS2_35,563,0.880122721195221,0.8811138272285461,0.8811139842505353,1.570219891888769e-07,0.00012,0.8790284991264343,400,0
CS2_35,564,0.8801037669181824,0.8801113367080688,0.8801115035660195,1.6685795067861164e-07,0.00012,0.880122721195221,400,0
CS2_35,565,0.8708941340446472,0.8792874217033386,0.879287597104745,1.7540140639926705e-07,0.00012,0.8801037669181824,400,0
CS2_35,566,0.869994044303894,0.8707432746887207,0.8707435690783589,2.9438963822236985e-07,0.00012,0.8708941340446472,400,0
CS2_35,567,0.8703633546829224,0.8706991076469421,0.8706994028256554,2.9517871324991063e-07,0.00012,0.869994044303894,400,0
CS2_35,568,0.8701878786087036,0.8721446990966797,0.8721449695148061,2.7041812644679197e-07,0.00012,0.8703633546829224,400,0
CS2_35,569,0.8697258830070496,0.8708086609840393,0.8708089542093771,2.9322533778852744e-07,0.00012,0.8701878786087036,400,0
CS2_35,570,0.8709462285041809,0.8703755736351013,0.8703758746588324,3.010237310530073e-07,0.00012,0.8697258830070496,400,0
CS2_35,571,0.8709557056427002,0.8729032874107361,0.872903545677838,2.5826710192689006e-07,0.00012,0.8709462285041809,400,0
CS2_35,572,0.8776896595954895,0.8697574138641357,0.8697577263794054,3.1251526966258325e-07,0.00012,0.8709557056427002,400,0
CS2_35,573,0.8617314100265503,0.8772522807121277,0.8772524791386719,1.984265441956623e-07,0.00012,0.8776896595954895,400,0
CS2_35,574,0.8612304925918579,0.8614101409912109,0.8614106592883247,5.182971137829284e-07,0.00012,0.8617314100265503,400,0
CS2_35,575,0.8612645864486694,0.8627222180366516,0.8627226967149858,4.786783341925727e-07,0.00012,0.8612304925918579,400,0
CS2_35,576,0.860697329044342,0.8629106879234314,0.8629111611652104,4.7324177898655506e-07,0.00012,0.8612645864486694,400,0
CS2_35,577,0.8602808713912964,0.862383246421814,0.8623837350356958,4.886138817994379e-07,0.00012,0.860697329044342,400,0
CS2_35,578,0.8692612051963806,0.8609297871589661,0.8609303207667116,5.336077455453392e-07,0.00012,0.8602808713912964,400,0
CS2_35,579,0.8701032996177673,0.8704602122306824,0.8704605117142321,2.994835497371895e-07,0.00012,0.8692612051963806,400,0
CS2_35,580,0.8704363703727722,0.8674896359443665,0.8674899945037953,3.585594288146865e-07,0.00012,0.8701032996177673,400,0
CS2_35,581,0.8605597615242004,0.8674847483634949,0.8674851070291508,3.5866565595288336e-07,0.00012,0.8704363703727722,400,0
CS2_35,582,0.8610947728157043,0.8585023880004883,0.8585030061782835,6.181777951752565e-07,0.00012,0.8605597615242004,400,0
CS2_35,583,0.8615961670875549,0.862309992313385,0.8623104831013606,4.907879755933209e-07,0.00012,0.8610947728157043,400,0
CS2_35,584,0.8614760637283325,0.8625645637512207,0.8625650470251532,4.832739325388857e-07,0.00012,0.8615961670875549,400,0
CS2_35,585,0.8689585328102112,0.8626415729522705,0.8626420539759104,4.810236399199752e-07,0.00012,0.8614760637283325,400,0
CS2_35,586,0.8702070713043213,0.8733074069023132,0.8733076589207477,2.520184344545484e-07,0.00012,0.8689585328102112,400,0
CS2_35,587,0.8706948757171631,0.8673409819602966,0.8673413437647021,3.618044054354286e-07,0.00012,0.8702070713043213,400,0
CS2_35,588,0.8708361387252808,0.8664911389350891,0.8664915198627106,3.8092762144614767e-07,0.00012,0.8706948757171631,400,0
CS2_35,589,0.8708611726760864,0.8679556846618652,0.8679560332353402,3.4857347497307956e-07,0.00012,0.8708361387252808,400,0
CS2_35,590,0.8709606528282166,0.8689095973968506,0.8689099263897431,3.289928924843366e-07,0.00012,0.8708611726760864,400,0
CS2_35,591,0.8710032105445862,0.8701480627059937,0.8701483679091507,3.052031570804914e-07,0.00012,0.8709606528282166,400,0
CS2_35,592,0.8709043860435486,0.8712903261184692,0.8712906109077548,2.847892855983858e-07,0.00012,0.8710032105445862,400,0
CS2_35,593,0.8708347082138062,0.8713485598564148,0.8713488436423603,2.8378594552069814e-07,0.00012,0.8709043860435486,400,0
CS2_35,594,0.8707650899887085,0.8715325593948364,0.8715328400337262,2.806388897935719e-07,0.00012,0.8708347082138062,400,0
CS2_35,595,0.8707020878791809,0.8706496357917786,0.8706499318568526,2.9606507401247484e-07,0.00012,0.8707650899887085,400,0
CS2_35,596,0.8705803751945496,0.8696662187576294,0.8696665330049456,3.142473161688031e-07,0.00012,0.8707020878791809,400,0
CS2_35,597,0.8704184293746948,0.8698062896728516,0.8698066012637676,3.1159091606891565e-07,0.00012,0.8705803751945496,400,0
CS2_35,598,0.870235025882721,0.8697168827056885,0.8697171959895749,3.1328388638840465e-07,0.00012,0.8704184293746948,400,0
CS2_35,599,0.8699430823326111,0.8699095845222473,0.8699098941686056,3.0964635833186094e-07,0.00012,0.870235025882721,400,0
CS2_35,600,0.8706964254379272,0.8686429262161255,0.8686432605693648,3.343532393174087e-07,0.00012,0.8699430823326111,400,0
CS2_35,601,0.8693876266479492,0.8658828735351562,0.8658832687675605,3.9523240424887973e-07,0.00012,0.8706964254379272,400,0
CS2_35,602,0.8617895245552063,0.86756831407547,0.8675686709292242,3.568537542131267e-07,0.00012,0.8693876266479492,400,0
CS2_35,603,0.8705769777297974,0.8619528412818909,0.861953342809034,5.015271431485502e-07,0.00012,0.8617895245552063,400,0
CS2_35,604,0.8704978823661804,0.8732169270515442,0.8732171804557499,2.5340420573005673e-07,0.00012,0.8705769777297974,400,0
CS2_35,605,0.8618109226226807,0.8679827451705933,0.8679830931728655,3.4800227222131497e-07,0.00012,0.8704978823661804,400,0
CS2_35,606,0.8526520729064941,0.8569501638412476,0.856950842996875,6.791556274032828e-07,0.00012,0.8618109226226807,400,0
CS2_35,607,0.8526912927627563,0.8516741394996643,0.8516750745584064,9.350587421019796e-07,0.00012,0.8526520729064941,400,0
CS2_35,608,0.8527118563652039,0.8532842993736267,0.8532851474951288,8.481215021394206e-07,0.00012,0.8526912927627563,400,0
CS2_35,609,0.8527074456214905,0.8525708317756653,0.8525717173747667,8.855991013856368e-07,0.00012,0.8527118563652039,400,0
CS2_35,610,0.8525214791297913,0.8517749905586243,0.8517759199195448,9.293609205540676e-07,0.00012,0.8527074456214905,400,0
CS2_35,611,0.8619548082351685,0.8519137501716614,0.8519146717497315,9.215780700788656e-07,0.00012,0.8525214791297913,400,0
CS2_35,612,0.8686938881874084,0.8625582456588745,0.8625587291178951,4.834590205948786e-07,0.00012,0.8619548082351685,400,0
CS2_35,613,0.8607469797134399,0.8610115647315979,0.8610120957012108,5.309696129440766e-07,0.00012,0.8686938881874084,400,0
CS2_35,614,0.8522859215736389,0.8515926003456116,0.8515935400366325,9.396910208847586e-07,0.00012,0.8607469797134399,400,0
CS2_35,615,0.8517866730690002,0.8501945734024048,0.850195596182749,1.0227803441953398e-06,0.00012,0.8522859215736389,400,0
CS2_35,616,0.852232038974762,0.852658748626709,0.852659629519627,8.808929180537106e-07,0.00012,0.8517866730690002,400,0
CS2_35,617,0.851585865020752,0.8546861410140991,0.854686920055201,7.790411018504528e-07,0.00012,0.852232038974762,400,0
CS2_35,618,0.8512696027755737,0.8524494171142578,0.8524503092540437,8.921397859351643e-07,0.00012,0.851585865020752,400,0
CS2_35,619,0.8602295517921448,0.8522738814353943,0.8522747831168974,9.016815031293035e-07,0.00012,0.8512696027755737,400,0
CS2_35,620,0.860758900642395,0.859588086605072,0.8595886654161854,5.788111133719909e-07,0.00012,0.8602295517921448,400,0
CS2_35,621,0.8600875735282898,0.8557531833648682,0.8557539136204415,7.30255573344607e-07,0.00012,0.860758900642395,400,0
CS2_35,622,0.8435493111610413,0.8559807538986206,0.8559814741515346,7.202529139771485e-07,0.00012,0.8600875735282898,400,0
CS2_35,623,0.8422452807426453,0.840530514717102,0.8405323518851343,1.8371680322593065e-06,0.00012,0.8435493111610413,400,0
CS2_35,624,0.8704637289047241,0.842831552028656,0.8428331500536153,1.5980249592484341e-06,0.00012,0.8422452807426453,400,0
CS2_35,625,0.8598846197128296,0.867590606212616,0.8675909625845725,3.5637195650028985e-07,0.00012,0.8704637289047241,400,0
CS2_35,626,0.8333051800727844,0.8511037230491638,0.8511046909987903,9.679496264514142e-07,0.00012,0.8598846197128296,400,0
CS2_35,627,0.8159950375556946,0.8299968242645264,0.830000302867452,3.4786029255995388e-06,0.00012,0.8333051800727844,400,0
CS2_35,628,0.8323062658309937,0.8167596459388733,0.8167674051757358,7.759236862470154e-06,0.00012,0.8159950375556946,400,0
CS2_35,629,0.8323560953140259,0.835539698600769,0.8355421846603939,2.4860596248288402e-06,0.00012,0.8323062658309937,400,0
CS2_35,630,0.8253019452095032,0.8278910517692566,0.8278950038939468,3.952124690176362e-06,0.00012,0.8323560953140259,400,0
CS2_35,631,0.8058538436889648,0.8181057572364807,0.8181129085888689,7.151352388157228e-06,0.00012,0.8253019452095032,400,0
CS2_35,632,0.7884500622749329,0.8021426796913147,0.802161496691552,1.8817000237314474e-05,0.00012,0.8058538436889648,400,0
CS2_35,633,0.788066029548645,0.7894229888916016,0.7894636654139963,4.067652239470032e-05,0.00012,0.7884500622749329,400,0
CS2_35,634,0.7792850732803345,0.7897015810012817,0.7897415764917869,3.999549050515139e-05,0.00012,0.788066029548645,400,0
CS2_35,635,0.7792702317237854,0.7807748317718506,0.7808435340126045,6.870224075394837e-05,0.00012,0.7792850732803345,400,0
CS2_35,636,0.788524866104126,0.7805281281471252,0.7805978653233251,6.973717619984665e-05,0.00012,0.7792702317237854,400,0
CS2_35,637,0.7963775396347046,0.7893231511116028,0.7893640745045898,4.0923392987002316e-05,0.00012,0.788524866104126,400,0
CS2_35,638,0.7882017493247986,0.7901524901390076,0.7901914074390861,3.891730007854477e-05,0.00012,0.7963775396347046,400,0
CS2_35,639,0.7701175212860107,0.7775223255157471,0.7776059974331652,8.367191741809332e-05,0.00012,0.7882017493247986,400,0
CS2_35,640,0.7701022624969482,0.7666231989860535,0.7667307695795443,0.00010757059349086884,0.00012,0.7701175212860107,400,0
CS2_35,641,0.7609089016914368,0.7724867463111877,0.7726002789117087,0.00011353260052093805,0.00012,0.7701022624969482,400,0
CS2_35,642,0.7609134912490845,0.7620772123336792,0.7621588779428703,8.1665609191095e-05,0.00012,0.7609089016914368,400,0
CS2_35,643,0.7517404556274414,0.7621200084686279,0.7622018861692624,8.187770063450284e-05,0.00012,0.7609134912490845,400,0
CS2_35,644,0.7691311240196228,0.7511191964149475,0.7511612317592842,4.2035344336666114e-05,0.00012,0.7517404556274414,400,0
CS2_35,645,0.7701674699783325,0.7720609307289124,0.7721774313995955,0.00011650067068313952,0.00012,0.7691311240196228,400,0
CS2_35,646,0.7701848745346069,0.7679458260536194,0.7680623744413262,0.0001165483877068052,0.00012,0.7701674699783325,400,0
CS2_35,647,0.7517701983451843,0.7640566229820251,0.7641486974104713,9.207442844616498e-05,0.00012,0.7701848745346069,400,0
CS2_35,648,0.7425652742385864,0.7452452182769775,0.7452746629237809,2.9444646803322705e-05,0.00012,0.7517701983451843,400,0
CS2_35,649,0.7425782680511475,0.7422242164611816,0.7422487347936573,2.451833247563151e-05,0.00012,0.7425652742385864,400,0
CS2_35,650,0.7425476312637329,0.7439347505569458,0.7439619470990072,2.7196542061402873e-05,0.00012,0.7425782680511475,400,0
CS2_35,651,0.7425616979598999,0.7436084151268005,0.7436350790625208,2.6663935720261378e-05,0.00012,0.7425476312637329,400,0
CS2_35,652,0.7425751090049744,0.7433768510818481,0.7434031434245753,2.6292342727107787e-05,0.00012,0.7425616979598999,400,0
CS2_35,653,0.7333804368972778,0.7429736256599426,0.7429992832603877,2.5657600445039286e-05,0.00012,0.7425751090049744,400,0
CS2_35,654,0.733375608921051,0.7330546975135803,0.7330687625591376,1.4065045557232203e-05,0.00012,0.7333804368972778,400,0
CS2_35,655,0.7333672046661377,0.7341588735580444,0.7341739120409269,1.5038482882423487e-05,0.00012,0.733375608921051,400,0
CS2_35,656,0.7242229580879211,0.7336369156837463,0.7336514858878805,1.457020413420107e-05,0.00012,0.7333672046661377,400,0
CS2_35,657,0.7242051959037781,0.7235820889472961,0.7235900105630324,7.9216157362616e-06,0.00012,0.7242229580879211,400,0
CS2_35,658,0.733406126499176,0.7240486741065979,0.7240568229261829,8.14881958499658e-06,0.00012,0.7242051959037781,400,0
CS2_35,659,0.7426056861877441,0.7335300445556641,0.7335445206929975,1.4476137333407912e-05,0.00012,0.733406126499176,400,0
CS2_35,660,0.7426148653030396,0.7417362332344055,0.7417600370612856,2.3803826880053336e-05,0.00012,0.7426056861877441,400,0
CS2_35,661,0.7421594262123108,0.7370966076850891,0.7371145768447059,1.7969159616826325e-05,0.00012,0.7426148653030396,400,0
CS2_35,662,0.7426373958587646,0.7382492423057556,0.7382685116138797,1.926930812412575e-05,0.00012,0.7421594262123108,400,0
CS2_35,663,0.7421063184738159,0.7406371831893921,0.7406594531178193,2.226992842724318e-05,0.00012,0.7426373958587646,400,0
CS2_35,664,0.7426434755325317,0.7416059970855713,0.7416296137660215,2.3616680450255778e-05,0.00012,0.7421063184738159,400,0
CS2_35,665,0.7426344752311707,0.7430846691131592,0.7431104999691931,2.5830856033914884e-05,0.00012,0.7426434755325317,400,0
CS2_35,666,0.7425243854522705,0.7425318956375122,0.7425568754581604,2.4979820648196593e-05,0.00012,0.7426344752311707,400,0
CS2_35,667,0.7426586151123047,0.7420101761817932,0.7420343785131095,2.4202331316280912e-05,0.00012,0.7425243854522705,400,0
CS2_35,668,0.7426360249519348,0.7416502237319946,0.7416739037995753,2.368006758068919e-05,0.00012,0.7426586151123047,400,0
CS2_35,669,0.7425554394721985,0.7413313388824463,0.7413545656946408,2.322681219446565e-05,0.00012,0.7426360249519348,400,0
CS2_35,670,0.7423319220542908,0.7414003610610962,0.7414236852383216,2.3324177225392262e-05,0.00012,0.7425554394721985,400,0
CS2_35,671,0.7420464754104614,0.7408429384231567,0.7408654877966275,2.2549373470792666e-05,0.00012,0.7423319220542908,400,0
CS2_35,672,0.7334742546081543,0.7404347658157349,0.7404567642118707,2.199839613581389e-05,0.00012,0.7420464754104614,400,0
CS2_35,673,0.7701589465141296,0.7327698469161987,0.7327836712313391,1.3824315140409382e-05,0.00012,0.7334742546081543,400,0
CS2_35,674,0.7609032988548279,0.7628399729728699,0.7629255024339511,8.552946108120185e-05,0.00012,0.7701589465141296,400,0
CS2_35,675,0.7426676154136658,0.7516735792160034,0.7517170508987101,4.347168270668611e-05,0.00012,0.7609032988548279,400,0
CS2_35,676,0.7426465749740601,0.7401428818702698,0.7401644945379984,2.1612667728598822e-05,0.00012,0.7426676154136658,400,0
CS2_35,677,0.7424494624137878,0.7428715229034424,0.742897022223707,2.549932026463253e-05,0.00012,0.7426465749740601,400,0
CS2_35,678,0.7420699596405029,0.742582380771637,0.7426074371402172,2.505636858018967e-05,0.00012,0.7424494624137878,400,0
CS2_35,679,0.7334772944450378,0.7424441576004028,0.7424690049444655,2.484734406271727e-05,0.00012,0.7420699596405029,400,0
CS2_35,680,0.7334932684898376,0.7332453727722168,0.733259601297285,1.4228525068160636e-05,0.00012,0.7334772944450378,400,0
CS2_35,681,0.7334957718849182,0.7321207523345947,0.7321340433721873,1.3291037592622068e-05,0.00012,0.7334932684898376,400,0
CS2_35,682,0.7243289947509766,0.7307993173599243,0.7308115854670053,1.2268107080992685e-05,0.00012,0.7334957718849182,400,0
CS2_35,683,0.7243311405181885,0.719145655632019,0.7191517096394967,6.054007477662715e-06,0.00012,0.7243289947509766,400,0
CS2_35,684,0.7242494821548462,0.721765398979187,0.7217724947061723,7.095726985317796e-06,0.00012,0.7243311405181885,400,0
CS2_35,685,0.72402423620224,0.7230371832847595,0.7230448475650053,7.664280245789357e-06,0.00012,0.7242494821548462,400,0
CS2_35,686,0.715090274810791,0.7229458689689636,0.7229534909506945,7.62198173087647e-06,0.00012,0.72402423620224,400,0
CS2_35,687,0.7150819897651672,0.7135255336761475,0.7135298400964116,4.3064202641662774e-06,0.00012,0.715090274810791,400,0
CS2_35,688,0.7239010334014893,0.7135035991668701,0.7135078998661369,4.300699266823749e-06,0.00012,0.7150819897651672,400,0
CS2_35,689,0.7243342995643616,0.7228876352310181,0.72289523035977,7.595128751924918e-06,0.00012,0.7239010334014893,400,0
CS2_35,690,0.7151250839233398,0.7208561897277832,0.7208629050323075,6.7153045243406595e-06,0.00012,0.7243342995643616,400,0
CS2_35,691,0.7059557437896729,0.7115042805671692,0.7115080904818882,3.8099147190440164e-06,0.00012,0.7151250839233398,400,0
CS2_35,692,0.7059344053268433,0.70609450340271,0.7060972482941412,2.7448914312611095e-06,0.00012,0.7059557437896729,400,0
CS2_35,693,0.7059285640716553,0.7066754102706909,0.7066782535213605,2.843250669570807e-06,0.00012,0.7059344053268433,400,0
CS2_35,694,0.6967819929122925,0.7068566679954529,0.7068595426523192,2.8746568663251537e-06,0.00012,0.7059285640716553,400,0
CS2_35,695,0.6967729330062866,0.6970555782318115,0.6970571653626404,1.5871308288728514e-06,0.00012,0.6967819929122925,400,0
CS2_35,696,0.6967518925666809,0.6967836618423462,0.6967852230319465,1.5611896002631909e-06,0.00012,0.6967729330062866,400,0
CS2_35,697,0.6967558860778809,0.6961588263511658,0.6961603295257741,1.5031746083415953e-06,0.00012,0.6967518925666809,400,0
CS2_35,698,0.6967881321907043,0.6958118081092834,0.6958132800001361,1.4718908526445418e-06,0.00012,0.6967558860778809,400,0
CS2_35,699,0.6967592239379883,0.6958223581314087,0.6958238309636825,1.4728322738077892e-06,0.00012,0.6967881321907043,400,0
CS2_35,700,0.6875823736190796,0.6950485706329346,0.6950499759894972,1.4053565626781506e-06,0.00012,0.6967592239379883,400,0
CS2_35,701,0.687570333480835,0.6866071820259094,0.6866080245877166,8.425618072127605e-07,0.00012,0.6875823736190796,400,0
CS2_35,702,0.6783817410469055,0.6869480609893799,0.6869489211390012,8.601496213067605e-07,0.00012,0.687570333480835,400,0
CS2_35,703,0.678402841091156,0.6774720549583435,0.6774725393060044,4.843476608673569e-07,0.00012,0.6783817410469055,400,0
CS2_35,704,0.678389310836792,0.6792330741882324,0.6792336130889706,5.389007381451094e-07,0.00012,0.678402841091156,400,0
CS2_35,705,0.6783862113952637,0.6788733005523682,0.6788738278298453,5.272774771247768e-07,0.00012,0.678389310836792,400,0
CS2_35,706,0.6783815622329712,0.6785317659378052,0.6785322824133113,5.164755061404236e-07,0.00012,0.6783862113952637,400,0
CS2_35,707,0.6784119009971619,0.6777330636978149,0.6777335557681521,4.920703371436019e-07,0.00012,0.6783815622329712,400,0
CS2_35,708,0.6692140698432922,0.678031861782074,0.6780323628444733,5.0106239934955e-07,0.00012,0.6784119009971619,400,0
CS2_35,709,0.6692155003547668,0.6681588292121887,0.6681591046508704,2.7543868164059404e-07,0.00012,0.6692140698432922,400,0
CS2_35,710,0.6692230701446533,0.6685848236083984,0.668585106250906,2.8264250750975606e-07,0.00012,0.6692155003547668,400,0
CS2_35,711,0.669230580329895,0.6693742871284485,0.6693745836230909,2.964946423933412e-07,0.00012,0.6692230701446533,400,0
CS2_35,712,0.6692155599594116,0.6693938374519348,0.6693941342980925,2.9684615765468436e-07,0.00012,0.669230580329895,400,0
CS2_35,713,0.6600659489631653,0.6694368720054626,0.6694371696268515,2.976213888672419e-07,0.00012,0.6692155599594116,400,0
CS2_35,714,0.6600411534309387,0.6600782871246338,0.6600784559112362,1.6878660236141485e-07,0.00012,0.6600659489631653,400,0
CS2_35,715,0.6600493788719177,0.6601865291595459,0.660186699057049,1.6989750306617424e-07,0.00012,0.6600411534309387,400,0
CS2_35,716,0.6600511074066162,0.6608430743217468,0.6608432511158769,1.7679413011340017e-07,0.00012,0.6600493788719177,400,0
CS2_35,717,0.6600366830825806,0.6602880358695984,0.6602882068155193,1.7094592086319693e-07,0.00012,0.6600511074066162,400,0
CS2_35,718,0.6966496706008911,0.6601508259773254,0.6601509955075969,1.695302714876945e-07,0.00012,0.6600366830825806,400,0
CS2_35,719,0.6783964037895203,0.692064106464386,0.6920652792882919,1.1728239058816925e-06,0.00012,0.6966496706008911,400,0
CS2_35,720,0.6692261695861816,0.6722499132156372,0.6722502661596772,3.529440399940853e-07,0.00012,0.6783964037895203,400,0
CS2_35,721,0.6692081093788147,0.6659970879554749,0.6659973295716493,2.4161617440121574e-07,0.00012,0.6692261695861816,400,0
CS2_35,722,0.6600509881973267,0.6685593724250793,0.668559654631948,2.8220686865143563e-07,0.00012,0.6692081093788147,400,0
CS2_35,723,0.6600347757339478,0.6603725552558899,0.6603727270797085,1.7182381861768903e-07,0.00012,0.6600509881973267,400,0
CS2_35,724,0.6600434184074402,0.6604169011116028,0.660417073397841,1.7228623816478716e-07,0.00012,0.6600347757339478,400,0
CS2_35,725,0.6600648164749146,0.6606550812721252,0.6606552560633796,1.7479125435926335e-07,0.00012,0.6600434184074402,400,0
CS2_35,726,0.6600675582885742,0.660285472869873,0.6602856437892424,1.709193693244515e-07,0.00012,0.6600648164749146,400,0
CS2_35,727,0.6600629091262817,0.6596563458442688,0.6596565103693471,1.6452507833886187e-07,0.00012,0.6600675582885742,400,0
CS2_35,728,0.6509026288986206,0.6576216220855713,0.657621767523068,1.4543749671247497e-07,0.00012,0.6600629091262817,400,0
CS2_35,729,0.6417155861854553,0.6483570337295532,0.6483571166810629,8.295150966119991e-08,0.00012,0.6509026288986206,400,0
CS2_35,730,0.6417005062103271,0.6405397057533264,0.6405397574027358,5.164940941604357e-08,0.00012,0.6417155861854553,400,0
CS2_35,731,0.6325370073318481,0.6413759589195251,0.6413760132541005,5.433457539449904e-08,0.00012,0.6417005062103271,400,0
CS2_35,732,0.6325213313102722,0.6322119832038879,0.6322120143836211,3.117973312871669e-08,0.00012,0.6325370073318481,400,0
CS2_35,733,0.6233725547790527,0.6325297951698303,0.6325298269559477,3.178611740484172e-08,0.00012,0.6325213313102722,400,0
CS2_35,734,0.6233439445495605,0.6234300136566162,0.6234300319680878,1.83114715612831e-08,0.00012,0.6233725547790527,400,0
CS2_35,735,0.6233635544776917,0.6233106255531311,0.6233106437325856,1.8179454497335712e-08,0.00012,0.6233439445495605,400,0
CS2_35,736,0.6233786344528198,0.6231064796447754,0.6231064976006907,1.795591531017493e-08,0.00012,0.6233635544776917,400,0
CS2_35,737,0.6233572959899902,0.6228026151657104,0.6228026327939754,1.7628264958879925e-08,0.00012,0.6233786344528198,400,0
CS2_35,738,0.6325147747993469,0.6221134662628174,0.6221134831699735,1.6907156119572164e-08,0.00012,0.6233572959899902,400,0
CS2_35,739,0.6233120560646057,0.6316690444946289,0.6316690746650776,3.017044869491059e-08,0.00012,0.6325147747993469,400,0
CS2_35,740,0.6141356229782104,0.6213535666465759,0.6213535827927391,1.614616318423856e-08,0.00012,0.6233120560646057,400,0
CS2_35,741,0.6141446232795715,0.6132988333702087,0.6132988432799357,9.909726927936902e-09,0.00012,0.6141356229782104,400,0
CS2_35,742,0.6141310930252075,0.6142594814300537,0.6142594919338621,1.0503808378636847e-08,0.00012,0.6141446232795715,400,0
CS2_35,743,0.6049631237983704,0.614410936832428,0.6144109474330959,1.0600667899041127e-08,0.00012,0.6141310930252075,400,0
CS2_35,744,0.6049773693084717,0.605247437953949,0.6052474440372863,6.0833372783619666e-09,0.00012,0.6049631237983704,400,0
CS2_35,745,0.6049814820289612,0.605423629283905,0.60542363543255,6.148644926540214e-09,0.00012,0.6049773693084717,400,0
CS2_35,746,0.6141688823699951,0.6054139137268066,0.6054139198718321,6.145025488457634e-09,0.00012,0.6049814820289612,400,0
CS2_35,747,0.6049734354019165,0.6142065525054932,0.6142065629756612,1.0470168065879193e-08,0.00012,0.6141688823699951,400,0
CS2_35,748,0.6049995422363281,0.6036763787269592,0.6036763842577884,5.530829128019832e-09,0.00012,0.6049734354019165,400,0
CS2_35,749,0.5958137512207031,0.6040056943893433,0.6040057000316684,5.642325162646955e-09,0.00012,0.6049995422363281,400,0
CS2_35,750,0.5958086848258972,0.5949082374572754,0.5949082407081863,3.2509108738310033e-09,0.00012,0.5958137512207031,400,0
CS2_35,751,0.586632490158081,0.5958336591720581,0.5958336626105102,3.4384520786190365e-09,0.00012,0.5958086848258972,400,0
CS2_35,752,0.5866355299949646,0.5865669846534729,0.5865669866143752,1.9609023294009376e-09,0.00012,0.586632490158081,400,0
CS2_35,753,0.5866171717643738,0.5867462754249573,0.5867462774072831,1.9823258590179194e-09,0.00012,0.5866355299949646,400,0
CS2_35,754,0.5866400003433228,0.5867763161659241,0.5867763181518624,1.9859383026954447e-09,0.00012,0.5866171717643738,400,0
CS2_35,755,0.577461838722229,0.5867931842803955,0.5867931862683652,1.9879696777636013e-09,0.00012,0.5866400003433228,400,0
CS2_35,756,0.5774556994438171,0.5771230459213257,0.5771230470276519,1.1063262528310247e-09,0.00012,0.577461838722229,400,0
CS2_35,757,0.5774537324905396,0.5772026777267456,0.577202678838424,1.1116784159881377e-09,0.00012,0.5774556994438171,400,0
CS2_35,758,0.5958486795425415,0.5771316885948181,0.577131689701724,1.1069059002721815e-09,0.00012,0.5774537324905396,400,0
CS2_35,759,0.6050330996513367,0.5972824692726135,0.5972824730266365,3.7540229813615156e-09,0.00012,0.5958486795425415,400,0
CS2_35,760,0.6050376296043396,0.6051574349403381,0.6051574409905828,6.05024463862236e-09,0.00012,0.6050330996513367,400,0
CS2_35,761,0.6050310134887695,0.6038486957550049,0.6038487013438976,5.588892681984703e-09,0.00012,0.6050376296043396,400,0
CS2_35,762,0.6050361394882202,0.604243278503418,0.6042432842275749,5.724156926234514e-09,0.00012,0.6050310134887695,400,0
CS2_35,763,0.6050387024879456,0.605094313621521,0.6050943196486644,6.027143450992867e-09,0.00012,0.6050361394882202,400,0
CS2_35,764,0.6050573587417603,0.6055315732955933,0.6055315794845948,6.189001533485339e-09,0.00012,0.6050387024879456,400,0
CS2_35,765,0.6050480008125305,0.6057881712913513,0.6057881775773528,6.286001497102234e-09,0.00012,0.6050573587417603,400,0
CS2_35,766,0.6050602793693542,0.6058645248413086,0.6058645311564658,6.3151571749742175e-09,0.00012,0.6050480008125305,400,0
CS2_35,767,0.5958707332611084,0.6058459877967834,0.6058459941048498,6.3080664025605415e-09,0.00012,0.6050602793693542,400,0
CS2_35,768,0.5867153406143188,0.5930002927780151,0.5930002956739333,2.895918171930134e-09,0.00012,0.5958707332611084,400,0
CS2_35,769,0.5775386095046997,0.5859493613243103,0.5859493632131696,1.8888592911991964e-09,0.00012,0.5867153406143188,400,0
CS2_35,770,0.5683542490005493,0.5776165127754211,0.5776165139153341,1.1399129418165899e-09,0.00012,0.5775386095046997,400,0
CS2_35,771,0.5591785907745361,0.5676758885383606,0.5676758891624197,6.240591376993621e-10,0.00012,0.5683542490005493,400,0
CS2_35,772,0.5591953992843628,0.5580341815948486,0.558034181942743,3.478943799706258e-10,0.00012,0.5591785907745361,400,0
CS2_35,773,0.5500280261039734,0.5573805570602417,0.5573805573946243,3.3438263269403024e-10,0.00012,0.5591953992843628,400,0
CS2_35,774,0.5500355958938599,0.548392653465271,0.548392653659214,1.9394297279262673e-10,0.00012,0.5500280261039734,400,0
CS2_35,775,0.5500047206878662,0.5484057068824768,0.5484057070765733,1.940965166369324e-10,0.00012,0.5500355958938599,400,0
CS2_35,776,0.5500310659408569,0.5484274625778198,0.5484274627721724,1.9435253406641095e-10,0.00012,0.5500047206878662,400,0
CS2_35,777,0.5500169992446899,0.5483673214912415,0.548367321684887,1.9364554404432965e-10,0.00012,0.5500310659408569,400,0
CS2_35,778,0.5408768653869629,0.548054039478302,0.5480540396683053,1.9000334638974437e-10,0.00012,0.5500169992446899,400,0
CS2_35,779,0.5408724546432495,0.5388087630271912,0.5388087631356882,1.0849698917070327e-10,0.00012,0.5408768653869629,400,0
CS2_35,780,0.5408706665039062,0.5396314263343811,0.5396314264484248,1.1404366340173056e-10,0.00012,0.5408724546432495,400,0
CS2_35,781,0.5316896438598633,0.5395901203155518,0.5395901204293102,1.1375844710670435e-10,0.00012,0.5408706665039062,400,0
CS2_35,782,0.52252197265625,0.5303740501403809,0.530374050205455,6.507416827616908e-11,0.00012,0.5316896438598633,400,0
CS2_35,783,0.5225248336791992,0.5217331051826477,0.521733105221193,3.85452780804485e-11,0.00012,0.52252197265625,400,0
CS2_35,784,0.5317092537879944,0.5220301747322083,0.5220301747714539,3.9245606764382046e-11,0.00012,0.5225248336791992,400,0
CS2_35,785,0.5317183136940002,0.5311459302902222,0.5311459303584128,6.819067532859435e-11,0.00012,0.5317092537879944,400,0
CS2_35,786,0.5316848754882812,0.5306101441383362,0.5306101442043482,6.601197366506995e-11,0.00012,0.5317183136940002,400,0
CS2_35,787,0.5317137837409973,0.5302534103393555,0.5302534104039556,6.460010304465413e-11,0.00012,0.5316848754882812,400,0
CS2_35,788,0.5408921241760254,0.5302999019622803,0.5302999020270627,6.478240166529758e-11,0.00012,0.5317137837409973,400,0
CS2_35,789,0.5317133069038391,0.5408293604850769,0.5408293606077083,1.226313495195086e-10,0.00012,0.5408921241760254,400,0
CS2_35,790,0.5317109227180481,0.5309586524963379,0.530958652563759,6.74210687279242e-11,0.00012,0.5317133069038391,400,0
CS2_35,791,0.5225296020507812,0.5311517119407654,0.53115171200898,6.821465614592626e-11,0.00012,0.5317109227180481,400,0
CS2_35,792,0.5225386023521423,0.5223639011383057,0.5223639011783531,4.0047409832766334e-11,0.00012,0.5225296020507812,400,0
CS2_35,793,0.5225355625152588,0.5226768255233765,0.5226768255641906,4.081412985357247e-11,0.00012,0.5225386023521423,400,0
CS2_35,794,0.5133551359176636,0.5227210521697998,0.5227210522107235,4.092370886610297e-11,0.00012,0.5225355625152588,400,0
CS2_35,795,0.5041879415512085,0.5126941204071045,0.5126941204293918,2.2287283130140167e-11,0.00012,0.5133551359176636,400,0
CS2_35,796,0.4950309693813324,0.5035760402679443,0.5035760402807694,1.2825074335864883e-11,0.00012,0.5041879415512085,400,0
CS2_35,797,0.4950234293937683,0.49463438987731934,0.4946343898847788,7.459477480153964e-12,0.00012,0.4950309693813324,400,0
CS2_35,798,0.4950120449066162,0.4947744905948639,0.494774490602387,7.523093259464986e-12,0.00012,0.4950234293937683,400,0
CS2_35,799,0.49501296877861023,0.49434295296669006,0.4943429529740189,7.328859741306815e-12,0.00012,0.4950120449066162,400,0
CS2_35,800,0.49505484104156494,0.49410271644592285,0.4941027164531458,7.222944464757575e-12,0.00012,0.49501296877861023,400,0
CS2_35,801,0.4858916103839874,0.49438175559043884,0.494381755597785,7.346179220490967e-12,0.00012,0.49505484104156494,400,0
CS2_35,802,0.48588576912879944,0.4850246012210846,0.48502460122525115,4.16655598911575e-12,0.00012,0.4858916103839874,400,0
CS2_35,803,0.4950486421585083,0.48522305488586426,0.4852230548900811,4.2168490921312696e-12,0.00012,0.48588576912879944,400,0
CS2_35,804,0.46754753589630127,0.4928297698497772,0.4928297698564639,6.686651232712393e-12,0.00012,0.4950486421585083,400,0
CS2_35,805,0.4583934545516968,0.46546995639801025,0.46546995639928396,1.2737033650012108e-12,0.00012,0.46754753589630127,400,0
CS2_35,806,0.44921228289604187,0.45691588521003723,0.4569158852107957,7.584488592726757e-13,0.00012,0.4583934545516968,400,0
CS2_35,807,0.4308806359767914,0.44825515151023865,0.4482551515106873,4.4864112425102576e-13,0.00012,0.44921228289604187,400,0
CS2_35,808,0.42169079184532166,0.4297231435775757,0.4297231435777216,1.4593881658697683e-13,0.00012,0.4308806359767914,400,0
CS2_35,809,0.42170006036758423,0.42079851031303406,0.42079851031311905,8.498757253505573e-14,0.00012,0.42169079184532166,400,0
CS2_35,810,0.4033692479133606,0.42078933119773865,0.4207893311978236,8.493206138382448e-14,0.00012,0.42170006036758423,400,0
CS2_35,811,0.3941834568977356,0.402216374874115,0.4022163748741425,2.7533531010703882e-14,0.00012,0.4033692479133606,400,0
CS2_35,812,0.3941834568977356,0.3931563198566437,0.3931563198566596,1.5931700403370996e-14,0.00012,0.3941834568977356,400,0
CS2_35,813,0.39419999718666077,0.39319944381713867,0.3931994438171546,1.5931700403370996e-14,0.00012,0.3941834568977356,400,0
CS2_35,814,0.39419102668762207,0.3931373953819275,0.39313739538194337,1.587618925213974e-14,0.00012,0.39419999718666077,400,0
CS2_35,815,0.3941832482814789,0.39316123723983765,0.3931612372398536,1.5931700403370996e-14,0.00012,0.39419102668762207,400,0
CS2_35,816,0.39418652653694153,0.39307907223701477,0.3930790722370306,1.582067810090848e-14,0.00012,0.3941832482814789,400,0
CS2_35,817,0.38503360748291016,0.3930334746837616,0.3930334746837774,1.582067810090848e-14,0.00012,0.39418652653694153,400,0
CS2_35,818,0.375866174697876,0.383871465921402,0.383871465921411,9.048317650695026e-15,0.00012,0.38503360748291016,400,0
CS2_35,819,0.37586620450019836,0.37482067942619324,0.3748206794261985,5.2735593669694936e-15,0.00012,0.375866174697876,400,0
CS2_35,820,0.36667561531066895,0.37483322620391846,0.3748332262039237,5.218048215738236e-15,0.00012,0.37586620450019836,400,0
CS2_35,821,0.25667718052864075,0.36598512530326843,0.3659851253032715,3.0531133177191805e-15,0.00012,0.36667561531066895,400,0
CS2_35,822,0.35751721262931824,0.2578553259372711,0.2578553259372711,0.0,0.00012,0.25667718052864075,400,0
CS2_35,823,0.3575413227081299,0.3563099503517151,0.3563099503517168,1.7208456881689926e-15,0.00012,0.35751721262931824,400,0
CS2_35,824,0.35755184292793274,0.355304092168808,0.3553040921688096,1.609823385706477e-15,0.00012,0.3575413227081299,400,0
CS2_35,825,0.3483830690383911,0.3558039367198944,0.355803936719896,1.609823385706477e-15,0.00012,0.35755184292793274,400,0
CS2_35,826,0.339208722114563,0.3456493020057678,0.34564930200576877,9.43689570931383e-16,0.00012,0.3483830690383911,400,0
CS2_35,827,0.3483751714229584,0.3370222747325897,0.3370222747325903,5.551115123125783e-16,0.00012,0.339208722114563,400,0
CS2_35,828,0.348375141620636,0.34606248140335083,0.3460624814033518,9.43689570931383e-16,0.00012,0.3483751714229584,400,0
CS2_35,829,0.3575579822063446,0.3470812439918518,0.3470812439918528,9.992007221626409e-16,0.00012,0.348375141620636,400,0
CS2_35,830,0.35754141211509705,0.35619300603866577,0.35619300603866744,1.6653345369377348e-15,0.00012,0.3575579822063446,400,0
CS2_35,831,0.3483749330043793,0.35630184412002563,0.3563018441200273,1.6653345369377348e-15,0.00012,0.35754141211509705,400,0
CS2_35,832,0.3392181694507599,0.34815713763237,0.348157137632371,9.992007221626409e-16,0.00012,0.3483749330043793,400,0
CS2_35,833,0.33002451062202454,0.3378276228904724,0.3378276228904729,4.996003610813204e-16,0.00012,0.3392181694507599,400,0
CS2_35,834,0.3300274610519409,0.3298218250274658,0.3298218250274662,3.885780586188048e-16,0.00012,0.33002451062202454,400,0
CS2_35,835,0.32085996866226196,0.3297593593597412,0.32975935935974154,3.3306690738754696e-16,0.00012,0.3300274610519409,400,0
CS2_35,836,0.3208630383014679,0.3194628357887268,0.319462835788727,1.6653345369377348e-16,0.00012,0.32085996866226196,400,0
CS2_35,837,0.3116953372955322,0.31942638754844666,0.3194263875484468,1.6653345369377348e-16,0.00012,0.3208630383014679,400,0
CS2_35,838,0.31169232726097107,0.3111499547958374,0.3111499547958375,1.1102230246251565e-16,0.00012,0.3116953372955322,400,0
CS2_35,839,0.31170135736465454,0.31125667691230774,0.31125667691230785,1.1102230246251565e-16,0.00012,0.31169232726097107,400,0
CS2_35,840,0.302523672580719,0.3113090991973877,0.3113090991973878,1.1102230246251565e-16,0.00012,0.31170135736465454,400,0
CS2_35,841,0.3116953670978546,0.30258020758628845,0.3025802075862885,5.551115123125783e-17,0.00012,0.302523672580719,400,0
CS2_35,842,0.31170740723609924,0.31123560667037964,0.3112356066703798,1.6653345369377348e-16,0.00012,0.3116953670978546,400,0
CS2_35,843,0.3116874098777771,0.3112027645111084,0.31120276451110856,1.6653345369377348e-16,0.00012,0.31170740723609924,400,0
CS2_35,844,0.302521675825119,0.3111755847930908,0.31117558479309093,1.1102230246251565e-16,0.00012,0.3116874098777771,400,0
CS2_35,845,0.302529901266098,0.3022887408733368,0.30228874087333685,5.551115123125783e-17,0.00012,0.302521675825119,400,0
CS2_35,846,0.3025303781032562,0.3027363121509552,0.30273631215095526,5.551115123125783e-17,0.00012,0.302529901266098,400,0
CS2_35,847,0.293367475271225,0.30284321308135986,0.3028432130813599,5.551115123125783e-17,0.00012,0.3025303781032562,400,0
CS2_35,848,0.46754753589630127,0.29270121455192566,0.2927012145519257,5.551115123125783e-17,0.00012,0.293367475271225,400,0
CS2_35,849,0.4583934545516968,0.4649752080440521,0.4649752080452882,1.236066804466418e-12,0.00012,0.46754753589630127,400,0
CS2_35,850,0.44921228289604187,0.454853892326355,0.4548538923270244,6.694089726977381e-13,0.00012,0.4583934545516968,400,0
CS2_35,851,0.4308806359767914,0.4461297392845154,0.44612973928490984,3.944622406493181e-13,0.00012,0.44921228289604187,400,0
CS2_35,852,0.42169079184532166,0.4280174672603607,0.4280174672604923,1.3156142841808105e-13,0.00012,0.4308806359767914,400,0
CS2_35,853,0.42170006036758423,0.4198281764984131,0.4198281764984932,8.010259122670504e-14,0.00012,0.42169079184532166,400,0
CS2_35,854,0.412529319524765,0.41993916034698486,0.4199391603470656,8.071321389024888e-14,0.00012,0.42170006036758423,400,0
CS2_35,855,0.40335413813591003,0.41153469681739807,0.4115346968174466,4.851674617611934e-14,0.00012,0.412529319524765,400,0
CS2_35,856,0.4033692479133606,0.402071475982666,0.40207147598269327,2.7255975254547593e-14,0.00012,0.40335413813591003,400,0
CS2_35,857,0.3941834568977356,0.40212586522102356,0.402125865221051,2.7422508708241367e-14,0.00012,0.4033692479133606,400,0
CS2_35,858,0.3941834568977356,0.39376121759414673,0.3937612175941632,1.6486811915683575e-14,0.00012,0.3941834568977356,400,0
CS2_35,859,0.39419999718666077,0.393599271774292,0.3935992717743083,1.63202784619898e-14,0.00012,0.3941834568977356,400,0
CS2_35,860,0.39419102668762207,0.39341291785240173,0.3934129178524179,1.6153745008296028e-14,0.00012,0.39419999718666077,400,0
CS2_35,861,0.3941832482814789,0.39329826831817627,0.3932982683181923,1.6042722705833512e-14,0.00012,0.39419102668762207,400,0
CS2_35,862,0.39418652653694153,0.3931836783885956,0.3931836783886115,1.5931700403370996e-14,0.00012,0.3941832482814789,400,0
CS2_35,863,0.38503360748291016,0.39310145378112793,0.3931014537811438,1.587618925213974e-14,0.00012,0.39418652653694153,400,0
CS2_35,864,0.375866174697876,0.38292065262794495,0.3829206526279535,8.548717289613705e-15,0.00012,0.38503360748291016,400,0
CS2_35,865,0.37586620450019836,0.3744879364967346,0.3744879364967397,5.10702591327572e-15,0.00012,0.375866174697876,400,0
CS2_35,866,0.36667561531066895,0.3744392693042755,0.3744392693042807,5.162537064506978e-15,0.00012,0.37586620450019836,400,0
CS2_35,867,0.25667718052864075,0.3644498884677887,0.3644498884677915,2.831068712794149e-15,0.00012,0.36667561531066895,400,0
CS2_35,868,0.35751721262931824,0.25779634714126587,0.25779634714126587,0.0,0.00012,0.25667718052864075,400,0
CS2_35,869,0.3575413227081299,0.3570995032787323,0.3570995032787341,1.7763568394002505e-15,0.00012,0.35751721262931824,400,0
CS2_35,870,0.35755184292793274,0.3570749759674072,0.357074975967409,1.7763568394002505e-15,0.00012,0.3575413227081299,400,0
CS2_35,871,0.3483830690383911,0.3569762408733368,0.35697624087333857,1.7763568394002505e-15,0.00012,0.35755184292793274,400,0
CS2_35,872,0.339208722114563,0.348477840423584,0.34847784042358504,1.0547118733938987e-15,0.00012,0.3483830690383911,400,0
CS2_35,873,0.3483751714229584,0.3375873267650604,0.3375873267650609,4.996003610813204e-16,0.00012,0.339208722114563,400,0
CS2_35,874,0.348375141620636,0.34603819251060486,0.34603819251060575,8.881784197001252e-16,0.00012,0.3483751714229584,400,0
CS2_35,875,0.3575579822063446,0.34573793411254883,0.34573793411254977,9.43689570931383e-16,0.00012,0.348375141620636,400,0
CS2_35,876,0.35754141211509705,0.3557285666465759,0.3557285666465776,1.6653345369377348e-15,0.00012,0.3575579822063446,400,0
CS2_35,877,0.3483749330043793,0.3558802306652069,0.3558802306652086,1.6653345369377348e-15,0.00012,0.35754141211509705,400,0
CS2_35,878,0.3392181694507599,0.347290962934494,0.34729096293449496,9.43689570931383e-16,0.00012,0.3483749330043793,400,0
CS2_35,879,0.33002451062202454,0.3376389443874359,0.33763894438743647,5.551115123125783e-16,0.00012,0.3392181694507599,400,0
CS2_35,880,0.3300274610519409,0.32960399985313416,0.32960399985313454,3.885780586188048e-16,0.00012,0.33002451062202454,400,0
CS2_35,881,0.32085996866226196,0.3296884000301361,0.3296884000301365,3.885780586188048e-16,0.00012,0.3300274610519409,400,0
CS2_35,882,0.3208630383014679,0.31942957639694214,0.3194295763969423,1.6653345369377348e-16,0.00012,0.32085996866226196,400,0
