battery,cycle,true_ah,raw_pred_ah,pred_ah,eecc_delta_ah,eecc_beta_soh,persistence_ah,start_point,eol_phase_delta
CY25-1,200,2.219576358795166,2.2199108600616455,2.2199108600616455,0.0,0.0,2.2209205627441406,200,0
CY25-1,201,2.2186903953552246,2.2185680866241455,2.2185680866241455,0.0,0.0,2.219576358795166,200,0
CY25-1,202,2.217641830444336,2.2176835536956787,2.2176835536956787,0.0,0.0,2.2186903953552246,200,0
CY25-1,203,2.2164459228515625,2.2166361808776855,2.2166361808776855,0.0,0.0,2.217641830444336,200,0
CY25-1,204,2.2157788276672363,2.2154386043548584,2.2154386043548584,0.0,0.0,2.2164459228515625,200,0
CY25-1,205,2.2151660919189453,2.2147719860076904,2.2147719860076904,0.0,0.0,2.2157788276672363,200,0
CY25-1,206,2.2144603729248047,2.2141597270965576,2.2141597270965576,0.0,0.0,2.2151660919189453,200,0
CY25-1,207,2.2135164737701416,2.2134552001953125,2.2134552001953125,0.0,0.0,2.2144603729248047,200,0
CY25-1,208,2.21285080909729,2.2125120162963867,2.2125120162963867,0.0,0.0,2.2135164737701416,200,0
CY25-1,209,2.210472583770752,2.2118465900421143,2.2118465900421143,0.0,0.0,2.21285080909729,200,0
CY25-1,210,2.209547996520996,2.2094693183898926,2.2094693183898926,0.0,0.0,2.210472583770752,200,0
CY25-1,211,2.2075788974761963,2.208545207977295,2.208545207977295,0.0,0.0,2.209547996520996,200,0
CY25-1,212,2.207019329071045,2.206578493118286,2.206578493118286,0.0,0.0,2.2075788974761963,200,0
CY25-1,213,2.2062010765075684,2.206019639968872,2.206019639968872,0.0,0.0,2.207019329071045,200,0
CY25-1,214,2.2049450874328613,2.205202341079712,2.205202341079712,0.0,0.0,2.2062010765075684,200,0
CY25-1,215,2.2044246196746826,2.2039477825164795,2.2039477825164795,0.0,0.0,2.2049450874328613,200,0
CY25-1,216,2.202719211578369,2.2034287452697754,2.2034287452697754,0.0,0.0,2.2044246196746826,200,0
CY25-1,217,2.2024552822113037,2.201724052429199,2.201724052429199,0.0,0.0,2.202719211578369,200,0
CY25-1,218,2.2006170749664307,2.201460361480713,2.201460361480713,0.0,0.0,2.2024552822113037,200,0
CY25-1,219,2.2004189491271973,2.1996243000030518,2.1996243000030518,0.0,0.0,2.2006170749664307,200,0
CY25-1,220,2.198770761489868,2.1994271278381348,2.1994271278381348,0.0,0.0,2.2004189491271973,200,0
CY25-1,221,2.198390007019043,2.197780132293701,2.197780132293701,0.0,0.0,2.198770761489868,200,0
CY25-1,222,2.1976735591888428,2.1974008083343506,2.1974008083343506,0.0,0.0,2.198390007019043,200,0
CY25-1,223,2.196596622467041,2.1966848373413086,2.1966848373413086,0.0,0.0,2.1976735591888428,200,0
CY25-1,224,2.195307493209839,2.1956090927124023,2.1956090927124023,0.0,0.0,2.196596622467041,200,0
CY25-1,225,2.194678544998169,2.194321632385254,2.194321632385254,0.0,0.0,2.195307493209839,200,0
CY25-1,226,2.1938347816467285,2.193695068359375,2.193695068359375,0.0,0.0,2.194678544998169,200,0
CY25-1,227,2.1932239532470703,2.192852258682251,2.192852258682251,0.0,0.0,2.1938347816467285,200,0
CY25-1,228,2.192033290863037,2.192241907119751,2.192241907119751,0.0,0.0,2.1932239532470703,200,0
CY25-1,229,2.1903481483459473,2.1910529136657715,2.1910529136657715,0.0,0.0,2.192033290863037,200,0
CY25-1,230,2.190206289291382,2.189368963241577,2.189368963241577,0.0,0.0,2.1903481483459473,200,0
CY25-1,231,2.1886367797851562,2.189227819442749,2.189227819442749,0.0,0.0,2.190206289291382,200,0
CY25-1,232,2.187910795211792,2.1876606941223145,2.1876606941223145,0.0,0.0,2.1886367797851562,200,0
CY25-1,233,2.187462568283081,2.1869354248046875,2.1869354248046875,0.0,0.0,2.187910795211792,200,0
CY25-1,234,2.1867566108703613,2.186487913131714,2.186487913131714,0.0,0.0,2.187462568283081,200,0
CY25-1,235,2.1858725547790527,2.185781478881836,2.185781478881836,0.0,0.0,2.1867566108703613,200,0
CY25-1,236,2.1848747730255127,2.1849029064178467,2.1849029064178467,0.0,0.0,2.1858725547790527,200,0
CY25-1,237,2.1841983795166016,2.1839044094085693,2.1839044094085693,0.0,0.0,2.1848747730255127,200,0
CY25-1,238,2.1823816299438477,2.183230400085449,2.183230400085449,0.0,0.0,2.1841983795166016,200,0
CY25-1,239,2.181840419769287,2.18141508102417,2.18141508102417,0.0,0.0,2.1823816299438477,200,0
CY25-1,240,2.1817233562469482,2.180875539779663,2.180875539779663,0.0,0.0,2.181840419769287,200,0
CY25-1,241,2.179856300354004,2.180757999420166,2.180757999420166,0.0,0.0,2.1817233562469482,200,0
CY25-1,242,2.179170608520508,2.17889142036438,2.17889142036438,0.0,0.0,2.179856300354004,200,0
CY25-1,243,2.1783370971679688,2.1782071590423584,2.1782071590423584,0.0,0.0,2.179170608520508,200,0
CY25-1,244,2.1776111125946045,2.1773765087127686,2.1773765087127686,0.0,0.0,2.1783370971679688,200,0
CY25-1,245,2.1766207218170166,2.176651954650879,2.176651954650879,0.0,0.0,2.1776111125946045,200,0
CY25-1,246,2.176095485687256,2.175657272338867,2.175657272338867,0.0,0.0,2.1766207218170166,200,0
CY25-1,247,2.1748275756835938,2.1751317977905273,2.1751317977905273,0.0,0.0,2.176095485687256,200,0
CY25-1,248,2.173875093460083,2.1738650798797607,2.1738650798797607,0.0,0.0,2.1748275756835938,200,0
CY25-1,249,2.17356014251709,2.172914743423462,2.172914743423462,0.0,0.0,2.173875093460083,200,0
CY25-1,250,2.1719679832458496,2.1725997924804688,2.1725997924804688,0.0,0.0,2.17356014251709,200,0
CY25-1,251,2.171353340148926,2.1710097789764404,2.1710097789764404,0.0,0.0,2.1719679832458496,200,0
CY25-1,252,2.1702065467834473,2.1703953742980957,2.1703953742980957,0.0,0.0,2.171353340148926,200,0
CY25-1,253,2.1694488525390625,2.1692492961883545,2.1692492961883545,0.0,0.0,2.1702065467834473,200,0
CY25-1,254,2.169426918029785,2.168492555618286,2.168492555618286,0.0,0.0,2.1694488525390625,200,0
CY25-1,255,2.167961359024048,2.1684722900390625,2.1684722900390625,0.0,0.0,2.169426918029785,200,0
CY25-1,256,2.1668777465820312,2.167008876800537,2.167008876800537,0.0,0.0,2.167961359024048,200,0
CY25-1,257,2.1660993099212646,2.165924072265625,2.165924072265625,0.0,0.0,2.1668777465820312,200,0
CY25-1,258,2.1701500415802,2.1651458740234375,2.1651458740234375,0.0,0.0,2.1660993099212646,200,0
CY25-1,259,2.1666858196258545,2.1691932678222656,2.1691932678222656,0.0,0.0,2.1701500415802,200,0
CY25-1,260,2.164752960205078,2.165729284286499,2.165729284286499,0.0,0.0,2.1666858196258545,200,0
CY25-1,261,2.162921190261841,2.1637966632843018,2.1637966632843018,0.0,0.0,2.164752960205078,200,0
CY25-1,262,2.160099744796753,2.1619656085968018,2.1619656085968018,0.0,0.0,2.162921190261841,200,0
CY25-1,263,2.1591296195983887,2.159147024154663,2.159147024154663,0.0,0.0,2.160099744796753,200,0
CY25-1,264,2.157505750656128,2.1581780910491943,2.1581780910491943,0.0,0.0,2.1591296195983887,200,0
CY25-1,265,2.1575047969818115,2.1565544605255127,2.1565544605255127,0.0,0.0,2.157505750656128,200,0
CY25-1,266,2.1552488803863525,2.1565542221069336,2.1565542221069336,0.0,0.0,2.1575047969818115,200,0
CY25-1,267,2.1540608406066895,2.154301166534424,2.154301166534424,0.0,0.0,2.1552488803863525,200,0
CY25-1,268,2.152371644973755,2.153116226196289,2.153116226196289,0.0,0.0,2.1540608406066895,200,0
CY25-1,269,2.1521589756011963,2.1514291763305664,2.1514291763305664,0.0,0.0,2.152371644973755,200,0
CY25-1,270,2.1517488956451416,2.1512153148651123,2.1512153148651123,0.0,0.0,2.1521589756011963,200,0
CY25-1,271,2.1495919227600098,2.150805950164795,2.150805950164795,0.0,0.0,2.1517488956451416,200,0
CY25-1,272,2.1485202312469482,2.1486501693725586,2.1486501693725586,0.0,0.0,2.1495919227600098,200,0
CY25-1,273,2.1475563049316406,2.1475796699523926,2.1475796699523926,0.0,0.0,2.1485202312469482,200,0
CY25-1,274,2.147048234939575,2.1466166973114014,2.1466166973114014,0.0,0.0,2.1475563049316406,200,0
CY25-1,275,2.145677089691162,2.1461100578308105,2.1461100578308105,0.0,0.0,2.147048234939575,200,0
CY25-1,276,2.1455211639404297,2.144740343093872,2.144740343093872,0.0,0.0,2.145677089691162,200,0
CY25-1,277,2.143984317779541,2.1445858478546143,2.1445858478546143,0.0,0.0,2.1455211639404297,200,0
CY25-1,278,2.1435070037841797,2.1430509090423584,2.1430509090423584,0.0,0.0,2.143984317779541,200,0
CY25-1,279,2.14231014251709,2.1425743103027344,2.1425743103027344,0.0,0.0,2.1435070037841797,200,0
CY25-1,280,2.1408751010894775,2.14137864112854,2.14137864112854,0.0,0.0,2.14231014251709,200,0
CY25-1,281,2.1406617164611816,2.1399457454681396,2.1399457454681396,0.0,0.0,2.1408751010894775,200,0
CY25-1,282,2.1399292945861816,2.1397337913513184,2.1397337913513184,0.0,0.0,2.1406617164611816,200,0
CY25-1,283,2.13860821723938,2.139003276824951,2.139003276824951,0.0,0.0,2.1399292945861816,200,0
CY25-1,284,2.137214422225952,2.137683868408203,2.137683868408203,0.0,0.0,2.13860821723938,200,0
CY25-1,285,2.1365041732788086,2.136291742324829,2.136291742324829,0.0,0.0,2.137214422225952,200,0
CY25-1,286,2.1352221965789795,2.1355857849121094,2.1355857849121094,0.0,0.0,2.1365041732788086,200,0
CY25-1,287,2.1355175971984863,2.134312391281128,2.134312391281128,0.0,0.0,2.1352221965789795,200,0
CY25-1,288,2.132938861846924,2.1346099376678467,2.1346099376678467,0.0,0.0,2.1355175971984863,200,0
CY25-1,289,2.1323940753936768,2.1320338249206543,2.1320338249206543,0.0,0.0,2.132938861846924,200,0
CY25-1,290,2.131713390350342,2.131486415863037,2.131486415863037,0.0,0.0,2.1323940753936768,200,0
CY25-1,291,2.1311392784118652,2.130807399749756,2.130807399749756,0.0,0.0,2.131713390350342,200,0
CY25-1,292,2.130730152130127,2.130234718322754,2.130234718322754,0.0,0.0,2.1311392784118652,200,0
CY25-1,293,2.1283504962921143,2.129824638366699,2.129824638366699,0.0,0.0,2.130730152130127,200,0
CY25-1,294,2.128596067428589,2.127445697784424,2.127445697784424,0.0,0.0,2.1283504962921143,200,0
CY25-1,295,2.1284918785095215,2.127689838409424,2.127689838409424,0.0,0.0,2.128596067428589,200,0
CY25-1,296,2.126768112182617,2.1275861263275146,2.1275861263275146,0.0,0.0,2.1284918785095215,200,0
CY25-1,297,2.1249866485595703,2.1258630752563477,2.1258630752563477,0.0,0.0,2.126768112182617,200,0
CY25-1,298,2.124490737915039,2.124082565307617,2.124082565307617,0.0,0.0,2.1249866485595703,200,0
CY25-1,299,2.1236367225646973,2.123586654663086,2.123586654663086,0.0,0.0,2.124490737915039,200,0
CY25-1,300,2.1230432987213135,2.1227333545684814,2.1227333545684814,0.0,0.0,2.1236367225646973,200,0
CY25-1,301,2.123009204864502,2.1221413612365723,2.1221413612365723,0.0,0.0,2.1230432987213135,200,0
CY25-1,302,2.1207776069641113,2.1221072673797607,2.1221072673797607,0.0,0.0,2.123009204864502,200,0
CY25-1,303,2.119858741760254,2.119878053665161,2.119878053665161,0.0,0.0,2.1207776069641113,200,0
CY25-1,304,2.119370698928833,2.1189587116241455,2.1189587116241455,0.0,0.0,2.119858741760254,200,0
CY25-1,305,2.118197202682495,2.11847186088562,2.11847186088562,0.0,0.0,2.119370698928833,200,0
CY25-1,306,2.11820650100708,2.117299795150757,2.117299795150757,0.0,0.0,2.118197202682495,200,0
CY25-1,307,2.116964817047119,2.117309331893921,2.117309331893921,0.0,0.0,2.11820650100708,200,0
CY25-1,308,2.114453077316284,2.1160664558410645,2.1160664558410645,0.0,0.0,2.116964817047119,200,0
CY25-1,309,2.1133296489715576,2.113560914993286,2.113560914993286,0.0,0.0,2.114453077316284,200,0
CY25-1,310,2.1124067306518555,2.112438917160034,2.112438917160034,0.0,0.0,2.1133296489715576,200,0
CY25-1,311,2.1128413677215576,2.111515760421753,2.111515760421753,0.0,0.0,2.1124067306518555,200,0
CY25-1,312,2.1101865768432617,2.1119508743286133,2.1119508743286133,0.0,0.0,2.1128413677215576,200,0
CY25-1,313,2.109417676925659,2.10929799079895,2.10929799079895,0.0,0.0,2.1101865768432617,200,0
CY25-1,314,2.1084699630737305,2.1085305213928223,2.1085305213928223,0.0,0.0,2.109417676925659,200,0
CY25-1,315,2.1072514057159424,2.1075832843780518,2.1075832843780518,0.0,0.0,2.1084699630737305,200,0
CY25-1,316,2.1076385974884033,2.1063663959503174,2.1063663959503174,0.0,0.0,2.1072514057159424,200,0
CY25-1,317,2.105883836746216,2.1067514419555664,2.1067514419555664,0.0,0.0,2.1076385974884033,200,0
CY25-1,318,2.104235887527466,2.1050000190734863,2.1050000190734863,0.0,0.0,2.105883836746216,200,0
CY25-1,319,2.1038434505462646,2.103353261947632,2.103353261947632,0.0,0.0,2.104235887527466,200,0
CY25-1,320,2.1027321815490723,2.1029603481292725,2.1029603481292725,0.0,0.0,2.1038434505462646,200,0
CY25-1,321,2.102220058441162,2.1018502712249756,2.1018502712249756,0.0,0.0,2.1027321815490723,200,0
CY25-1,322,2.1013729572296143,2.1013402938842773,2.1013402938842773,0.0,0.0,2.102220058441162,200,0
CY25-1,323,2.100541830062866,2.100492000579834,2.100492000579834,0.0,0.0,2.1013729572296143,200,0
CY25-1,324,2.099363327026367,2.0996625423431396,2.0996625423431396,0.0,0.0,2.100541830062866,200,0
CY25-1,325,2.098719835281372,2.0984857082366943,2.0984857082366943,0.0,0.0,2.099363327026367,200,0
CY25-1,326,2.0974695682525635,2.0978403091430664,2.0978403091430664,0.0,0.0,2.098719835281372,200,0
CY25-1,327,2.0967905521392822,2.0965914726257324,2.0965914726257324,0.0,0.0,2.0974695682525635,200,0
CY25-1,328,2.096219062805176,2.095914125442505,2.095914125442505,0.0,0.0,2.0967905521392822,200,0
CY25-1,329,2.095313549041748,2.095341920852661,2.095341920852661,0.0,0.0,2.096219062805176,200,0
CY25-1,330,2.094749927520752,2.094438076019287,2.094438076019287,0.0,0.0,2.095313549041748,200,0
CY25-1,331,2.093308687210083,2.0938758850097656,2.0938758850097656,0.0,0.0,2.094749927520752,200,0
CY25-1,332,2.092801332473755,2.092435121536255,2.092435121536255,0.0,0.0,2.093308687210083,200,0
CY25-1,333,2.0924596786499023,2.0919301509857178,2.0919301509857178,0.0,0.0,2.092801332473755,200,0
CY25-1,334,2.0912463665008545,2.0915884971618652,2.0915884971618652,0.0,0.0,2.0924596786499023,200,0
CY25-1,335,2.0903759002685547,2.090376615524292,2.090376615524292,0.0,0.0,2.0912463665008545,200,0
CY25-1,336,2.089611768722534,2.089512348175049,2.089512348175049,0.0,0.0,2.0903759002685547,200,0
CY25-1,337,2.0884976387023926,2.0887465476989746,2.0887465476989746,0.0,0.0,2.089611768722534,200,0
CY25-1,338,2.087453842163086,2.0876336097717285,2.0876336097717285,0.0,0.0,2.0884976387023926,200,0
CY25-1,339,2.0868964195251465,2.0865914821624756,2.0865914821624756,0.0,0.0,2.087453842163086,200,0
CY25-1,340,2.0856077671051025,2.0860342979431152,2.0860342979431152,0.0,0.0,2.0868964195251465,200,0
CY25-1,341,2.0850327014923096,2.0847456455230713,2.0847456455230713,0.0,0.0,2.0856077671051025,200,0
CY25-1,342,2.0849430561065674,2.0841715335845947,2.0841715335845947,0.0,0.0,2.0850327014923096,200,0
CY25-1,343,2.084001064300537,2.0840821266174316,2.0840821266174316,0.0,0.0,2.0849430561065674,200,0
CY25-1,344,2.0825514793395996,2.0831406116485596,2.0831406116485596,0.0,0.0,2.084001064300537,200,0
CY25-1,345,2.0818545818328857,2.081692934036255,2.081692934036255,0.0,0.0,2.0825514793395996,200,0
CY25-1,346,2.082223892211914,2.080996513366699,2.080996513366699,0.0,0.0,2.0818545818328857,200,0
CY25-1,347,2.0797293186187744,2.081364870071411,2.081364870071411,0.0,0.0,2.082223892211914,200,0
CY25-1,348,2.079105854034424,2.078874111175537,2.078874111175537,0.0,0.0,2.0797293186187744,200,0
CY25-1,349,2.0785675048828125,2.0782506465911865,2.0782506465911865,0.0,0.0,2.079105854034424,200,0
CY25-1,350,2.0770864486694336,2.0777132511138916,2.0777132511138916,0.0,0.0,2.0785675048828125,200,0
CY25-1,351,2.0773215293884277,2.0762341022491455,2.0762341022491455,0.0,0.0,2.0770864486694336,200,0
CY25-1,352,2.0757369995117188,2.076467752456665,2.076467752456665,0.0,0.0,2.0773215293884277,200,0
CY25-1,353,2.0749406814575195,2.0748839378356934,2.0748839378356934,0.0,0.0,2.0757369995117188,200,0
CY25-1,354,2.0739641189575195,2.0740888118743896,2.0740888118743896,0.0,0.0,2.0749406814575195,200,0
CY25-1,355,2.073352098464966,2.073112964630127,2.073112964630127,0.0,0.0,2.0739641189575195,200,0
CY25-1,356,2.0799505710601807,2.0725014209747314,2.0725014209747314,0.0,0.0,2.073352098464966,200,0
CY25-1,357,2.075383186340332,2.0790960788726807,2.0790960788726807,0.0,0.0,2.0799505710601807,200,0
CY25-1,358,2.0750112533569336,2.074531078338623,2.074531078338623,0.0,0.0,2.075383186340332,200,0
CY25-1,359,2.0721371173858643,2.0741589069366455,2.0741589069366455,0.0,0.0,2.0750112533569336,200,0
CY25-1,360,2.069364309310913,2.071286916732788,2.071286916732788,0.0,0.0,2.0721371173858643,200,0
CY25-1,361,2.0671191215515137,2.068516969680786,2.068516969680786,0.0,0.0,2.069364309310913,200,0
CY25-1,362,2.0671048164367676,2.0662736892700195,2.0662736892700195,0.0,0.0,2.0671191215515137,200,0
CY25-1,363,2.064986228942871,2.0662596225738525,2.0662596225738525,0.0,0.0,2.0671048164367676,200,0
CY25-1,364,2.065081834793091,2.064143180847168,2.064143180847168,0.0,0.0,2.064986228942871,200,0
CY25-1,365,2.063554525375366,2.064239501953125,2.064239501953125,0.0,0.0,2.065081834793091,200,0
CY25-1,366,2.061892509460449,2.062713623046875,2.062713623046875,0.0,0.0,2.063554525375366,200,0
CY25-1,367,2.0614309310913086,2.0610530376434326,2.0610530376434326,0.0,0.0,2.061892509460449,200,0
CY25-1,368,2.0607104301452637,2.060591459274292,2.060591459274292,0.0,0.0,2.0614309310913086,200,0
CY25-1,369,2.0592453479766846,2.0598719120025635,2.0598719120025635,0.0,0.0,2.0607104301452637,200,0
CY25-1,370,2.0582523345947266,2.058408260345459,2.058408260345459,0.0,0.0,2.0592453479766846,200,0
CY25-1,371,2.0576648712158203,2.0574142932891846,2.0574142932891846,0.0,0.0,2.0582523345947266,200,0
CY25-1,372,2.0580894947052,2.0568277835845947,2.0568277835845947,0.0,0.0,2.0576648712158203,200,0
CY25-1,373,2.0557591915130615,2.0572526454925537,2.0572526454925537,0.0,0.0,2.0580894947052,200,0
CY25-1,374,2.0543267726898193,2.0549240112304688,2.0549240112304688,0.0,0.0,2.0557591915130615,200,0
CY25-1,375,2.053884506225586,2.0534934997558594,2.0534934997558594,0.0,0.0,2.0543267726898193,200,0
CY25-1,376,2.0534629821777344,2.053051710128784,2.053051710128784,0.0,0.0,2.053884506225586,200,0
CY25-1,377,2.0525426864624023,2.0526294708251953,2.0526294708251953,0.0,0.0,2.0534629821777344,200,0
CY25-1,378,2.051126480102539,2.0517125129699707,2.0517125129699707,0.0,0.0,2.0525426864624023,200,0
CY25-1,379,2.050034523010254,2.0502946376800537,2.0502946376800537,0.0,0.0,2.051126480102539,200,0
CY25-1,380,2.0491480827331543,2.0492007732391357,2.0492007732391357,0.0,0.0,2.050034523010254,200,0
CY25-1,381,2.048401355743408,2.0483145713806152,2.0483145713806152,0.0,0.0,2.0491480827331543,200,0
CY25-1,382,2.0484800338745117,2.047569990158081,2.047569990158081,0.0,0.0,2.048401355743408,200,0
CY25-1,383,2.046684980392456,2.0476503372192383,2.0476503372192383,0.0,0.0,2.0484800338745117,200,0
CY25-1,384,2.046105146408081,2.045856475830078,2.045856475830078,0.0,0.0,2.046684980392456,200,0
CY25-1,385,2.0444741249084473,2.045278310775757,2.045278310775757,0.0,0.0,2.046105146408081,200,0
CY25-1,386,2.0445637702941895,2.043654680252075,2.043654680252075,0.0,0.0,2.0444741249084473,200,0
CY25-1,387,2.044381856918335,2.0437517166137695,2.0437517166137695,0.0,0.0,2.0445637702941895,200,0
CY25-1,388,2.042431592941284,2.043562650680542,2.043562650680542,0.0,0.0,2.044381856918335,200,0
CY25-1,389,2.0416321754455566,2.0416100025177,2.0416100025177,0.0,0.0,2.042431592941284,200,0
CY25-1,390,2.0415525436401367,2.0408103466033936,2.0408103466033936,0.0,0.0,2.0416321754455566,200,0
CY25-1,391,2.0399091243743896,2.0407280921936035,2.0407280921936035,0.0,0.0,2.0415525436401367,200,0
CY25-1,392,2.039447546005249,2.0390849113464355,2.0390849113464355,0.0,0.0,2.0399091243743896,200,0
CY25-1,393,2.0385067462921143,2.0386223793029785,2.0386223793029785,0.0,0.0,2.039447546005249,200,0
CY25-1,394,2.0376739501953125,2.0376832485198975,2.0376832485198975,0.0,0.0,2.0385067462921143,200,0
CY25-1,395,2.0368587970733643,2.0368502140045166,2.0368502140045166,0.0,0.0,2.0376739501953125,200,0
CY25-1,396,2.0352933406829834,2.0360360145568848,2.0360360145568848,0.0,0.0,2.0368587970733643,200,0
CY25-1,397,2.037396192550659,2.0344696044921875,2.0344696044921875,0.0,0.0,2.0352933406829834,200,0
CY25-1,398,2.0341832637786865,2.0365712642669678,2.0365712642669678,0.0,0.0,2.037396192550659,200,0
CY25-1,399,2.032910108566284,2.033360719680786,2.033360719680786,0.0,0.0,2.0341832637786865,200,0
CY25-1,400,2.0325591564178467,2.032087564468384,2.032087564468384,0.0,0.0,2.032910108566284,200,0
CY25-1,401,2.032011032104492,2.031736373901367,2.031736373901367,0.0,0.0,2.0325591564178467,200,0
CY25-1,402,2.0324888229370117,2.0311880111694336,2.0311880111694336,0.0,0.0,2.032011032104492,200,0
CY25-1,403,2.029909610748291,2.0316667556762695,2.0316667556762695,0.0,0.0,2.0324888229370117,200,0
CY25-1,404,2.029090642929077,2.029087543487549,2.029087543487549,0.0,0.0,2.029909610748291,200,0
CY25-1,405,2.029129981994629,2.0282726287841797,2.0282726287841797,0.0,0.0,2.029090642929077,200,0
CY25-1,406,2.026808738708496,2.0283098220825195,2.0283098220825195,0.0,0.0,2.029129981994629,200,0
CY25-1,407,2.0256283283233643,2.025989532470703,2.025989532470703,0.0,0.0,2.026808738708496,200,0
CY25-1,408,2.025308847427368,2.0248095989227295,2.0248095989227295,0.0,0.0,2.0256283283233643,200,0
CY25-1,409,2.0243947505950928,2.0244903564453125,2.0244903564453125,0.0,0.0,2.025308847427368,200,0
CY25-1,410,2.0219638347625732,2.023576498031616,2.023576498031616,0.0,0.0,2.0243947505950928,200,0
CY25-1,411,2.0217275619506836,2.0211470127105713,2.0211470127105713,0.0,0.0,2.0219638347625732,200,0
CY25-1,412,2.0202901363372803,2.0209100246429443,2.0209100246429443,0.0,0.0,2.0217275619506836,200,0
CY25-1,413,2.0199780464172363,2.019473075866699,2.019473075866699,0.0,0.0,2.0202901363372803,200,0
CY25-1,414,2.0188677310943604,2.0191619396209717,2.0191619396209717,0.0,0.0,2.0199780464172363,200,0
CY25-1,415,2.0174455642700195,2.0180561542510986,2.0180561542510986,0.0,0.0,2.0188677310943604,200,0
CY25-1,416,2.0177669525146484,2.016634941101074,2.016634941101074,0.0,0.0,2.0174455642700195,200,0
CY25-1,417,2.0176258087158203,2.016954183578491,2.016954183578491,0.0,0.0,2.0177669525146484,200,0
CY25-1,418,2.0158636569976807,2.016812562942505,2.016812562942505,0.0,0.0,2.0176258087158203,200,0
CY25-1,419,2.015030860900879,2.0150504112243652,2.0150504112243652,0.0,0.0,2.0158636569976807,200,0
CY25-1,420,2.0140511989593506,2.014219284057617,2.014219284057617,0.0,0.0,2.015030860900879,200,0
CY25-1,421,2.0144894123077393,2.0132391452789307,2.0132391452789307,0.0,0.0,2.0140511989593506,200,0
CY25-1,422,2.0128493309020996,2.013678550720215,2.013678550720215,0.0,0.0,2.0144894123077393,200,0
CY25-1,423,2.0115060806274414,2.0120155811309814,2.0120155811309814,0.0,0.0,2.0128493309020996,200,0
CY25-1,424,2.0114972591400146,2.0106515884399414,2.0106515884399414,0.0,0.0,2.0115060806274414,200,0
CY25-1,425,2.0106561183929443,2.0106308460235596,2.0106308460235596,0.0,0.0,2.0114972591400146,200,0
CY25-1,426,2.0095908641815186,2.0097994804382324,2.0097994804382324,0.0,0.0,2.0106561183929443,200,0
CY25-1,427,2.0087506771087646,2.0087060928344727,2.0087060928344727,0.0,0.0,2.0095908641815186,200,0
CY25-1,428,2.0087807178497314,2.0078845024108887,2.0078845024108887,0.0,0.0,2.0087506771087646,200,0
CY25-1,429,2.008526086807251,2.0079121589660645,2.0079121589660645,0.0,0.0,2.0087807178497314,200,0
CY25-1,430,2.006077527999878,2.007657766342163,2.007657766342163,0.0,0.0,2.008526086807251,200,0
CY25-1,431,2.0057718753814697,2.0052056312561035,2.0052056312561035,0.0,0.0,2.006077527999878,200,0
CY25-1,432,2.004727363586426,2.004896640777588,2.004896640777588,0.0,0.0,2.0057718753814697,200,0
CY25-1,433,2.0052123069763184,2.0038535594940186,2.0038535594940186,0.0,0.0,2.004727363586426,200,0
CY25-1,434,2.0048727989196777,2.004337787628174,2.004337787628174,0.0,0.0,2.0052123069763184,200,0
CY25-1,435,2.0036203861236572,2.003999948501587,2.003999948501587,0.0,0.0,2.0048727989196777,200,0
CY25-1,436,2.0021533966064453,2.0027220249176025,2.0027220249176025,0.0,0.0,2.0036203861236572,200,0
CY25-1,437,2.0010926723480225,2.001260280609131,2.001260280609131,0.0,0.0,2.0021533966064453,200,0
CY25-1,438,2.0003113746643066,2.0002219676971436,2.0002219676971436,0.0,0.0,2.0010926723480225,200,0
CY25-1,439,2.000063180923462,1.9994418621063232,1.9994418621063232,0.0,0.0,2.0003113746643066,200,0
CY25-1,440,1.9998632669448853,1.9991955757141113,1.9991955757141113,0.0,0.0,2.000063180923462,200,0
CY25-1,441,1.9989756345748901,1.9989969730377197,1.9989969730377197,0.0,0.0,1.9998632669448853,200,0
CY25-1,442,1.997335433959961,1.9981104135513306,1.9981104135513306,0.0,0.0,1.9989756345748901,200,0
CY25-1,443,1.9970093965530396,1.9964505434036255,1.9964505434036255,0.0,0.0,1.997335433959961,200,0
CY25-1,444,1.9958933591842651,1.9961460828781128,1.9961460828781128,0.0,0.0,1.9970093965530396,200,0
CY25-1,445,1.9965754747390747,1.9950320720672607,1.9950320720672607,0.0,0.0,1.9958933591842651,200,0
CY25-1,446,1.9952359199523926,1.9957151412963867,1.9957151412963867,0.0,0.0,1.9965754747390747,200,0
CY25-1,447,1.994325041770935,1.9943559169769287,1.9943559169769287,0.0,0.0,1.9952359199523926,200,0
CY25-1,448,1.992932915687561,1.9934701919555664,1.9934701919555664,0.0,0.0,1.994325041770935,200,0
CY25-1,449,1.9921296834945679,1.9920560121536255,1.9920560121536255,0.0,0.0,1.992932915687561,200,0
CY25-1,450,1.9918301105499268,1.9912755489349365,1.9912755489349365,0.0,0.0,1.9921296834945679,200,0
CY25-1,451,1.9915424585342407,1.9909765720367432,1.9909765720367432,0.0,0.0,1.9918301105499268,200,0
CY25-1,452,1.9897998571395874,1.9906903505325317,1.9906903505325317,0.0,0.0,1.9915424585342407,200,0
CY25-1,453,1.9891939163208008,1.9889261722564697,1.9889261722564697,0.0,0.0,1.9897998571395874,200,0
CY25-1,454,1.9970579147338867,1.9883190393447876,1.9883190393447876,0.0,0.0,1.9891939163208008,200,0
CY25-1,455,1.9935026168823242,1.996203064918518,1.996203064918518,0.0,0.0,1.9970579147338867,200,0
CY25-1,456,1.991044521331787,1.9926475286483765,1.9926475286483765,0.0,0.0,1.9935026168823242,200,0
CY25-1,457,1.9895565509796143,1.9901677370071411,1.9901677370071411,0.0,0.0,1.991044521331787,200,0
CY25-1,458,1.9870597124099731,1.9886829853057861,1.9886829853057861,0.0,0.0,1.9895565509796143,200,0
CY25-1,459,1.9858040809631348,1.986211895942688,1.986211895942688,0.0,0.0,1.9870597124099731,200,0
CY25-1,460,1.9848055839538574,1.9849357604980469,1.9849357604980469,0.0,0.0,1.9858040809631348,200,0
CY25-1,461,1.9851531982421875,1.9839600324630737,1.9839600324630737,0.0,0.0,1.9848055839538574,200,0
CY25-1,462,1.982861876487732,1.9842890501022339,1.9842890501022339,0.0,0.0,1.9851531982421875,200,0
CY25-1,463,1.9810607433319092,1.9819973707199097,1.9819973707199097,0.0,0.0,1.982861876487732,200,0
CY25-1,464,1.980316162109375,1.9801990985870361,1.9801990985870361,0.0,0.0,1.9810607433319092,200,0
CY25-1,465,1.9789469242095947,1.979453682899475,1.979453682899475,0.0,0.0,1.980316162109375,200,0
CY25-1,466,1.978130578994751,1.978083610534668,1.978083610534668,0.0,0.0,1.9789469242095947,200,0
CY25-1,467,1.9773476123809814,1.9772695302963257,1.9772695302963257,0.0,0.0,1.978130578994751,200,0
CY25-1,468,1.9772961139678955,1.9765123128890991,1.9765123128890991,0.0,0.0,1.9773476123809814,200,0
CY25-1,469,1.9756146669387817,1.9764649868011475,1.9764649868011475,0.0,0.0,1.9772961139678955,200,0
CY25-1,470,1.9756680727005005,1.9747869968414307,1.9747869968414307,0.0,0.0,1.9756146669387817,200,0
CY25-1,471,1.9731273651123047,1.97484290599823,1.97484290599823,0.0,0.0,1.9756680727005005,200,0
CY25-1,472,1.9729174375534058,1.9723068475723267,1.9723068475723267,0.0,0.0,1.9731273651123047,200,0
CY25-1,473,1.9731041193008423,1.9720942974090576,1.9720942974090576,0.0,0.0,1.9729174375534058,200,0
CY25-1,474,1.9718399047851562,1.9722874164581299,1.9722874164581299,0.0,0.0,1.9731041193008423,200,0
CY25-1,475,1.9704835414886475,1.971024751663208,1.971024751663208,0.0,0.0,1.9718399047851562,200,0
CY25-1,476,1.970009684562683,1.9696717262268066,1.9696717262268066,0.0,0.0,1.9704835414886475,200,0
CY25-1,477,1.9692373275756836,1.96919846534729,1.96919846534729,0.0,0.0,1.970009684562683,200,0
CY25-1,478,1.9688764810562134,1.9684289693832397,1.9684289693832397,0.0,0.0,1.9692373275756836,200,0
CY25-1,479,1.9677422046661377,1.9680707454681396,1.9680707454681396,0.0,0.0,1.9688764810562134,200,0
CY25-1,480,1.9656416177749634,1.9669125080108643,1.9669125080108643,0.0,0.0,1.9677422046661377,200,0
CY25-1,481,1.9671447277069092,1.964809775352478,1.964809775352478,0.0,0.0,1.9656416177749634,200,0
CY25-1,482,1.9653455018997192,1.9663314819335938,1.9663314819335938,0.0,0.0,1.9671447277069092,200,0
CY25-1,483,1.964956283569336,1.9645378589630127,1.9645378589630127,0.0,0.0,1.9653455018997192,200,0
CY25-1,484,1.9636744260787964,1.964146614074707,1.964146614074707,0.0,0.0,1.964956283569336,200,0
CY25-1,485,1.9628591537475586,1.9628747701644897,1.9628747701644897,0.0,0.0,1.9636744260787964,200,0
CY25-1,486,1.9625674486160278,1.9620569944381714,1.9620569944381714,0.0,0.0,1.9628591537475586,200,0
CY25-1,487,1.963502049446106,1.9617787599563599,1.9617787599563599,0.0,0.0,1.9625674486160278,200,0
CY25-1,488,1.961043357849121,1.96271550655365,1.96271550655365,0.0,0.0,1.963502049446106,200,0
CY25-1,489,1.9602129459381104,1.9602611064910889,1.9602611064910889,0.0,0.0,1.961043357849121,200,0
CY25-1,490,1.9590601921081543,1.9594324827194214,1.9594324827194214,0.0,0.0,1.9602129459381104,200,0
CY25-1,491,1.958256721496582,1.9582804441452026,1.9582804441452026,0.0,0.0,1.9590601921081543,200,0
CY25-1,492,1.9577183723449707,1.9574778079986572,1.9574778079986572,0.0,0.0,1.958256721496582,200,0
CY25-1,493,1.9566073417663574,1.9569398164749146,1.9569398164749146,0.0,0.0,1.9577183723449707,200,0
CY25-1,494,1.9568352699279785,1.9558310508728027,1.9558310508728027,0.0,0.0,1.9566073417663574,200,0
CY25-1,495,1.9563957452774048,1.9560595750808716,1.9560595750808716,0.0,0.0,1.9568352699279785,200,0
CY25-1,496,1.9550937414169312,1.9556196928024292,1.9556196928024292,0.0,0.0,1.9563957452774048,200,0
CY25-1,497,1.9537248611450195,1.9543190002441406,1.9543190002441406,0.0,0.0,1.9550937414169312,200,0
CY25-1,498,1.9528214931488037,1.9529496431350708,1.9529496431350708,0.0,0.0,1.9537248611450195,200,0
CY25-1,499,1.95260751247406,1.9520493745803833,1.9520493745803833,0.0,0.0,1.9528214931488037,200,0
CY25-1,500,1.9537086486816406,1.9518367052078247,1.9518367052078247,0.0,0.0,1.95260751247406,200,0
CY25-1,501,1.95133376121521,1.9529366493225098,1.9529366493225098,0.0,0.0,1.9537086486816406,200,0
CY25-1,502,1.949868083000183,1.950560212135315,1.950560212135315,0.0,0.0,1.95133376121521,200,0
CY25-1,503,1.9498869180679321,1.9491013288497925,1.9491013288497925,0.0,0.0,1.949868083000183,200,0
CY25-1,504,1.9476494789123535,1.949119210243225,1.949119210243225,0.0,0.0,1.9498869180679321,200,0
CY25-1,505,1.94637930393219,1.9468822479248047,1.9468822479248047,0.0,0.0,1.9476494789123535,200,0
CY25-1,506,1.9465478658676147,1.9456151723861694,1.9456151723861694,0.0,0.0,1.94637930393219,200,0
CY25-1,507,1.9454419612884521,1.9457823038101196,1.9457823038101196,0.0,0.0,1.9465478658676147,200,0
CY25-1,508,1.945258617401123,1.944678544998169,1.944678544998169,0.0,0.0,1.9454419612884521,200,0
CY25-1,509,1.9442099332809448,1.9444940090179443,1.9444940090179443,0.0,0.0,1.945258617401123,200,0
CY25-1,510,1.9432653188705444,1.9434465169906616,1.9434465169906616,0.0,0.0,1.9442099332809448,200,0
CY25-1,511,1.9417933225631714,1.9425026178359985,1.9425026178359985,0.0,0.0,1.9432653188705444,200,0
CY25-1,512,1.941351056098938,1.9410357475280762,1.9410357475280762,0.0,0.0,1.9417933225631714,200,0
CY25-1,513,1.9411380290985107,1.9405957460403442,1.9405957460403442,0.0,0.0,1.941351056098938,200,0
CY25-1,514,1.9399908781051636,1.9403808116912842,1.9403808116912842,0.0,0.0,1.9411380290985107,200,0
CY25-1,515,1.9393317699432373,1.9392311573028564,1.9392311573028564,0.0,0.0,1.9399908781051636,200,0
CY25-1,516,1.9387733936309814,1.9386250972747803,1.9386250972747803,0.0,0.0,1.9393317699432373,200,0
CY25-1,517,1.938096284866333,1.938072681427002,1.938072681427002,0.0,0.0,1.9387733936309814,200,0
CY25-1,518,1.9367965459823608,1.9374115467071533,1.9374115467071533,0.0,0.0,1.938096284866333,200,0
CY25-1,519,1.9367448091506958,1.9361199140548706,1.9361199140548706,0.0,0.0,1.9367965459823608,200,0
CY25-1,520,1.9359285831451416,1.936073899269104,1.936073899269104,0.0,0.0,1.9367448091506958,200,0
CY25-1,521,1.9347413778305054,1.9352610111236572,1.9352610111236572,0.0,0.0,1.9359285831451416,200,0
CY25-1,522,1.9344141483306885,1.9340722560882568,1.9340722560882568,0.0,0.0,1.9347413778305054,200,0
CY25-1,523,1.9344565868377686,1.9337433576583862,1.9337433576583862,0.0,0.0,1.9344141483306885,200,0
CY25-1,524,1.9333544969558716,1.9337875843048096,1.9337875843048096,0.0,0.0,1.9344565868377686,200,0
CY25-1,525,1.932815432548523,1.9326865673065186,1.9326865673065186,0.0,0.0,1.9333544969558716,200,0
CY25-1,526,1.931801438331604,1.9321497678756714,1.9321497678756714,0.0,0.0,1.932815432548523,200,0
CY25-1,527,1.9309474229812622,1.931136131286621,1.931136131286621,0.0,0.0,1.931801438331604,200,0
CY25-1,528,1.930608868598938,1.9302774667739868,1.9302774667739868,0.0,0.0,1.9309474229812622,200,0
CY25-1,529,1.9288697242736816,1.9299322366714478,1.9299322366714478,0.0,0.0,1.930608868598938,200,0
CY25-1,530,1.9298564195632935,1.928193211555481,1.928193211555481,0.0,0.0,1.9288697242736816,200,0
CY25-1,531,1.9291374683380127,1.9291787147521973,1.9291787147521973,0.0,0.0,1.9298564195632935,200,0
CY25-1,532,1.927603006362915,1.9284591674804688,1.9284591674804688,0.0,0.0,1.9291374683380127,200,0
CY25-1,533,1.9264482259750366,1.9269251823425293,1.9269251823425293,0.0,0.0,1.927603006362915,200,0
CY25-1,534,1.9257994890213013,1.9257701635360718,1.9257701635360718,0.0,0.0,1.9264482259750366,200,0
CY25-1,535,1.9257118701934814,1.925116777420044,1.925116777420044,0.0,0.0,1.9257994890213013,200,0
CY25-1,536,1.926126480102539,1.9250236749649048,1.9250236749649048,0.0,0.0,1.9257118701934814,200,0
CY25-1,537,1.9254939556121826,1.9254388809204102,1.9254388809204102,0.0,0.0,1.926126480102539,200,0
CY25-1,538,1.9235401153564453,1.924808382987976,1.924808382987976,0.0,0.0,1.9254939556121826,200,0
CY25-1,539,1.9226735830307007,1.9228556156158447,1.9228556156158447,0.0,0.0,1.9235401153564453,200,0
CY25-1,540,1.9218956232070923,1.9219893217086792,1.9219893217086792,0.0,0.0,1.9226735830307007,200,0
CY25-1,541,1.9216618537902832,1.9212113618850708,1.9212113618850708,0.0,0.0,1.9218956232070923,200,0
CY25-1,542,1.9210972785949707,1.9209775924682617,1.9209775924682617,0.0,0.0,1.9216618537902832,200,0
CY25-1,543,1.9209238290786743,1.9204150438308716,1.9204150438308716,0.0,0.0,1.9210972785949707,200,0
CY25-1,544,1.9209250211715698,1.9202399253845215,1.9202399253845215,0.0,0.0,1.9209238290786743,200,0
CY25-1,545,1.9194798469543457,1.9202412366867065,1.9202412366867065,0.0,0.0,1.9209250211715698,200,0
CY25-1,546,1.918387770652771,1.9187973737716675,1.9187973737716675,0.0,0.0,1.9194798469543457,200,0
CY25-1,547,1.91717529296875,1.9177072048187256,1.9177072048187256,0.0,0.0,1.918387770652771,200,0
CY25-1,548,1.9165735244750977,1.916496753692627,1.916496753692627,0.0,0.0,1.91717529296875,200,0
CY25-1,549,1.9156619310379028,1.9158960580825806,1.9158960580825806,0.0,0.0,1.9165735244750977,200,0
CY25-1,550,1.9160603284835815,1.9149830341339111,1.9149830341339111,0.0,0.0,1.9156619310379028,200,0
CY25-1,551,1.9157917499542236,1.9153796434402466,1.9153796434402466,0.0,0.0,1.9160603284835815,200,0
CY25-1,552,1.9226555824279785,1.9151123762130737,1.9151123762130737,0.0,0.0,1.9157917499542236,200,0
CY25-1,553,1.9200544357299805,1.921972393989563,1.921972393989563,0.0,0.0,1.9226555824279785,200,0
CY25-1,554,1.9190105199813843,1.9193711280822754,1.9193711280822754,0.0,0.0,1.9200544357299805,200,0
CY25-1,555,1.9150726795196533,1.9183268547058105,1.9183268547058105,0.0,0.0,1.9190105199813843,200,0
CY25-1,556,1.9140900373458862,1.9143917560577393,1.9143917560577393,0.0,0.0,1.9150726795196533,200,0
CY25-1,557,1.9127731323242188,1.9134109020233154,1.9134109020233154,0.0,0.0,1.9140900373458862,200,0
CY25-1,558,1.9119791984558105,1.9120949506759644,1.9120949506759644,0.0,0.0,1.9127731323242188,200,0
CY25-1,559,1.911526083946228,1.9113037586212158,1.9113037586212158,0.0,0.0,1.9119791984558105,200,0
CY25-1,560,1.9096052646636963,1.9108543395996094,1.9108543395996094,0.0,0.0,1.911526083946228,200,0
CY25-1,561,1.9084419012069702,1.908935308456421,1.908935308456421,0.0,0.0,1.9096052646636963,200,0
CY25-1,562,1.907515525817871,1.9077720642089844,1.9077720642089844,0.0,0.0,1.9084419012069702,200,0
CY25-1,563,1.9070026874542236,1.9068470001220703,1.9068470001220703,0.0,0.0,1.907515525817871,200,0
CY25-1,564,1.906374216079712,1.906334400177002,1.906334400177002,0.0,0.0,1.9070026874542236,200,0
CY25-1,565,1.9050309658050537,1.9057073593139648,1.9057073593139648,0.0,0.0,1.906374216079712,200,0
CY25-1,566,1.9056247472763062,1.9043651819229126,1.9043651819229126,0.0,0.0,1.9050309658050537,200,0
CY25-1,567,1.903443455696106,1.9049596786499023,1.9049596786499023,0.0,0.0,1.9056247472763062,200,0
CY25-1,568,1.9027858972549438,1.902779459953308,1.902779459953308,0.0,0.0,1.903443455696106,200,0
CY25-1,569,1.901738166809082,1.9021204710006714,1.9021204710006714,0.0,0.0,1.9027858972549438,200,0
CY25-1,570,1.8998972177505493,1.9010748863220215,1.9010748863220215,0.0,0.0,1.901738166809082,200,0
CY25-1,571,1.899892807006836,1.8992360830307007,1.8992360830307007,0.0,0.0,1.8998972177505493,200,0
CY25-1,572,1.8996578454971313,1.899232029914856,1.899232029914856,0.0,0.0,1.899892807006836,200,0
CY25-1,573,1.8978779315948486,1.8989970684051514,1.8989970684051514,0.0,0.0,1.8996578454971313,200,0
CY25-1,574,1.8992279767990112,1.897216796875,1.897216796875,0.0,0.0,1.8978779315948486,200,0
CY25-1,575,1.8967382907867432,1.8985673189163208,1.8985673189163208,0.0,0.0,1.8992279767990112,200,0
CY25-1,576,1.8960522413253784,1.8960801362991333,1.8960801362991333,0.0,0.0,1.8967382907867432,200,0
CY25-1,577,1.8956739902496338,1.8953970670700073,1.8953970670700073,0.0,0.0,1.8960522413253784,200,0
CY25-1,578,1.8950237035751343,1.8950196504592896,1.8950196504592896,0.0,0.0,1.8956739902496338,200,0
CY25-1,579,1.8946141004562378,1.8943681716918945,1.8943681716918945,0.0,0.0,1.8950237035751343,200,0
CY25-1,580,1.8954992294311523,1.8939554691314697,1.8939554691314697,0.0,0.0,1.8946141004562378,200,0
CY25-1,581,1.8910523653030396,1.8948440551757812,1.8948440551757812,0.0,0.0,1.8954992294311523,200,0
CY25-1,582,1.8917584419250488,1.8904037475585938,1.8904037475585938,0.0,0.0,1.8910523653030396,200,0
CY25-1,583,1.890708327293396,1.8911104202270508,1.8911104202270508,0.0,0.0,1.8917584419250488,200,0
CY25-1,584,1.8898710012435913,1.8900597095489502,1.8900597095489502,0.0,0.0,1.890708327293396,200,0
CY25-1,585,1.8894637823104858,1.8892223834991455,1.8892223834991455,0.0,0.0,1.8898710012435913,200,0
CY25-1,586,1.8898260593414307,1.8888146877288818,1.8888146877288818,0.0,0.0,1.8894637823104858,200,0
CY25-1,587,1.888260841369629,1.889175534248352,1.889175534248352,0.0,0.0,1.8898260593414307,200,0
CY25-1,588,1.8882253170013428,1.8876155614852905,1.8876155614852905,0.0,0.0,1.888260841369629,200,0
CY25-1,589,1.8861478567123413,1.8875826597213745,1.8875826597213745,0.0,0.0,1.8882253170013428,200,0
CY25-1,590,1.8854217529296875,1.885506510734558,1.885506510734558,0.0,0.0,1.8861478567123413,200,0
CY25-1,591,1.8851306438446045,1.8847813606262207,1.8847813606262207,0.0,0.0,1.8854217529296875,200,0
CY25-1,592,1.8856250047683716,1.8844925165176392,1.8844925165176392,0.0,0.0,1.8851306438446045,200,0
CY25-1,593,1.8818778991699219,1.884988784790039,1.884988784790039,0.0,0.0,1.8856250047683716,200,0
CY25-1,594,1.8826433420181274,1.881242275238037,1.881242275238037,0.0,0.0,1.8818778991699219,200,0
CY25-1,595,1.8853085041046143,1.8820101022720337,1.8820101022720337,0.0,0.0,1.8826433420181274,200,0
CY25-1,596,1.8829357624053955,1.8846683502197266,1.8846683502197266,0.0,0.0,1.8853085041046143,200,0
CY25-1,597,1.8815556764602661,1.8822993040084839,1.8822993040084839,0.0,0.0,1.8829357624053955,200,0
CY25-1,598,1.880825161933899,1.8809233903884888,1.8809233903884888,0.0,0.0,1.8815556764602661,200,0
CY25-1,599,1.880078911781311,1.8801932334899902,1.8801932334899902,0.0,0.0,1.880825161933899,200,0
CY25-1,600,1.8792039155960083,1.8794463872909546,1.8794463872909546,0.0,0.0,1.880078911781311,200,0
CY25-1,601,1.879778265953064,1.8785696029663086,1.8785696029663086,0.0,0.0,1.8792039155960083,200,0
CY25-1,602,1.878036618232727,1.8791452646255493,1.8791452646255493,0.0,0.0,1.879778265953064,200,0
CY25-1,603,1.877668023109436,1.8774081468582153,1.8774081468582153,0.0,0.0,1.878036618232727,200,0
CY25-1,604,1.8763889074325562,1.877041220664978,1.877041220664978,0.0,0.0,1.877668023109436,200,0
CY25-1,605,1.8760805130004883,1.875762939453125,1.875762939453125,0.0,0.0,1.8763889074325562,200,0
CY25-1,606,1.8745611906051636,1.8754535913467407,1.8754535913467407,0.0,0.0,1.8760805130004883,200,0
CY25-1,607,1.873942255973816,1.8739343881607056,1.8739343881607056,0.0,0.0,1.8745611906051636,200,0
CY25-1,608,1.8732666969299316,1.873313307762146,1.873313307762146,0.0,0.0,1.873942255973816,200,0
CY25-1,609,1.8722264766693115,1.8726379871368408,1.8726379871368408,0.0,0.0,1.8732666969299316,200,0
CY25-1,610,1.871923565864563,1.8715972900390625,1.8715972900390625,0.0,0.0,1.8722264766693115,200,0
CY25-1,611,1.8714014291763306,1.8712944984436035,1.8712944984436035,0.0,0.0,1.871923565864563,200,0
CY25-1,612,1.870593547821045,1.8707820177078247,1.8707820177078247,0.0,0.0,1.8714014291763306,200,0
CY25-1,613,1.8698807954788208,1.869975209236145,1.869975209236145,0.0,0.0,1.870593547821045,200,0
CY25-1,614,1.869480848312378,1.8692630529403687,1.8692630529403687,0.0,0.0,1.8698807954788208,200,0
CY25-1,615,1.868668556213379,1.8688621520996094,1.8688621520996094,0.0,0.0,1.869480848312378,200,0
CY25-1,616,1.867822289466858,1.8680514097213745,1.8680514097213745,0.0,0.0,1.868668556213379,200,0
CY25-1,617,1.8665087223052979,1.8672055006027222,1.8672055006027222,0.0,0.0,1.867822289466858,200,0
CY25-1,618,1.8674147129058838,1.8658913373947144,1.8658913373947144,0.0,0.0,1.8665087223052979,200,0
CY25-1,619,1.8659852743148804,1.8667973279953003,1.8667973279953003,0.0,0.0,1.8674147129058838,200,0
CY25-1,620,1.8653559684753418,1.8653695583343506,1.8653695583343506,0.0,0.0,1.8659852743148804,200,0
CY25-1,621,1.8659114837646484,1.8647414445877075,1.8647414445877075,0.0,0.0,1.8653559684753418,200,0
CY25-1,622,1.8644630908966064,1.865297794342041,1.865297794342041,0.0,0.0,1.8659114837646484,200,0
CY25-1,623,1.863205909729004,1.863850474357605,1.863850474357605,0.0,0.0,1.8644630908966064,200,0
CY25-1,624,1.8629939556121826,1.8625948429107666,1.8625948429107666,0.0,0.0,1.863205909729004,200,0
CY25-1,625,1.8619582653045654,1.8623864650726318,1.8623864650726318,0.0,0.0,1.8629939556121826,200,0
CY25-1,626,1.8602306842803955,1.8613593578338623,1.8613593578338623,0.0,0.0,1.8619582653045654,200,0
CY25-1,627,1.8606966733932495,1.8596398830413818,1.8596398830413818,0.0,0.0,1.8602306842803955,200,0
CY25-1,628,1.8623048067092896,1.8601053953170776,1.8601053953170776,0.0,0.0,1.8606966733932495,200,0
CY25-1,629,1.8604801893234253,1.8617119789123535,1.8617119789123535,0.0,0.0,1.8623048067092896,200,0
CY25-1,630,1.8582736253738403,1.8598881959915161,1.8598881959915161,0.0,0.0,1.8604801893234253,200,0
CY25-1,631,1.8574248552322388,1.8576840162277222,1.8576840162277222,0.0,0.0,1.8582736253738403,200,0
CY25-1,632,1.8577903509140015,1.8568333387374878,1.8568333387374878,0.0,0.0,1.8574248552322388,200,0
CY25-1,633,1.8564387559890747,1.857195258140564,1.857195258140564,0.0,0.0,1.8577903509140015,200,0
CY25-1,634,1.8561798334121704,1.8558412790298462,1.8558412790298462,0.0,0.0,1.8564387559890747,200,0
CY25-1,635,1.855218529701233,1.8555816411972046,1.8555816411972046,0.0,0.0,1.8561798334121704,200,0
CY25-1,636,1.8543416261672974,1.8546160459518433,1.8546160459518433,0.0,0.0,1.855218529701233,200,0
CY25-1,637,1.853939175605774,1.8537403345108032,1.8537403345108032,0.0,0.0,1.8543416261672974,200,0
CY25-1,638,1.8550941944122314,1.853339672088623,1.853339672088623,0.0,0.0,1.853939175605774,200,0
CY25-1,639,1.8530081510543823,1.8544942140579224,1.8544942140579224,0.0,0.0,1.8550941944122314,200,0
CY25-1,640,1.8526594638824463,1.8524096012115479,1.8524096012115479,0.0,0.0,1.8530081510543823,200,0
CY25-1,641,1.8513692617416382,1.8520631790161133,1.8520631790161133,0.0,0.0,1.8526594638824463,200,0
CY25-1,642,1.8504713773727417,1.8507766723632812,1.8507766723632812,0.0,0.0,1.8513692617416382,200,0
CY25-1,643,1.8500938415527344,1.84988534450531,1.84988534450531,0.0,0.0,1.8504713773727417,200,0
CY25-1,644,1.8491796255111694,1.8495121002197266,1.8495121002197266,0.0,0.0,1.8500938415527344,200,0
CY25-1,645,1.8495663404464722,1.8486005067825317,1.8486005067825317,0.0,0.0,1.8491796255111694,200,0
CY25-1,646,1.8510929346084595,1.8489892482757568,1.8489892482757568,0.0,0.0,1.8495663404464722,200,0
CY25-1,647,1.8483264446258545,1.8505183458328247,1.8505183458328247,0.0,0.0,1.8510929346084595,200,0
CY25-1,648,1.8469535112380981,1.8477532863616943,1.8477532863616943,0.0,0.0,1.8483264446258545,200,0
CY25-1,649,1.8462660312652588,1.8463821411132812,1.8463821411132812,0.0,0.0,1.8469535112380981,200,0
CY25-1,650,1.8545552492141724,1.845702886581421,1.845702886581421,0.0,0.0,1.8462660312652588,200,0
CY25-1,651,1.8521203994750977,1.8539934158325195,1.8539934158325195,0.0,0.0,1.8545552492141724,200,0
CY25-1,652,1.8490127325057983,1.8515625,1.8515625,0.0,0.0,1.8521203994750977,200,0
CY25-1,653,1.84866201877594,1.8484594821929932,1.8484594821929932,0.0,0.0,1.8490127325057983,200,0
CY25-1,654,1.8463844060897827,1.8481166362762451,1.8481166362762451,0.0,0.0,1.84866201877594,200,0
CY25-1,655,1.847454309463501,1.84584641456604,1.84584641456604,0.0,0.0,1.8463844060897827,200,0
CY25-1,656,1.8452743291854858,1.8469188213348389,1.8469188213348389,0.0,0.0,1.847454309463501,200,0
CY25-1,657,1.843449354171753,1.8447415828704834,1.8447415828704834,0.0,0.0,1.8452743291854858,200,0
CY25-1,658,1.8422785997390747,1.8429186344146729,1.8429186344146729,0.0,0.0,1.843449354171753,200,0
CY25-1,659,1.8416839838027954,1.8417471647262573,1.8417471647262573,0.0,0.0,1.8422785997390747,200,0
CY25-1,660,1.840781569480896,1.841160774230957,1.841160774230957,0.0,0.0,1.8416839838027954,200,0
CY25-1,661,1.8396387100219727,1.8402619361877441,1.8402619361877441,0.0,0.0,1.840781569480896,200,0
CY25-1,662,1.839149832725525,1.8391177654266357,1.8391177654266357,0.0,0.0,1.8396387100219727,200,0
CY25-1,663,1.8375072479248047,1.838629961013794,1.838629961013794,0.0,0.0,1.839149832725525,200,0
CY25-1,664,1.8377277851104736,1.836989402770996,1.836989402770996,0.0,0.0,1.8375072479248047,200,0
CY25-1,665,1.835187554359436,1.837208867073059,1.837208867073059,0.0,0.0,1.8377277851104736,200,0
CY25-1,666,1.834861397743225,1.834668517112732,1.834668517112732,0.0,0.0,1.835187554359436,200,0
CY25-1,667,1.833409070968628,1.8343439102172852,1.8343439102172852,0.0,0.0,1.834861397743225,200,0
CY25-1,668,1.8330087661743164,1.8328852653503418,1.8328852653503418,0.0,0.0,1.833409070968628,200,0
CY25-1,669,1.8319861888885498,1.8324940204620361,1.8324940204620361,0.0,0.0,1.8330087661743164,200,0
CY25-1,670,1.831925868988037,1.8314718008041382,1.8314718008041382,0.0,0.0,1.8319861888885498,200,0
CY25-1,671,1.834084391593933,1.831410527229309,1.831410527229309,0.0,0.0,1.831925868988037,200,0
CY25-1,672,1.8287379741668701,1.8335705995559692,1.8335705995559692,0.0,0.0,1.834084391593933,200,0
CY25-1,673,1.8291863203048706,1.828226089477539,1.828226089477539,0.0,0.0,1.8287379741668701,200,0
CY25-1,674,1.8275262117385864,1.8286761045455933,1.8286761045455933,0.0,0.0,1.8291863203048706,200,0
CY25-1,675,1.827569603919983,1.8270169496536255,1.8270169496536255,0.0,0.0,1.8275262117385864,200,0
CY25-1,676,1.8263766765594482,1.8270559310913086,1.8270559310913086,0.0,0.0,1.827569603919983,200,0
CY25-1,677,1.8261524438858032,1.825865626335144,1.825865626335144,0.0,0.0,1.8263766765594482,200,0
CY25-1,678,1.8251615762710571,1.825647234916687,1.825647234916687,0.0,0.0,1.8261524438858032,200,0
CY25-1,679,1.8246829509735107,1.82465398311615,1.82465398311615,0.0,0.0,1.8251615762710571,200,0
CY25-1,680,1.8255023956298828,1.8241759538650513,1.8241759538650513,0.0,0.0,1.8246829509735107,200,0
CY25-1,681,1.8236294984817505,1.8249950408935547,1.8249950408935547,0.0,0.0,1.8255023956298828,200,0
CY25-1,682,1.8231655359268188,1.8231213092803955,1.8231213092803955,0.0,0.0,1.8236294984817505,200,0
CY25-1,683,1.8211166858673096,1.8226289749145508,1.8226289749145508,0.0,0.0,1.8231655359268188,200,0
CY25-1,684,1.8208025693893433,1.8206119537353516,1.8206119537353516,0.0,0.0,1.8211166858673096,200,0
CY25-1,685,1.82034432888031,1.8202991485595703,1.8202991485595703,0.0,0.0,1.8208025693893433,200,0
CY25-1,686,1.819683313369751,1.819839358329773,1.819839358329773,0.0,0.0,1.82034432888031,200,0
CY25-1,687,1.8216675519943237,1.8191734552383423,1.8191734552383423,0.0,0.0,1.819683313369751,200,0
CY25-1,688,1.8193151950836182,1.821163296699524,1.821163296699524,0.0,0.0,1.8216675519943237,200,0
CY25-1,689,1.8176212310791016,1.8188196420669556,1.8188196420669556,0.0,0.0,1.8193151950836182,200,0
CY25-1,690,1.8165982961654663,1.8170826435089111,1.8170826435089111,0.0,0.0,1.8176212310791016,200,0
CY25-1,691,1.8163087368011475,1.8161063194274902,1.8161063194274902,0.0,0.0,1.8165982961654663,200,0
CY25-1,692,1.8153626918792725,1.8158186674118042,1.8158186674118042,0.0,0.0,1.8163087368011475,200,0
CY25-1,693,1.8147269487380981,1.8148726224899292,1.8148726224899292,0.0,0.0,1.8153626918792725,200,0
CY25-1,694,1.8145276308059692,1.8142377138137817,1.8142377138137817,0.0,0.0,1.8147269487380981,200,0
CY25-1,695,1.8130099773406982,1.8140394687652588,1.8140394687652588,0.0,0.0,1.8145276308059692,200,0
CY25-1,696,1.8125535249710083,1.8124573230743408,1.8124573230743408,0.0,0.0,1.8130099773406982,200,0
CY25-1,697,1.8118098974227905,1.8120204210281372,1.8120204210281372,0.0,0.0,1.8125535249710083,200,0
CY25-1,698,1.8114923238754272,1.811324954032898,1.811324954032898,0.0,0.0,1.8118098974227905,200,0
CY25-1,699,1.8113542795181274,1.811012864112854,1.811012864112854,0.0,0.0,1.8114923238754272,200,0
CY25-1,700,1.809814691543579,1.8108737468719482,1.8108737468719482,0.0,0.0,1.8113542795181274,200,0
CY25-1,701,1.809096336364746,1.8093355894088745,1.8093355894088745,0.0,0.0,1.809814691543579,200,0
CY25-1,702,1.8078386783599854,1.8086156845092773,1.8086156845092773,0.0,0.0,1.809096336364746,200,0
CY25-1,703,1.8072706460952759,1.8072916269302368,1.8072916269302368,0.0,0.0,1.8078386783599854,200,0
CY25-1,704,1.8067266941070557,1.806766152381897,1.806766152381897,0.0,0.0,1.8072706460952759,200,0
CY25-1,705,1.8061678409576416,1.8062613010406494,1.8062613010406494,0.0,0.0,1.8067266941070557,200,0
CY25-1,706,1.8050106763839722,1.8056997060775757,1.8056997060775757,0.0,0.0,1.8061678409576416,200,0
CY25-1,707,1.804253101348877,1.8045406341552734,1.8045406341552734,0.0,0.0,1.8050106763839722,200,0
CY25-1,708,1.8042150735855103,1.8037837743759155,1.8037837743759155,0.0,0.0,1.804253101348877,200,0
CY25-1,709,1.8033984899520874,1.8037461042404175,1.8037461042404175,0.0,0.0,1.8042150735855103,200,0
CY25-1,710,1.801496982574463,1.8029032945632935,1.8029032945632935,0.0,0.0,1.8033984899520874,200,0
CY25-1,711,1.8012763261795044,1.8010238409042358,1.8010238409042358,0.0,0.0,1.801496982574463,200,0
CY25-1,712,1.8040568828582764,1.8008044958114624,1.8008044958114624,0.0,0.0,1.8012763261795044,200,0
CY25-1,713,1.8000901937484741,1.8035850524902344,1.8035850524902344,0.0,0.0,1.8040568828582764,200,0
CY25-1,714,1.798751950263977,1.7996222972869873,1.7996222972869873,0.0,0.0,1.8000901937484741,200,0
CY25-1,715,1.7989106178283691,1.7982836961746216,1.7982836961746216,0.0,0.0,1.798751950263977,200,0
CY25-1,716,1.7970690727233887,1.7984400987625122,1.7984400987625122,0.0,0.0,1.7989106178283691,200,0
CY25-1,717,1.7972038984298706,1.7965357303619385,1.7965357303619385,0.0,0.0,1.7970690727233887,200,0
CY25-1,718,1.796382188796997,1.796666145324707,1.796666145324707,0.0,0.0,1.7972038984298706,200,0
CY25-1,719,1.7958358526229858,1.7959071397781372,1.7959071397781372,0.0,0.0,1.796382188796997,200,0
CY25-1,720,1.7940640449523926,1.7953674793243408,1.7953674793243408,0.0,0.0,1.7958358526229858,200,0
CY25-1,721,1.7936850786209106,1.7936005592346191,1.7936005592346191,0.0,0.0,1.7940640449523926,200,0
CY25-1,722,1.7953338623046875,1.7932186126708984,1.7932186126708984,0.0,0.0,1.7936850786209106,200,0
CY25-1,723,1.792604923248291,1.7948672771453857,1.7948672771453857,0.0,0.0,1.7953338623046875,200,0
CY25-1,724,1.7920747995376587,1.7919840812683105,1.7919840812683105,0.0,0.0,1.792604923248291,200,0
CY25-1,725,1.7908326387405396,1.7915064096450806,1.7915064096450806,0.0,0.0,1.7920747995376587,200,0
CY25-1,726,1.7903120517730713,1.7903704643249512,1.7903704643249512,0.0,0.0,1.7908326387405396,200,0
CY25-1,727,1.7897028923034668,1.7898468971252441,1.7898468971252441,0.0,0.0,1.7903120517730713,200,0
CY25-1,728,1.789394736289978,1.7892367839813232,1.7892367839813232,0.0,0.0,1.7897028923034668,200,0
CY25-1,729,1.7915396690368652,1.7889299392700195,1.7889299392700195,0.0,0.0,1.789394736289978,200,0
CY25-1,730,1.7885844707489014,1.7910739183425903,1.7910739183425903,0.0,0.0,1.7915396690368652,200,0
CY25-1,731,1.7867928743362427,1.7881245613098145,1.7881245613098145,0.0,0.0,1.7885844707489014,200,0
CY25-1,732,1.7857708930969238,1.786243200302124,1.786243200302124,0.0,0.0,1.7867928743362427,200,0
CY25-1,733,1.7857693433761597,1.7853093147277832,1.7853093147277832,0.0,0.0,1.7857708930969238,200,0
CY25-1,734,1.7848296165466309,1.7853072881698608,1.7853072881698608,0.0,0.0,1.7857693433761597,200,0
CY25-1,735,1.7834519147872925,1.7843692302703857,1.7843692302703857,0.0,0.0,1.7848296165466309,200,0
CY25-1,736,1.7839096784591675,1.7829890251159668,1.7829890251159668,0.0,0.0,1.7834519147872925,200,0
CY25-1,737,1.7831048965454102,1.7834476232528687,1.7834476232528687,0.0,0.0,1.7839096784591675,200,0
CY25-1,738,1.7819654941558838,1.7825040817260742,1.7825040817260742,0.0,0.0,1.7831048965454102,200,0
CY25-1,739,1.7825250625610352,1.7813233137130737,1.7813233137130737,0.0,0.0,1.7819654941558838,200,0
CY25-1,740,1.7801567316055298,1.7818334102630615,1.7818334102630615,0.0,0.0,1.7825250625610352,200,0
CY25-1,741,1.7798817157745361,1.7797054052352905,1.7797054052352905,0.0,0.0,1.7801567316055298,200,0
CY25-1,742,1.7793322801589966,1.7794312238693237,1.7794312238693237,0.0,0.0,1.7798817157745361,200,0
CY25-1,743,1.7781823873519897,1.7788798809051514,1.7788798809051514,0.0,0.0,1.7793322801589966,200,0
CY25-1,744,1.7774053812026978,1.7776159048080444,1.7776159048080444,0.0,0.0,1.7781823873519897,200,0
CY25-1,745,1.7774105072021484,1.7766997814178467,1.7766997814178467,0.0,0.0,1.7774053812026978,200,0
CY25-1,746,1.7786146402359009,1.7767025232315063,1.7767025232315063,0.0,0.0,1.7774105072021484,200,0
CY25-1,747,1.7761728763580322,1.7781658172607422,1.7781658172607422,0.0,0.0,1.7786146402359009,200,0
CY25-1,748,1.7852044105529785,1.7757179737091064,1.7757179737091064,0.0,0.0,1.7761728763580322,200,0
CY25-1,749,1.7830052375793457,1.7847487926483154,1.7847487926483154,0.0,0.0,1.7852044105529785,200,0
CY25-1,750,1.7806215286254883,1.7823562622070312,1.7823562622070312,0.0,0.0,1.7830052375793457,200,0
CY25-1,751,1.778617024421692,1.7801635265350342,1.7801635265350342,0.0,0.0,1.7806215286254883,200,0
CY25-1,752,1.7756553888320923,1.7781617641448975,1.7781617641448975,0.0,0.0,1.778617024421692,200,0
CY25-1,753,1.7750358581542969,1.7752063274383545,1.7752063274383545,0.0,0.0,1.7756553888320923,200,0
CY25-1,754,1.77395498752594,1.774586796760559,1.774586796760559,0.0,0.0,1.7750358581542969,200,0
CY25-1,755,1.7724788188934326,1.7735086679458618,1.7735086679458618,0.0,0.0,1.77395498752594,200,0
CY25-1,756,1.7730287313461304,1.7717145681381226,1.7717145681381226,0.0,0.0,1.7724788188934326,200,0
CY25-1,757,1.7700556516647339,1.7723877429962158,1.7723877429962158,0.0,0.0,1.7730287313461304,200,0
CY25-1,758,1.7704343795776367,1.7696125507354736,1.7696125507354736,0.0,0.0,1.7700556516647339,200,0
CY25-1,759,1.7674565315246582,1.7699936628341675,1.7699936628341675,0.0,0.0,1.7704343795776367,200,0
CY25-1,760,1.7663527727127075,1.7667032480239868,1.7667032480239868,0.0,0.0,1.7674565315246582,200,0
CY25-1,761,1.765809416770935,1.7657679319381714,1.7657679319381714,0.0,0.0,1.7663527727127075,200,0
CY25-1,762,1.7649294137954712,1.7653695344924927,1.7653695344924927,0.0,0.0,1.765809416770935,200,0
CY25-1,763,1.7630765438079834,1.764496922492981,1.764496922492981,0.0,0.0,1.7649294137954712,200,0
CY25-1,764,1.7665890455245972,1.7624634504318237,1.7624634504318237,0.0,0.0,1.7630765438079834,200,0
CY25-1,765,1.7630538940429688,1.7658580541610718,1.7658580541610718,0.0,0.0,1.7665890455245972,200,0
CY25-1,766,1.7604132890701294,1.7624138593673706,1.7624138593673706,0.0,0.0,1.7630538940429688,200,0
CY25-1,767,1.7595551013946533,1.7599775791168213,1.7599775791168213,0.0,0.0,1.7604132890701294,200,0
CY25-1,768,1.7583256959915161,1.7591197490692139,1.7591197490692139,0.0,0.0,1.7595551013946533,200,0
CY25-1,769,1.7573764324188232,1.7578673362731934,1.7578673362731934,0.0,0.0,1.7583256959915161,200,0
CY25-1,770,1.7572633028030396,1.7565535306930542,1.7565535306930542,0.0,0.0,1.7573764324188232,200,0
CY25-1,771,1.7553980350494385,1.756424903869629,1.756424903869629,0.0,0.0,1.7572633028030396,200,0
CY25-1,772,1.754645586013794,1.7549688816070557,1.7549688816070557,0.0,0.0,1.7553980350494385,200,0
CY25-1,773,1.7541916370391846,1.7542171478271484,1.7542171478271484,0.0,0.0,1.754645586013794,200,0
CY25-1,774,1.7535879611968994,1.7537643909454346,1.7537643909454346,0.0,0.0,1.7541916370391846,200,0
CY25-1,775,1.7526488304138184,1.7531620264053345,1.7531620264053345,0.0,0.0,1.7535879611968994,200,0
CY25-1,776,1.752380609512329,1.7518361806869507,1.7518361806869507,0.0,0.0,1.7526488304138184,200,0
CY25-1,777,1.75120210647583,1.7515379190444946,1.7515379190444946,0.0,0.0,1.752380609512329,200,0
CY25-1,778,1.7507438659667969,1.7505205869674683,1.7505205869674683,0.0,0.0,1.75120210647583,200,0
CY25-1,779,1.7489690780639648,1.7502119541168213,1.7502119541168213,0.0,0.0,1.7507438659667969,200,0
CY25-1,780,1.747785210609436,1.748548150062561,1.748548150062561,0.0,0.0,1.7489690780639648,200,0
CY25-1,781,1.746832013130188,1.746996283531189,1.746996283531189,0.0,0.0,1.747785210609436,200,0
CY25-1,782,1.7463977336883545,1.7459341287612915,1.7459341287612915,0.0,0.0,1.746832013130188,200,0
CY25-1,783,1.7456631660461426,1.7455898523330688,1.7455898523330688,0.0,0.0,1.7463977336883545,200,0
CY25-1,784,1.7477378845214844,1.7451115846633911,1.7451115846633911,0.0,0.0,1.7456631660461426,200,0
CY25-1,785,1.7446398735046387,1.7469255924224854,1.7469255924224854,0.0,0.0,1.7477378845214844,200,0
CY25-1,786,1.742565393447876,1.7442169189453125,1.7442169189453125,0.0,0.0,1.7446398735046387,200,0
CY25-1,787,1.7428008317947388,1.7414357662200928,1.7414357662200928,0.0,0.0,1.742565393447876,200,0
CY25-1,788,1.7400078773498535,1.7418997287750244,1.7418997287750244,0.0,0.0,1.7428008317947388,200,0
CY25-1,789,1.7404356002807617,1.739581823348999,1.739581823348999,0.0,0.0,1.7400078773498535,200,0
CY25-1,790,1.7393909692764282,1.739813208580017,1.739813208580017,0.0,0.0,1.7404356002807617,200,0
CY25-1,791,1.7385585308074951,1.7389814853668213,1.7389814853668213,0.0,0.0,1.7393909692764282,200,0
CY25-1,792,1.7372126579284668,1.738153338432312,1.738153338432312,0.0,0.0,1.7385585308074951,200,0
CY25-1,793,1.737318992614746,1.7361844778060913,1.7361844778060913,0.0,0.0,1.7372126579284668,200,0
CY25-1,794,1.735517144203186,1.7362982034683228,1.7362982034683228,0.0,0.0,1.737318992614746,200,0
CY25-1,795,1.7362911701202393,1.7348520755767822,1.7348520755767822,0.0,0.0,1.735517144203186,200,0
CY25-1,796,1.7341831922531128,1.7353864908218384,1.7353864908218384,0.0,0.0,1.7362911701202393,200,0
CY25-1,797,1.736839771270752,1.7337799072265625,1.7337799072265625,0.0,0.0,1.7341831922531128,200,0
CY25-1,798,1.7319585084915161,1.7358074188232422,1.7358074188232422,0.0,0.0,1.736839771270752,200,0
CY25-1,799,1.7325570583343506,1.7309072017669678,1.7309072017669678,0.0,0.0,1.7319585084915161,200,0
CY25-1,800,1.7320469617843628,1.7316023111343384,1.7316023111343384,0.0,0.0,1.7325570583343506,200,0
CY25-1,801,1.7307320833206177,1.7309789657592773,1.7309789657592773,0.0,0.0,1.7320469617843628,200,0
CY25-1,802,1.7292757034301758,1.72993004322052,1.72993004322052,0.0,0.0,1.7307320833206177,200,0
CY25-1,803,1.7280538082122803,1.7288849353790283,1.7288849353790283,0.0,0.0,1.7292757034301758,200,0
CY25-1,804,1.7282238006591797,1.7274203300476074,1.7274203300476074,0.0,0.0,1.7280538082122803,200,0
CY25-1,805,1.7265477180480957,1.7277629375457764,1.7277629375457764,0.0,0.0,1.7282238006591797,200,0
CY25-1,806,1.7252448797225952,1.7254737615585327,1.7254737615585327,0.0,0.0,1.7265477180480957,200,0
CY25-1,807,1.7248743772506714,1.724617838859558,1.724617838859558,0.0,0.0,1.7252448797225952,200,0
CY25-1,808,1.7233749628067017,1.7244548797607422,1.7244548797607422,0.0,0.0,1.7248743772506714,200,0
CY25-1,809,1.722311019897461,1.7229872941970825,1.7229872941970825,0.0,0.0,1.7233749628067017,200,0
CY25-1,810,1.7219164371490479,1.721259355545044,1.721259355545044,0.0,0.0,1.722311019897461,200,0
CY25-1,811,1.7209885120391846,1.7208003997802734,1.7208003997802734,0.0,0.0,1.7219164371490479,200,0
CY25-1,812,1.720297932624817,1.7200349569320679,1.7200349569320679,0.0,0.0,1.7209885120391846,200,0
CY25-1,813,1.719077229499817,1.7196283340454102,1.7196283340454102,0.0,0.0,1.720297932624817,200,0
CY25-1,814,1.7194100618362427,1.7186988592147827,1.7186988592147827,0.0,0.0,1.719077229499817,200,0
CY25-1,815,1.7180638313293457,1.7190319299697876,1.7190319299697876,0.0,0.0,1.7194100618362427,200,0
CY25-1,816,1.716690182685852,1.7174696922302246,1.7174696922302246,0.0,0.0,1.7180638313293457,200,0
CY25-1,817,1.7151877880096436,1.7156065702438354,1.7156065702438354,0.0,0.0,1.716690182685852,200,0
CY25-1,818,1.714561939239502,1.7145814895629883,1.7145814895629883,0.0,0.0,1.7151877880096436,200,0
CY25-1,819,1.7140207290649414,1.714189052581787,1.714189052581787,0.0,0.0,1.714561939239502,200,0
CY25-1,820,1.7130680084228516,1.7136502265930176,1.7136502265930176,0.0,0.0,1.7140207290649414,200,0
CY25-1,821,1.7124041318893433,1.7124755382537842,1.7124755382537842,0.0,0.0,1.7130680084228516,200,0
CY25-1,822,1.71319580078125,1.711321473121643,1.711321473121643,0.0,0.0,1.7124041318893433,200,0
CY25-1,823,1.7138535976409912,1.7127736806869507,1.7127736806869507,0.0,0.0,1.71319580078125,200,0
CY25-1,824,1.7103842496871948,1.7134791612625122,1.7134791612625122,0.0,0.0,1.7138535976409912,200,0
CY25-1,825,1.7085100412368774,1.7095259428024292,1.7095259428024292,0.0,0.0,1.7103842496871948,200,0
CY25-1,826,1.707737922668457,1.7081422805786133,1.7081422805786133,0.0,0.0,1.7085100412368774,200,0
CY25-1,827,1.7073657512664795,1.7067911624908447,1.7067911624908447,0.0,0.0,1.707737922668457,200,0
CY25-1,828,1.706480622291565,1.7062263488769531,1.7062263488769531,0.0,0.0,1.7073657512664795,200,0
CY25-1,829,1.705238938331604,1.7052464485168457,1.7052464485168457,0.0,0.0,1.706480622291565,200,0
CY25-1,830,1.7045047283172607,1.7044304609298706,1.7044304609298706,0.0,0.0,1.705238938331604,200,0
CY25-1,831,1.7036561965942383,1.704094409942627,1.704094409942627,0.0,0.0,1.7045047283172607,200,0
CY25-1,832,1.7035229206085205,1.7032924890518188,1.7032924890518188,0.0,0.0,1.7036561965942383,200,0
CY25-1,833,1.7022114992141724,1.703160047531128,1.703160047531128,0.0,0.0,1.7035229206085205,200,0
CY25-1,834,1.7022796869277954,1.700964331626892,1.700964331626892,0.0,0.0,1.7022114992141724,200,0
CY25-1,835,1.7017829418182373,1.7010332345962524,1.7010332345962524,0.0,0.0,1.7022796869277954,200,0
CY25-1,836,1.6997358798980713,1.7005012035369873,1.7005012035369873,0.0,0.0,1.7017829418182373,200,0
CY25-1,837,1.6992683410644531,1.699048399925232,1.699048399925232,0.0,0.0,1.6997358798980713,200,0
CY25-1,838,1.6974799633026123,1.6988786458969116,1.6988786458969116,0.0,0.0,1.6992683410644531,200,0
CY25-1,839,1.697635293006897,1.6962965726852417,1.6962965726852417,0.0,0.0,1.6974799633026123,200,0
CY25-1,840,1.6957550048828125,1.6965556144714355,1.6965556144714355,0.0,0.0,1.697635293006897,200,0
CY25-1,841,1.6952979564666748,1.694563388824463,1.694563388824463,0.0,0.0,1.6957550048828125,200,0
CY25-1,842,1.6947021484375,1.6943042278289795,1.6943042278289795,0.0,0.0,1.6952979564666748,200,0
CY25-1,843,1.6966530084609985,1.6940264701843262,1.6940264701843262,0.0,0.0,1.6947021484375,200,0
CY25-1,844,1.6933854818344116,1.6952409744262695,1.6952409744262695,0.0,0.0,1.6966530084609985,200,0
CY25-1,845,1.6918680667877197,1.693029522895813,1.693029522895813,0.0,0.0,1.6933854818344116,200,0
CY25-1,846,1.7061915397644043,1.6904270648956299,1.6904270648956299,0.0,0.0,1.6918680667877197,200,0
CY25-1,847,1.7028039693832397,1.7047603130340576,1.7047603130340576,0.0,0.0,1.7061915397644043,200,0
CY25-1,848,1.7012250423431396,1.7018163204193115,1.7018163204193115,0.0,0.0,1.7028039693832397,200,0
CY25-1,849,1.700391411781311,1.6997594833374023,1.6997594833374023,0.0,0.0,1.7012250423431396,200,0
CY25-1,850,1.6963707208633423,1.6992182731628418,1.6992182731628418,0.0,0.0,1.700391411781311,200,0
CY25-1,851,1.6934078931808472,1.6948504447937012,1.6948504447937012,0.0,0.0,1.6963707208633423,200,0
CY25-1,852,1.6909335851669312,1.6930514574050903,1.6930514574050903,0.0,0.0,1.6934078931808472,200,0
CY25-1,853,1.6894785165786743,1.6895133256912231,1.6895133256912231,0.0,0.0,1.6909335851669312,200,0
CY25-1,854,1.6879345178604126,1.688805103302002,1.688805103302002,0.0,0.0,1.6894785165786743,200,0
CY25-1,855,1.6865912675857544,1.6871782541275024,1.6871782541275024,0.0,0.0,1.6879345178604126,200,0
CY25-1,856,1.6855963468551636,1.6851394176483154,1.6851394176483154,0.0,0.0,1.6865912675857544,200,0
CY25-1,857,1.6844837665557861,1.6843416690826416,1.6843416690826416,0.0,0.0,1.6855963468551636,200,0
CY25-1,858,1.6830270290374756,1.6837819814682007,1.6837819814682007,0.0,0.0,1.6844837665557861,200,0
CY25-1,859,1.6809959411621094,1.6824414730072021,1.6824414730072021,0.0,0.0,1.6830270290374756,200,0
CY25-1,860,1.6813384294509888,1.6794880628585815,1.6794880628585815,0.0,0.0,1.6809959411621094,200,0
CY25-1,861,1.678710699081421,1.6797407865524292,1.6797407865524292,0.0,0.0,1.6813384294509888,200,0
CY25-1,862,1.677195429801941,1.6783703565597534,1.6783703565597534,0.0,0.0,1.678710699081421,200,0
CY25-1,863,1.6753108501434326,1.6757010221481323,1.6757010221481323,0.0,0.0,1.677195429801941,200,0
CY25-1,864,1.6746448278427124,1.6740589141845703,1.6740589141845703,0.0,0.0,1.6753108501434326,200,0
CY25-1,865,1.6728707551956177,1.6737494468688965,1.6737494468688965,0.0,0.0,1.6746448278427124,200,0
CY25-1,866,1.6718090772628784,1.6720104217529297,1.6720104217529297,0.0,0.0,1.6728707551956177,200,0
CY25-1,867,1.6713069677352905,1.6701409816741943,1.6701409816741943,0.0,0.0,1.6718090772628784,200,0
CY25-1,868,1.67331063747406,1.669636845588684,1.669636845588684,0.0,0.0,1.6713069677352905,200,0
CY25-1,869,1.6704925298690796,1.6729810237884521,1.6729810237884521,0.0,0.0,1.67331063747406,200,0
CY25-1,870,1.667818546295166,1.6690552234649658,1.6690552234649658,0.0,0.0,1.6704925298690796,200,0
CY25-1,871,1.6674269437789917,1.666869044303894,1.666869044303894,0.0,0.0,1.667818546295166,200,0
CY25-1,872,1.6665675640106201,1.6659823656082153,1.6659823656082153,0.0,0.0,1.6674269437789917,200,0
CY25-1,873,1.6647311449050903,1.6648080348968506,1.6648080348968506,0.0,0.0,1.6665675640106201,200,0
CY25-1,874,1.6632040739059448,1.6636565923690796,1.6636565923690796,0.0,0.0,1.6647311449050903,200,0
CY25-1,875,1.6622637510299683,1.662874698638916,1.662874698638916,0.0,0.0,1.6632040739059448,200,0
CY25-1,876,1.6611377000808716,1.6607719659805298,1.6607719659805298,0.0,0.0,1.6622637510299683,200,0
CY25-1,877,1.660190224647522,1.6594854593276978,1.6594854593276978,0.0,0.0,1.6611377000808716,200,0
CY25-1,878,1.6587942838668823,1.6588921546936035,1.6588921546936035,0.0,0.0,1.660190224647522,200,0
CY25-1,879,1.6584450006484985,1.658341884613037,1.658341884613037,0.0,0.0,1.6587942838668823,200,0
CY25-1,880,1.6567895412445068,1.6581284999847412,1.6581284999847412,0.0,0.0,1.6584450006484985,200,0
CY25-1,881,1.6578232049942017,1.654968023300171,1.654968023300171,0.0,0.0,1.6567895412445068,200,0
CY25-1,882,1.6547693014144897,1.6568660736083984,1.6568660736083984,0.0,0.0,1.6578232049942017,200,0
CY25-1,883,1.653610348701477,1.6535896062850952,1.6535896062850952,0.0,0.0,1.6547693014144897,200,0
CY25-1,884,1.6475660800933838,1.653211236000061,1.653211236000061,0.0,0.0,1.653610348701477,200,0
CY25-1,885,1.6517738103866577,1.6462067365646362,1.6462067365646362,0.0,0.0,1.6475660800933838,200,0
CY25-1,886,1.65133798122406,1.6499269008636475,1.6499269008636475,0.0,0.0,1.6517738103866577,200,0
CY25-1,400,2.0325591564178467,2.032087564468384,2.032087564468384,0.0,0.0,2.032910108566284,400,0
CY25-1,401,2.032011032104492,2.031736373901367,2.031736373901367,0.0,0.0,2.0325591564178467,400,0
CY25-1,402,2.0324888229370117,2.0311880111694336,2.0311880111694336,0.0,0.0,2.032011032104492,400,0
CY25-1,403,2.029909610748291,2.0316667556762695,2.0316667556762695,0.0,0.0,2.0324888229370117,400,0
CY25-1,404,2.029090642929077,2.029087543487549,2.029087543487549,0.0,0.0,2.029909610748291,400,0
CY25-1,405,2.029129981994629,2.0282726287841797,2.0282726287841797,0.0,0.0,2.029090642929077,400,0
CY25-1,406,2.026808738708496,2.0283098220825195,2.0283098220825195,0.0,0.0,2.029129981994629,400,0
CY25-1,407,2.0256283283233643,2.025989532470703,2.025989532470703,0.0,0.0,2.026808738708496,400,0
CY25-1,408,2.025308847427368,2.0248095989227295,2.0248095989227295,0.0,0.0,2.0256283283233643,400,0
CY25-1,409,2.0243947505950928,2.0244903564453125,2.0244903564453125,0.0,0.0,2.025308847427368,400,0
CY25-1,410,2.0219638347625732,2.023576498031616,2.023576498031616,0.0,0.0,2.0243947505950928,400,0
CY25-1,411,2.0217275619506836,2.0211470127105713,2.0211470127105713,0.0,0.0,2.0219638347625732,400,0
CY25-1,412,2.0202901363372803,2.0209100246429443,2.0209100246429443,0.0,0.0,2.0217275619506836,400,0
CY25-1,413,2.0199780464172363,2.019473075866699,2.019473075866699,0.0,0.0,2.0202901363372803,400,0
CY25-1,414,2.0188677310943604,2.0191619396209717,2.0191619396209717,0.0,0.0,2.0199780464172363,400,0
CY25-1,415,2.0174455642700195,2.0180561542510986,2.0180561542510986,0.0,0.0,2.0188677310943604,400,0
CY25-1,416,2.0177669525146484,2.016634941101074,2.016634941101074,0.0,0.0,2.0174455642700195,400,0
CY25-1,417,2.0176258087158203,2.016954183578491,2.016954183578491,0.0,0.0,2.0177669525146484,400,0
CY25-1,418,2.0158636569976807,2.016812562942505,2.016812562942505,0.0,0.0,2.0176258087158203,400,0
CY25-1,419,2.015030860900879,2.0150504112243652,2.0150504112243652,0.0,0.0,2.0158636569976807,400,0
CY25-1,420,2.0140511989593506,2.014219284057617,2.014219284057617,0.0,0.0,2.015030860900879,400,0
CY25-1,421,2.0144894123077393,2.0132391452789307,2.0132391452789307,0.0,0.0,2.0140511989593506,400,0
CY25-1,422,2.0128493309020996,2.013678550720215,2.013678550720215,0.0,0.0,2.0144894123077393,400,0
CY25-1,423,2.0115060806274414,2.0120155811309814,2.0120155811309814,0.0,0.0,2.0128493309020996,400,0
CY25-1,424,2.0114972591400146,2.0106515884399414,2.0106515884399414,0.0,0.0,2.0115060806274414,400,0
CY25-1,425,2.0106561183929443,2.0106308460235596,2.0106308460235596,0.0,0.0,2.0114972591400146,400,0
CY25-1,426,2.0095908641815186,2.0097994804382324,2.0097994804382324,0.0,0.0,2.0106561183929443,400,0
CY25-1,427,2.0087506771087646,2.0087060928344727,2.0087060928344727,0.0,0.0,2.0095908641815186,400,0
CY25-1,428,2.0087807178497314,2.0078845024108887,2.0078845024108887,0.0,0.0,2.0087506771087646,400,0
CY25-1,429,2.008526086807251,2.0079121589660645,2.0079121589660645,0.0,0.0,2.0087807178497314,400,0
CY25-1,430,2.006077527999878,2.007657766342163,2.007657766342163,0.0,0.0,2.008526086807251,400,0
CY25-1,431,2.0057718753814697,2.0052056312561035,2.0052056312561035,0.0,0.0,2.006077527999878,400,0
CY25-1,432,2.004727363586426,2.004896640777588,2.004896640777588,0.0,0.0,2.0057718753814697,400,0
CY25-1,433,2.0052123069763184,2.0038535594940186,2.0038535594940186,0.0,0.0,2.004727363586426,400,0
CY25-1,434,2.0048727989196777,2.004337787628174,2.004337787628174,0.0,0.0,2.0052123069763184,400,0
CY25-1,435,2.0036203861236572,2.003999948501587,2.003999948501587,0.0,0.0,2.0048727989196777,400,0
CY25-1,436,2.0021533966064453,2.0027220249176025,2.0027220249176025,0.0,0.0,2.0036203861236572,400,0
CY25-1,437,2.0010926723480225,2.001260280609131,2.001260280609131,0.0,0.0,2.0021533966064453,400,0
CY25-1,438,2.0003113746643066,2.0002219676971436,2.0002219676971436,0.0,0.0,2.0010926723480225,400,0
CY25-1,439,2.000063180923462,1.9994418621063232,1.9994418621063232,0.0,0.0,2.0003113746643066,400,0
CY25-1,440,1.9998632669448853,1.9991955757141113,1.9991955757141113,0.0,0.0,2.000063180923462,400,0
CY25-1,441,1.9989756345748901,1.9989969730377197,1.9989969730377197,0.0,0.0,1.9998632669448853,400,0
CY25-1,442,1.997335433959961,1.9981104135513306,1.9981104135513306,0.0,0.0,1.9989756345748901,400,0
CY25-1,443,1.9970093965530396,1.9964505434036255,1.9964505434036255,0.0,0.0,1.997335433959961,400,0
CY25-1,444,1.9958933591842651,1.9961460828781128,1.9961460828781128,0.0,0.0,1.9970093965530396,400,0
CY25-1,445,1.9965754747390747,1.9950320720672607,1.9950320720672607,0.0,0.0,1.9958933591842651,400,0
CY25-1,446,1.9952359199523926,1.9957151412963867,1.9957151412963867,0.0,0.0,1.9965754747390747,400,0
CY25-1,447,1.994325041770935,1.9943559169769287,1.9943559169769287,0.0,0.0,1.9952359199523926,400,0
CY25-1,448,1.992932915687561,1.9934701919555664,1.9934701919555664,0.0,0.0,1.994325041770935,400,0
CY25-1,449,1.9921296834945679,1.9920560121536255,1.9920560121536255,0.0,0.0,1.992932915687561,400,0
CY25-1,450,1.9918301105499268,1.9912755489349365,1.9912755489349365,0.0,0.0,1.9921296834945679,400,0
CY25-1,451,1.9915424585342407,1.9909765720367432,1.9909765720367432,0.0,0.0,1.9918301105499268,400,0
CY25-1,452,1.9897998571395874,1.9906903505325317,1.9906903505325317,0.0,0.0,1.9915424585342407,400,0
CY25-1,453,1.9891939163208008,1.9889261722564697,1.9889261722564697,0.0,0.0,1.9897998571395874,400,0
CY25-1,454,1.9970579147338867,1.9883190393447876,1.9883190393447876,0.0,0.0,1.9891939163208008,400,0
CY25-1,455,1.9935026168823242,1.996203064918518,1.996203064918518,0.0,0.0,1.9970579147338867,400,0
CY25-1,456,1.991044521331787,1.9926475286483765,1.9926475286483765,0.0,0.0,1.9935026168823242,400,0
CY25-1,457,1.9895565509796143,1.9901677370071411,1.9901677370071411,0.0,0.0,1.991044521331787,400,0
CY25-1,458,1.9870597124099731,1.9886829853057861,1.9886829853057861,0.0,0.0,1.9895565509796143,400,0
CY25-1,459,1.9858040809631348,1.986211895942688,1.986211895942688,0.0,0.0,1.9870597124099731,400,0
CY25-1,460,1.9848055839538574,1.9849357604980469,1.9849357604980469,0.0,0.0,1.9858040809631348,400,0
CY25-1,461,1.9851531982421875,1.9839600324630737,1.9839600324630737,0.0,0.0,1.9848055839538574,400,0
CY25-1,462,1.982861876487732,1.9842890501022339,1.9842890501022339,0.0,0.0,1.9851531982421875,400,0
CY25-1,463,1.9810607433319092,1.9819973707199097,1.9819973707199097,0.0,0.0,1.982861876487732,400,0
CY25-1,464,1.980316162109375,1.9801990985870361,1.9801990985870361,0.0,0.0,1.9810607433319092,400,0
CY25-1,465,1.9789469242095947,1.979453682899475,1.979453682899475,0.0,0.0,1.980316162109375,400,0
CY25-1,466,1.978130578994751,1.978083610534668,1.978083610534668,0.0,0.0,1.9789469242095947,400,0
CY25-1,467,1.9773476123809814,1.9772695302963257,1.9772695302963257,0.0,0.0,1.978130578994751,400,0
CY25-1,468,1.9772961139678955,1.9765123128890991,1.9765123128890991,0.0,0.0,1.9773476123809814,400,0
CY25-1,469,1.9756146669387817,1.9764649868011475,1.9764649868011475,0.0,0.0,1.9772961139678955,400,0
CY25-1,470,1.9756680727005005,1.9747869968414307,1.9747869968414307,0.0,0.0,1.9756146669387817,400,0
CY25-1,471,1.9731273651123047,1.97484290599823,1.97484290599823,0.0,0.0,1.9756680727005005,400,0
CY25-1,472,1.9729174375534058,1.9723068475723267,1.9723068475723267,0.0,0.0,1.9731273651123047,400,0
CY25-1,473,1.9731041193008423,1.9720942974090576,1.9720942974090576,0.0,0.0,1.9729174375534058,400,0
CY25-1,474,1.9718399047851562,1.9722874164581299,1.9722874164581299,0.0,0.0,1.9731041193008423,400,0
CY25-1,475,1.9704835414886475,1.971024751663208,1.971024751663208,0.0,0.0,1.9718399047851562,400,0
CY25-1,476,1.970009684562683,1.9696717262268066,1.9696717262268066,0.0,0.0,1.9704835414886475,400,0
CY25-1,477,1.9692373275756836,1.96919846534729,1.96919846534729,0.0,0.0,1.970009684562683,400,0
CY25-1,478,1.9688764810562134,1.9684289693832397,1.9684289693832397,0.0,0.0,1.9692373275756836,400,0
CY25-1,479,1.9677422046661377,1.9680707454681396,1.9680707454681396,0.0,0.0,1.9688764810562134,400,0
CY25-1,480,1.9656416177749634,1.9669125080108643,1.9669125080108643,0.0,0.0,1.9677422046661377,400,0
CY25-1,481,1.9671447277069092,1.964809775352478,1.964809775352478,0.0,0.0,1.9656416177749634,400,0
CY25-1,482,1.9653455018997192,1.9663314819335938,1.9663314819335938,0.0,0.0,1.9671447277069092,400,0
CY25-1,483,1.964956283569336,1.9645378589630127,1.9645378589630127,0.0,0.0,1.9653455018997192,400,0
CY25-1,484,1.9636744260787964,1.964146614074707,1.964146614074707,0.0,0.0,1.964956283569336,400,0
CY25-1,485,1.9628591537475586,1.9628747701644897,1.9628747701644897,0.0,0.0,1.9636744260787964,400,0
CY25-1,486,1.9625674486160278,1.9620569944381714,1.9620569944381714,0.0,0.0,1.9628591537475586,400,0
CY25-1,487,1.963502049446106,1.9617787599563599,1.9617787599563599,0.0,0.0,1.9625674486160278,400,0
CY25-1,488,1.961043357849121,1.96271550655365,1.96271550655365,0.0,0.0,1.963502049446106,400,0
CY25-1,489,1.9602129459381104,1.9602611064910889,1.9602611064910889,0.0,0.0,1.961043357849121,400,0
CY25-1,490,1.9590601921081543,1.9594324827194214,1.9594324827194214,0.0,0.0,1.9602129459381104,400,0
CY25-1,491,1.958256721496582,1.9582804441452026,1.9582804441452026,0.0,0.0,1.9590601921081543,400,0
CY25-1,492,1.9577183723449707,1.9574778079986572,1.9574778079986572,0.0,0.0,1.958256721496582,400,0
CY25-1,493,1.9566073417663574,1.9569398164749146,1.9569398164749146,0.0,0.0,1.9577183723449707,400,0
CY25-1,494,1.9568352699279785,1.9558310508728027,1.9558310508728027,0.0,0.0,1.9566073417663574,400,0
CY25-1,495,1.9563957452774048,1.9560595750808716,1.9560595750808716,0.0,0.0,1.9568352699279785,400,0
CY25-1,496,1.9550937414169312,1.9556196928024292,1.9556196928024292,0.0,0.0,1.9563957452774048,400,0
CY25-1,497,1.9537248611450195,1.9543190002441406,1.9543190002441406,0.0,0.0,1.9550937414169312,400,0
CY25-1,498,1.9528214931488037,1.9529496431350708,1.9529496431350708,0.0,0.0,1.9537248611450195,400,0
CY25-1,499,1.95260751247406,1.9520493745803833,1.9520493745803833,0.0,0.0,1.9528214931488037,400,0
CY25-1,500,1.9537086486816406,1.9518367052078247,1.9518367052078247,0.0,0.0,1.95260751247406,400,0
CY25-1,501,1.95133376121521,1.9529366493225098,1.9529366493225098,0.0,0.0,1.9537086486816406,400,0
CY25-1,502,1.949868083000183,1.950560212135315,1.950560212135315,0.0,0.0,1.95133376121521,400,0
CY25-1,503,1.9498869180679321,1.9491013288497925,1.9491013288497925,0.0,0.0,1.949868083000183,400,0
CY25-1,504,1.9476494789123535,1.949119210243225,1.949119210243225,0.0,0.0,1.9498869180679321,400,0
CY25-1,505,1.94637930393219,1.9468822479248047,1.9468822479248047,0.0,0.0,1.9476494789123535,400,0
CY25-1,506,1.9465478658676147,1.9456151723861694,1.9456151723861694,0.0,0.0,1.94637930393219,400,0
CY25-1,507,1.9454419612884521,1.9457823038101196,1.9457823038101196,0.0,0.0,1.9465478658676147,400,0
CY25-1,508,1.945258617401123,1.944678544998169,1.944678544998169,0.0,0.0,1.9454419612884521,400,0
CY25-1,509,1.9442099332809448,1.9444940090179443,1.9444940090179443,0.0,0.0,1.945258617401123,400,0
CY25-1,510,1.9432653188705444,1.9434465169906616,1.9434465169906616,0.0,0.0,1.9442099332809448,400,0
CY25-1,511,1.9417933225631714,1.9425026178359985,1.9425026178359985,0.0,0.0,1.9432653188705444,400,0
CY25-1,512,1.941351056098938,1.9410357475280762,1.9410357475280762,0.0,0.0,1.9417933225631714,400,0
CY25-1,513,1.9411380290985107,1.9405957460403442,1.9405957460403442,0.0,0.0,1.941351056098938,400,0
CY25-1,514,1.9399908781051636,1.9403808116912842,1.9403808116912842,0.0,0.0,1.9411380290985107,400,0
CY25-1,515,1.9393317699432373,1.9392311573028564,1.9392311573028564,0.0,0.0,1.9399908781051636,400,0
CY25-1,516,1.9387733936309814,1.9386250972747803,1.9386250972747803,0.0,0.0,1.9393317699432373,400,0
CY25-1,517,1.938096284866333,1.938072681427002,1.938072681427002,0.0,0.0,1.9387733936309814,400,0
CY25-1,518,1.9367965459823608,1.9374115467071533,1.9374115467071533,0.0,0.0,1.938096284866333,400,0
CY25-1,519,1.9367448091506958,1.9361199140548706,1.9361199140548706,0.0,0.0,1.9367965459823608,400,0
CY25-1,520,1.9359285831451416,1.936073899269104,1.936073899269104,0.0,0.0,1.9367448091506958,400,0
CY25-1,521,1.9347413778305054,1.9352610111236572,1.9352610111236572,0.0,0.0,1.9359285831451416,400,0
CY25-1,522,1.9344141483306885,1.9340722560882568,1.9340722560882568,0.0,0.0,1.9347413778305054,400,0
CY25-1,523,1.9344565868377686,1.9337433576583862,1.9337433576583862,0.0,0.0,1.9344141483306885,400,0
CY25-1,524,1.9333544969558716,1.9337875843048096,1.9337875843048096,0.0,0.0,1.9344565868377686,400,0
CY25-1,525,1.932815432548523,1.9326865673065186,1.9326865673065186,0.0,0.0,1.9333544969558716,400,0
CY25-1,526,1.931801438331604,1.9321497678756714,1.9321497678756714,0.0,0.0,1.932815432548523,400,0
CY25-1,527,1.9309474229812622,1.931136131286621,1.931136131286621,0.0,0.0,1.931801438331604,400,0
CY25-1,528,1.930608868598938,1.9302774667739868,1.9302774667739868,0.0,0.0,1.9309474229812622,400,0
CY25-1,529,1.9288697242736816,1.9299322366714478,1.9299322366714478,0.0,0.0,1.930608868598938,400,0
CY25-1,530,1.9298564195632935,1.928193211555481,1.928193211555481,0.0,0.0,1.9288697242736816,400,0
CY25-1,531,1.9291374683380127,1.9291787147521973,1.9291787147521973,0.0,0.0,1.9298564195632935,400,0
CY25-1,532,1.927603006362915,1.9284591674804688,1.9284591674804688,0.0,0.0,1.9291374683380127,400,0
CY25-1,533,1.9264482259750366,1.9269251823425293,1.9269251823425293,0.0,0.0,1.927603006362915,400,0
CY25-1,534,1.9257994890213013,1.9257701635360718,1.9257701635360718,0.0,0.0,1.9264482259750366,400,0
CY25-1,535,1.9257118701934814,1.925116777420044,1.925116777420044,0.0,0.0,1.9257994890213013,400,0
CY25-1,536,1.926126480102539,1.9250236749649048,1.9250236749649048,0.0,0.0,1.9257118701934814,400,0
CY25-1,537,1.9254939556121826,1.9254388809204102,1.9254388809204102,0.0,0.0,1.926126480102539,400,0
CY25-1,538,1.9235401153564453,1.924808382987976,1.924808382987976,0.0,0.0,1.9254939556121826,400,0
CY25-1,539,1.9226735830307007,1.9228556156158447,1.9228556156158447,0.0,0.0,1.9235401153564453,400,0
CY25-1,540,1.9218956232070923,1.9219893217086792,1.9219893217086792,0.0,0.0,1.9226735830307007,400,0
CY25-1,541,1.9216618537902832,1.9212113618850708,1.9212113618850708,0.0,0.0,1.9218956232070923,400,0
CY25-1,542,1.9210972785949707,1.9209775924682617,1.9209775924682617,0.0,0.0,1.9216618537902832,400,0
CY25-1,543,1.9209238290786743,1.9204150438308716,1.9204150438308716,0.0,0.0,1.9210972785949707,400,0
CY25-1,544,1.9209250211715698,1.9202399253845215,1.9202399253845215,0.0,0.0,1.9209238290786743,400,0
CY25-1,545,1.9194798469543457,1.9202412366867065,1.9202412366867065,0.0,0.0,1.9209250211715698,400,0
CY25-1,546,1.918387770652771,1.9187973737716675,1.9187973737716675,0.0,0.0,1.9194798469543457,400,0
CY25-1,547,1.91717529296875,1.9177072048187256,1.9177072048187256,0.0,0.0,1.918387770652771,400,0
CY25-1,548,1.9165735244750977,1.916496753692627,1.916496753692627,0.0,0.0,1.91717529296875,400,0
CY25-1,549,1.9156619310379028,1.9158960580825806,1.9158960580825806,0.0,0.0,1.9165735244750977,400,0
CY25-1,550,1.9160603284835815,1.9149830341339111,1.9149830341339111,0.0,0.0,1.9156619310379028,400,0
CY25-1,551,1.9157917499542236,1.9153796434402466,1.9153796434402466,0.0,0.0,1.9160603284835815,400,0
CY25-1,552,1.9226555824279785,1.9151123762130737,1.9151123762130737,0.0,0.0,1.9157917499542236,400,0
CY25-1,553,1.9200544357299805,1.921972393989563,1.921972393989563,0.0,0.0,1.9226555824279785,400,0
CY25-1,554,1.9190105199813843,1.9193711280822754,1.9193711280822754,0.0,0.0,1.9200544357299805,400,0
CY25-1,555,1.9150726795196533,1.9183268547058105,1.9183268547058105,0.0,0.0,1.9190105199813843,400,0
CY25-1,556,1.9140900373458862,1.9143917560577393,1.9143917560577393,0.0,0.0,1.9150726795196533,400,0
CY25-1,557,1.9127731323242188,1.9134109020233154,1.9134109020233154,0.0,0.0,1.9140900373458862,400,0
CY25-1,558,1.9119791984558105,1.9120949506759644,1.9120949506759644,0.0,0.0,1.9127731323242188,400,0
CY25-1,559,1.911526083946228,1.9113037586212158,1.9113037586212158,0.0,0.0,1.9119791984558105,400,0
CY25-1,560,1.9096052646636963,1.9108543395996094,1.9108543395996094,0.0,0.0,1.911526083946228,400,0
CY25-1,561,1.9084419012069702,1.908935308456421,1.908935308456421,0.0,0.0,1.9096052646636963,400,0
CY25-1,562,1.907515525817871,1.9077720642089844,1.9077720642089844,0.0,0.0,1.9084419012069702,400,0
CY25-1,563,1.9070026874542236,1.9068470001220703,1.9068470001220703,0.0,0.0,1.907515525817871,400,0
CY25-1,564,1.906374216079712,1.906334400177002,1.906334400177002,0.0,0.0,1.9070026874542236,400,0
CY25-1,565,1.9050309658050537,1.9057073593139648,1.9057073593139648,0.0,0.0,1.906374216079712,400,0
CY25-1,566,1.9056247472763062,1.9043651819229126,1.9043651819229126,0.0,0.0,1.9050309658050537,400,0
CY25-1,567,1.903443455696106,1.9049596786499023,1.9049596786499023,0.0,0.0,1.9056247472763062,400,0
CY25-1,568,1.9027858972549438,1.902779459953308,1.902779459953308,0.0,0.0,1.903443455696106,400,0
CY25-1,569,1.901738166809082,1.9021204710006714,1.9021204710006714,0.0,0.0,1.9027858972549438,400,0
CY25-1,570,1.8998972177505493,1.9010748863220215,1.9010748863220215,0.0,0.0,1.901738166809082,400,0
CY25-1,571,1.899892807006836,1.8992360830307007,1.8992360830307007,0.0,0.0,1.8998972177505493,400,0
CY25-1,572,1.8996578454971313,1.899232029914856,1.899232029914856,0.0,0.0,1.899892807006836,400,0
CY25-1,573,1.8978779315948486,1.8989970684051514,1.8989970684051514,0.0,0.0,1.8996578454971313,400,0
CY25-1,574,1.8992279767990112,1.897216796875,1.897216796875,0.0,0.0,1.8978779315948486,400,0
CY25-1,575,1.8967382907867432,1.8985673189163208,1.8985673189163208,0.0,0.0,1.8992279767990112,400,0
CY25-1,576,1.8960522413253784,1.8960801362991333,1.8960801362991333,0.0,0.0,1.8967382907867432,400,0
CY25-1,577,1.8956739902496338,1.8953970670700073,1.8953970670700073,0.0,0.0,1.8960522413253784,400,0
CY25-1,578,1.8950237035751343,1.8950196504592896,1.8950196504592896,0.0,0.0,1.8956739902496338,400,0
CY25-1,579,1.8946141004562378,1.8943681716918945,1.8943681716918945,0.0,0.0,1.8950237035751343,400,0
CY25-1,580,1.8954992294311523,1.8939554691314697,1.8939554691314697,0.0,0.0,1.8946141004562378,400,0
CY25-1,581,1.8910523653030396,1.8948440551757812,1.8948440551757812,0.0,0.0,1.8954992294311523,400,0
CY25-1,582,1.8917584419250488,1.8904037475585938,1.8904037475585938,0.0,0.0,1.8910523653030396,400,0
CY25-1,583,1.890708327293396,1.8911104202270508,1.8911104202270508,0.0,0.0,1.8917584419250488,400,0
CY25-1,584,1.8898710012435913,1.8900597095489502,1.8900597095489502,0.0,0.0,1.890708327293396,400,0
CY25-1,585,1.8894637823104858,1.8892223834991455,1.8892223834991455,0.0,0.0,1.8898710012435913,400,0
CY25-1,586,1.8898260593414307,1.8888146877288818,1.8888146877288818,0.0,0.0,1.8894637823104858,400,0
CY25-1,587,1.888260841369629,1.889175534248352,1.889175534248352,0.0,0.0,1.8898260593414307,400,0
CY25-1,588,1.8882253170013428,1.8876155614852905,1.8876155614852905,0.0,0.0,1.888260841369629,400,0
CY25-1,589,1.8861478567123413,1.8875826597213745,1.8875826597213745,0.0,0.0,1.8882253170013428,400,0
CY25-1,590,1.8854217529296875,1.885506510734558,1.885506510734558,0.0,0.0,1.8861478567123413,400,0
CY25-1,591,1.8851306438446045,1.8847813606262207,1.8847813606262207,0.0,0.0,1.8854217529296875,400,0
CY25-1,592,1.8856250047683716,1.8844925165176392,1.8844925165176392,0.0,0.0,1.8851306438446045,400,0
CY25-1,593,1.8818778991699219,1.884988784790039,1.884988784790039,0.0,0.0,1.8856250047683716,400,0
CY25-1,594,1.8826433420181274,1.881242275238037,1.881242275238037,0.0,0.0,1.8818778991699219,400,0
CY25-1,595,1.8853085041046143,1.8820101022720337,1.8820101022720337,0.0,0.0,1.8826433420181274,400,0
CY25-1,596,1.8829357624053955,1.8846683502197266,1.8846683502197266,0.0,0.0,1.8853085041046143,400,0
CY25-1,597,1.8815556764602661,1.8822993040084839,1.8822993040084839,0.0,0.0,1.8829357624053955,400,0
CY25-1,598,1.880825161933899,1.8809233903884888,1.8809233903884888,0.0,0.0,1.8815556764602661,400,0
CY25-1,599,1.880078911781311,1.8801932334899902,1.8801932334899902,0.0,0.0,1.880825161933899,400,0
CY25-1,600,1.8792039155960083,1.8794463872909546,1.8794463872909546,0.0,0.0,1.880078911781311,400,0
CY25-1,601,1.879778265953064,1.8785696029663086,1.8785696029663086,0.0,0.0,1.8792039155960083,400,0
CY25-1,602,1.878036618232727,1.8791452646255493,1.8791452646255493,0.0,0.0,1.879778265953064,400,0
CY25-1,603,1.877668023109436,1.8774081468582153,1.8774081468582153,0.0,0.0,1.878036618232727,400,0
CY25-1,604,1.8763889074325562,1.877041220664978,1.877041220664978,0.0,0.0,1.877668023109436,400,0
CY25-1,605,1.8760805130004883,1.875762939453125,1.875762939453125,0.0,0.0,1.8763889074325562,400,0
CY25-1,606,1.8745611906051636,1.8754535913467407,1.8754535913467407,0.0,0.0,1.8760805130004883,400,0
CY25-1,607,1.873942255973816,1.8739343881607056,1.8739343881607056,0.0,0.0,1.8745611906051636,400,0
CY25-1,608,1.8732666969299316,1.873313307762146,1.873313307762146,0.0,0.0,1.873942255973816,400,0
CY25-1,609,1.8722264766693115,1.8726379871368408,1.8726379871368408,0.0,0.0,1.8732666969299316,400,0
CY25-1,610,1.871923565864563,1.8715972900390625,1.8715972900390625,0.0,0.0,1.8722264766693115,400,0
CY25-1,611,1.8714014291763306,1.8712944984436035,1.8712944984436035,0.0,0.0,1.871923565864563,400,0
CY25-1,612,1.870593547821045,1.8707820177078247,1.8707820177078247,0.0,0.0,1.8714014291763306,400,0
CY25-1,613,1.8698807954788208,1.869975209236145,1.869975209236145,0.0,0.0,1.870593547821045,400,0
CY25-1,614,1.869480848312378,1.8692630529403687,1.8692630529403687,0.0,0.0,1.8698807954788208,400,0
CY25-1,615,1.868668556213379,1.8688621520996094,1.8688621520996094,0.0,0.0,1.869480848312378,400,0
CY25-1,616,1.867822289466858,1.8680514097213745,1.8680514097213745,0.0,0.0,1.868668556213379,400,0
CY25-1,617,1.8665087223052979,1.8672055006027222,1.8672055006027222,0.0,0.0,1.867822289466858,400,0
CY25-1,618,1.8674147129058838,1.8658913373947144,1.8658913373947144,0.0,0.0,1.8665087223052979,400,0
CY25-1,619,1.8659852743148804,1.8667973279953003,1.8667973279953003,0.0,0.0,1.8674147129058838,400,0
CY25-1,620,1.8653559684753418,1.8653695583343506,1.8653695583343506,0.0,0.0,1.8659852743148804,400,0
CY25-1,621,1.8659114837646484,1.8647414445877075,1.8647414445877075,0.0,0.0,1.8653559684753418,400,0
CY25-1,622,1.8644630908966064,1.865297794342041,1.865297794342041,0.0,0.0,1.8659114837646484,400,0
CY25-1,623,1.863205909729004,1.863850474357605,1.863850474357605,0.0,0.0,1.8644630908966064,400,0
CY25-1,624,1.8629939556121826,1.8625948429107666,1.8625948429107666,0.0,0.0,1.863205909729004,400,0
CY25-1,625,1.8619582653045654,1.8623864650726318,1.8623864650726318,0.0,0.0,1.8629939556121826,400,0
CY25-1,626,1.8602306842803955,1.8613593578338623,1.8613593578338623,0.0,0.0,1.8619582653045654,400,0
CY25-1,627,1.8606966733932495,1.8596398830413818,1.8596398830413818,0.0,0.0,1.8602306842803955,400,0
CY25-1,628,1.8623048067092896,1.8601053953170776,1.8601053953170776,0.0,0.0,1.8606966733932495,400,0
CY25-1,629,1.8604801893234253,1.8617119789123535,1.8617119789123535,0.0,0.0,1.8623048067092896,400,0
CY25-1,630,1.8582736253738403,1.8598881959915161,1.8598881959915161,0.0,0.0,1.8604801893234253,400,0
CY25-1,631,1.8574248552322388,1.8576840162277222,1.8576840162277222,0.0,0.0,1.8582736253738403,400,0
CY25-1,632,1.8577903509140015,1.8568333387374878,1.8568333387374878,0.0,0.0,1.8574248552322388,400,0
CY25-1,633,1.8564387559890747,1.857195258140564,1.857195258140564,0.0,0.0,1.8577903509140015,400,0
CY25-1,634,1.8561798334121704,1.8558412790298462,1.8558412790298462,0.0,0.0,1.8564387559890747,400,0
CY25-1,635,1.855218529701233,1.8555816411972046,1.8555816411972046,0.0,0.0,1.8561798334121704,400,0
CY25-1,636,1.8543416261672974,1.8546160459518433,1.8546160459518433,0.0,0.0,1.855218529701233,400,0
CY25-1,637,1.853939175605774,1.8537403345108032,1.8537403345108032,0.0,0.0,1.8543416261672974,400,0
CY25-1,638,1.8550941944122314,1.853339672088623,1.853339672088623,0.0,0.0,1.853939175605774,400,0
CY25-1,639,1.8530081510543823,1.8544942140579224,1.8544942140579224,0.0,0.0,1.8550941944122314,400,0
CY25-1,640,1.8526594638824463,1.8524096012115479,1.8524096012115479,0.0,0.0,1.8530081510543823,400,0
CY25-1,641,1.8513692617416382,1.8520631790161133,1.8520631790161133,0.0,0.0,1.8526594638824463,400,0
CY25-1,642,1.8504713773727417,1.8507766723632812,1.8507766723632812,0.0,0.0,1.8513692617416382,400,0
CY25-1,643,1.8500938415527344,1.84988534450531,1.84988534450531,0.0,0.0,1.8504713773727417,400,0
CY25-1,644,1.8491796255111694,1.8495121002197266,1.8495121002197266,0.0,0.0,1.8500938415527344,400,0
CY25-1,645,1.8495663404464722,1.8486005067825317,1.8486005067825317,0.0,0.0,1.8491796255111694,400,0
CY25-1,646,1.8510929346084595,1.8489892482757568,1.8489892482757568,0.0,0.0,1.8495663404464722,400,0
CY25-1,647,1.8483264446258545,1.8505183458328247,1.8505183458328247,0.0,0.0,1.8510929346084595,400,0
CY25-1,648,1.8469535112380981,1.8477532863616943,1.8477532863616943,0.0,0.0,1.8483264446258545,400,0
CY25-1,649,1.8462660312652588,1.8463821411132812,1.8463821411132812,0.0,0.0,1.8469535112380981,400,0
CY25-1,650,1.8545552492141724,1.845702886581421,1.845702886581421,0.0,0.0,1.8462660312652588,400,0
CY25-1,651,1.8521203994750977,1.8539934158325195,1.8539934158325195,0.0,0.0,1.8545552492141724,400,0
CY25-1,652,1.8490127325057983,1.8515625,1.8515625,0.0,0.0,1.8521203994750977,400,0
CY25-1,653,1.84866201877594,1.8484594821929932,1.8484594821929932,0.0,0.0,1.8490127325057983,400,0
CY25-1,654,1.8463844060897827,1.8481166362762451,1.8481166362762451,0.0,0.0,1.84866201877594,400,0
CY25-1,655,1.847454309463501,1.84584641456604,1.84584641456604,0.0,0.0,1.8463844060897827,400,0
CY25-1,656,1.8452743291854858,1.8469188213348389,1.8469188213348389,0.0,0.0,1.847454309463501,400,0
CY25-1,657,1.843449354171753,1.8447415828704834,1.8447415828704834,0.0,0.0,1.8452743291854858,400,0
CY25-1,658,1.8422785997390747,1.8429186344146729,1.8429186344146729,0.0,0.0,1.843449354171753,400,0
CY25-1,659,1.8416839838027954,1.8417471647262573,1.8417471647262573,0.0,0.0,1.8422785997390747,400,0
CY25-1,660,1.840781569480896,1.841160774230957,1.841160774230957,0.0,0.0,1.8416839838027954,400,0
CY25-1,661,1.8396387100219727,1.8402619361877441,1.8402619361877441,0.0,0.0,1.840781569480896,400,0
CY25-1,662,1.839149832725525,1.8391177654266357,1.8391177654266357,0.0,0.0,1.8396387100219727,400,0
CY25-1,663,1.8375072479248047,1.838629961013794,1.838629961013794,0.0,0.0,1.839149832725525,400,0
CY25-1,664,1.8377277851104736,1.836989402770996,1.836989402770996,0.0,0.0,1.8375072479248047,400,0
CY25-1,665,1.835187554359436,1.837208867073059,1.837208867073059,0.0,0.0,1.8377277851104736,400,0
CY25-1,666,1.834861397743225,1.834668517112732,1.834668517112732,0.0,0.0,1.835187554359436,400,0
CY25-1,667,1.833409070968628,1.8343439102172852,1.8343439102172852,0.0,0.0,1.834861397743225,400,0
CY25-1,668,1.8330087661743164,1.8328852653503418,1.8328852653503418,0.0,0.0,1.833409070968628,400,0
CY25-1,669,1.8319861888885498,1.8324940204620361,1.8324940204620361,0.0,0.0,1.8330087661743164,400,0
CY25-1,670,1.831925868988037,1.8314718008041382,1.8314718008041382,0.0,0.0,1.8319861888885498,400,0
CY25-1,671,1.834084391593933,1.831410527229309,1.831410527229309,0.0,0.0,1.831925868988037,400,0
CY25-1,672,1.8287379741668701,1.8335705995559692,1.8335705995559692,0.0,0.0,1.834084391593933,400,0
CY25-1,673,1.8291863203048706,1.828226089477539,1.828226089477539,0.0,0.0,1.8287379741668701,400,0
CY25-1,674,1.8275262117385864,1.8286761045455933,1.8286761045455933,0.0,0.0,1.8291863203048706,400,0
CY25-1,675,1.827569603919983,1.8270169496536255,1.8270169496536255,0.0,0.0,1.8275262117385864,400,0
CY25-1,676,1.8263766765594482,1.8270559310913086,1.8270559310913086,0.0,0.0,1.827569603919983,400,0
CY25-1,677,1.8261524438858032,1.825865626335144,1.825865626335144,0.0,0.0,1.8263766765594482,400,0
CY25-1,678,1.8251615762710571,1.825647234916687,1.825647234916687,0.0,0.0,1.8261524438858032,400,0
CY25-1,679,1.8246829509735107,1.82465398311615,1.82465398311615,0.0,0.0,1.8251615762710571,400,0
CY25-1,680,1.8255023956298828,1.8241759538650513,1.8241759538650513,0.0,0.0,1.8246829509735107,400,0
CY25-1,681,1.8236294984817505,1.8249950408935547,1.8249950408935547,0.0,0.0,1.8255023956298828,400,0
CY25-1,682,1.8231655359268188,1.8231213092803955,1.8231213092803955,0.0,0.0,1.8236294984817505,400,0
CY25-1,683,1.8211166858673096,1.8226289749145508,1.8226289749145508,0.0,0.0,1.8231655359268188,400,0
CY25-1,684,1.8208025693893433,1.8206119537353516,1.8206119537353516,0.0,0.0,1.8211166858673096,400,0
CY25-1,685,1.82034432888031,1.8202991485595703,1.8202991485595703,0.0,0.0,1.8208025693893433,400,0
CY25-1,686,1.819683313369751,1.819839358329773,1.819839358329773,0.0,0.0,1.82034432888031,400,0
CY25-1,687,1.8216675519943237,1.8191734552383423,1.8191734552383423,0.0,0.0,1.819683313369751,400,0
CY25-1,688,1.8193151950836182,1.821163296699524,1.821163296699524,0.0,0.0,1.8216675519943237,400,0
CY25-1,689,1.8176212310791016,1.8188196420669556,1.8188196420669556,0.0,0.0,1.8193151950836182,400,0
CY25-1,690,1.8165982961654663,1.8170826435089111,1.8170826435089111,0.0,0.0,1.8176212310791016,400,0
CY25-1,691,1.8163087368011475,1.8161063194274902,1.8161063194274902,0.0,0.0,1.8165982961654663,400,0
CY25-1,692,1.8153626918792725,1.8158186674118042,1.8158186674118042,0.0,0.0,1.8163087368011475,400,0
CY25-1,693,1.8147269487380981,1.8148726224899292,1.8148726224899292,0.0,0.0,1.8153626918792725,400,0
CY25-1,694,1.8145276308059692,1.8142377138137817,1.8142377138137817,0.0,0.0,1.8147269487380981,400,0
CY25-1,695,1.8130099773406982,1.8140394687652588,1.8140394687652588,0.0,0.0,1.8145276308059692,400,0
CY25-1,696,1.8125535249710083,1.8124573230743408,1.8124573230743408,0.0,0.0,1.8130099773406982,400,0
CY25-1,697,1.8118098974227905,1.8120204210281372,1.8120204210281372,0.0,0.0,1.8125535249710083,400,0
CY25-1,698,1.8114923238754272,1.811324954032898,1.811324954032898,0.0,0.0,1.8118098974227905,400,0
CY25-1,699,1.8113542795181274,1.811012864112854,1.811012864112854,0.0,0.0,1.8114923238754272,400,0
CY25-1,700,1.809814691543579,1.8108737468719482,1.8108737468719482,0.0,0.0,1.8113542795181274,400,0
CY25-1,701,1.809096336364746,1.8093355894088745,1.8093355894088745,0.0,0.0,1.809814691543579,400,0
CY25-1,702,1.8078386783599854,1.8086156845092773,1.8086156845092773,0.0,0.0,1.809096336364746,400,0
CY25-1,703,1.8072706460952759,1.8072916269302368,1.8072916269302368,0.0,0.0,1.8078386783599854,400,0
CY25-1,704,1.8067266941070557,1.806766152381897,1.806766152381897,0.0,0.0,1.8072706460952759,400,0
CY25-1,705,1.8061678409576416,1.8062613010406494,1.8062613010406494,0.0,0.0,1.8067266941070557,400,0
CY25-1,706,1.8050106763839722,1.8056997060775757,1.8056997060775757,0.0,0.0,1.8061678409576416,400,0
CY25-1,707,1.804253101348877,1.8045406341552734,1.8045406341552734,0.0,0.0,1.8050106763839722,400,0
CY25-1,708,1.8042150735855103,1.8037837743759155,1.8037837743759155,0.0,0.0,1.804253101348877,400,0
CY25-1,709,1.8033984899520874,1.8037461042404175,1.8037461042404175,0.0,0.0,1.8042150735855103,400,0
CY25-1,710,1.801496982574463,1.8029032945632935,1.8029032945632935,0.0,0.0,1.8033984899520874,400,0
CY25-1,711,1.8012763261795044,1.8010238409042358,1.8010238409042358,0.0,0.0,1.801496982574463,400,0
CY25-1,712,1.8040568828582764,1.8008044958114624,1.8008044958114624,0.0,0.0,1.8012763261795044,400,0
CY25-1,713,1.8000901937484741,1.8035850524902344,1.8035850524902344,0.0,0.0,1.8040568828582764,400,0
CY25-1,714,1.798751950263977,1.7996222972869873,1.7996222972869873,0.0,0.0,1.8000901937484741,400,0
CY25-1,715,1.7989106178283691,1.7982836961746216,1.7982836961746216,0.0,0.0,1.798751950263977,400,0
CY25-1,716,1.7970690727233887,1.7984400987625122,1.7984400987625122,0.0,0.0,1.7989106178283691,400,0
CY25-1,717,1.7972038984298706,1.7965357303619385,1.7965357303619385,0.0,0.0,1.7970690727233887,400,0
CY25-1,718,1.796382188796997,1.796666145324707,1.796666145324707,0.0,0.0,1.7972038984298706,400,0
CY25-1,719,1.7958358526229858,1.7959071397781372,1.7959071397781372,0.0,0.0,1.796382188796997,400,0
CY25-1,720,1.7940640449523926,1.7953674793243408,1.7953674793243408,0.0,0.0,1.7958358526229858,400,0
CY25-1,721,1.7936850786209106,1.7936005592346191,1.7936005592346191,0.0,0.0,1.7940640449523926,400,0
CY25-1,722,1.7953338623046875,1.7932186126708984,1.7932186126708984,0.0,0.0,1.7936850786209106,400,0
CY25-1,723,1.792604923248291,1.7948672771453857,1.7948672771453857,0.0,0.0,1.7953338623046875,400,0
CY25-1,724,1.7920747995376587,1.7919840812683105,1.7919840812683105,0.0,0.0,1.792604923248291,400,0
CY25-1,725,1.7908326387405396,1.7915064096450806,1.7915064096450806,0.0,0.0,1.7920747995376587,400,0
CY25-1,726,1.7903120517730713,1.7903704643249512,1.7903704643249512,0.0,0.0,1.7908326387405396,400,0
CY25-1,727,1.7897028923034668,1.7898468971252441,1.7898468971252441,0.0,0.0,1.7903120517730713,400,0
CY25-1,728,1.789394736289978,1.7892367839813232,1.7892367839813232,0.0,0.0,1.7897028923034668,400,0
CY25-1,729,1.7915396690368652,1.7889299392700195,1.7889299392700195,0.0,0.0,1.789394736289978,400,0
CY25-1,730,1.7885844707489014,1.7910739183425903,1.7910739183425903,0.0,0.0,1.7915396690368652,400,0
CY25-1,731,1.7867928743362427,1.7881245613098145,1.7881245613098145,0.0,0.0,1.7885844707489014,400,0
CY25-1,732,1.7857708930969238,1.786243200302124,1.786243200302124,0.0,0.0,1.7867928743362427,400,0
CY25-1,733,1.7857693433761597,1.7853093147277832,1.7853093147277832,0.0,0.0,1.7857708930969238,400,0
CY25-1,734,1.7848296165466309,1.7853072881698608,1.7853072881698608,0.0,0.0,1.7857693433761597,400,0
CY25-1,735,1.7834519147872925,1.7843692302703857,1.7843692302703857,0.0,0.0,1.7848296165466309,400,0
CY25-1,736,1.7839096784591675,1.7829890251159668,1.7829890251159668,0.0,0.0,1.7834519147872925,400,0
CY25-1,737,1.7831048965454102,1.7834476232528687,1.7834476232528687,0.0,0.0,1.7839096784591675,400,0
CY25-1,738,1.7819654941558838,1.7825040817260742,1.7825040817260742,0.0,0.0,1.7831048965454102,400,0
CY25-1,739,1.7825250625610352,1.7813233137130737,1.7813233137130737,0.0,0.0,1.7819654941558838,400,0
CY25-1,740,1.7801567316055298,1.7818334102630615,1.7818334102630615,0.0,0.0,1.7825250625610352,400,0
CY25-1,741,1.7798817157745361,1.7797054052352905,1.7797054052352905,0.0,0.0,1.7801567316055298,400,0
CY25-1,742,1.7793322801589966,1.7794312238693237,1.7794312238693237,0.0,0.0,1.7798817157745361,400,0
CY25-1,743,1.7781823873519897,1.7788798809051514,1.7788798809051514,0.0,0.0,1.7793322801589966,400,0
CY25-1,744,1.7774053812026978,1.7776159048080444,1.7776159048080444,0.0,0.0,1.7781823873519897,400,0
CY25-1,745,1.7774105072021484,1.7766997814178467,1.7766997814178467,0.0,0.0,1.7774053812026978,400,0
CY25-1,746,1.7786146402359009,1.7767025232315063,1.7767025232315063,0.0,0.0,1.7774105072021484,400,0
CY25-1,747,1.7761728763580322,1.7781658172607422,1.7781658172607422,0.0,0.0,1.7786146402359009,400,0
CY25-1,748,1.7852044105529785,1.7757179737091064,1.7757179737091064,0.0,0.0,1.7761728763580322,400,0
CY25-1,749,1.7830052375793457,1.7847487926483154,1.7847487926483154,0.0,0.0,1.7852044105529785,400,0
CY25-1,750,1.7806215286254883,1.7823562622070312,1.7823562622070312,0.0,0.0,1.7830052375793457,400,0
CY25-1,751,1.778617024421692,1.7801635265350342,1.7801635265350342,0.0,0.0,1.7806215286254883,400,0
CY25-1,752,1.7756553888320923,1.7781617641448975,1.7781617641448975,0.0,0.0,1.778617024421692,400,0
CY25-1,753,1.7750358581542969,1.7752063274383545,1.7752063274383545,0.0,0.0,1.7756553888320923,400,0
CY25-1,754,1.77395498752594,1.774586796760559,1.774586796760559,0.0,0.0,1.7750358581542969,400,0
CY25-1,755,1.7724788188934326,1.7735086679458618,1.7735086679458618,0.0,0.0,1.77395498752594,400,0
CY25-1,756,1.7730287313461304,1.7717145681381226,1.7717145681381226,0.0,0.0,1.7724788188934326,400,0
CY25-1,757,1.7700556516647339,1.7723877429962158,1.7723877429962158,0.0,0.0,1.7730287313461304,400,0
CY25-1,758,1.7704343795776367,1.7696125507354736,1.7696125507354736,0.0,0.0,1.7700556516647339,400,0
CY25-1,759,1.7674565315246582,1.7699936628341675,1.7699936628341675,0.0,0.0,1.7704343795776367,400,0
CY25-1,760,1.7663527727127075,1.7667032480239868,1.7667032480239868,0.0,0.0,1.7674565315246582,400,0
CY25-1,761,1.765809416770935,1.7657679319381714,1.7657679319381714,0.0,0.0,1.7663527727127075,400,0
CY25-1,762,1.7649294137954712,1.7653695344924927,1.7653695344924927,0.0,0.0,1.765809416770935,400,0
CY25-1,763,1.7630765438079834,1.764496922492981,1.764496922492981,0.0,0.0,1.7649294137954712,400,0
CY25-1,764,1.7665890455245972,1.7624634504318237,1.7624634504318237,0.0,0.0,1.7630765438079834,400,0
CY25-1,765,1.7630538940429688,1.7658580541610718,1.7658580541610718,0.0,0.0,1.7665890455245972,400,0
CY25-1,766,1.7604132890701294,1.7624138593673706,1.7624138593673706,0.0,0.0,1.7630538940429688,400,0
CY25-1,767,1.7595551013946533,1.7599775791168213,1.7599775791168213,0.0,0.0,1.7604132890701294,400,0
CY25-1,768,1.7583256959915161,1.7591197490692139,1.7591197490692139,0.0,0.0,1.7595551013946533,400,0
CY25-1,769,1.7573764324188232,1.7578673362731934,1.7578673362731934,0.0,0.0,1.7583256959915161,400,0
CY25-1,770,1.7572633028030396,1.7565535306930542,1.7565535306930542,0.0,0.0,1.7573764324188232,400,0
CY25-1,771,1.7553980350494385,1.756424903869629,1.756424903869629,0.0,0.0,1.7572633028030396,400,0
CY25-1,772,1.754645586013794,1.7549688816070557,1.7549688816070557,0.0,0.0,1.7553980350494385,400,0
CY25-1,773,1.7541916370391846,1.7542171478271484,1.7542171478271484,0.0,0.0,1.754645586013794,400,0
CY25-1,774,1.7535879611968994,1.7537643909454346,1.7537643909454346,0.0,0.0,1.7541916370391846,400,0
CY25-1,775,1.7526488304138184,1.7531620264053345,1.7531620264053345,0.0,0.0,1.7535879611968994,400,0
CY25-1,776,1.752380609512329,1.7518361806869507,1.7518361806869507,0.0,0.0,1.7526488304138184,400,0
CY25-1,777,1.75120210647583,1.7515379190444946,1.7515379190444946,0.0,0.0,1.752380609512329,400,0
CY25-1,778,1.7507438659667969,1.7505205869674683,1.7505205869674683,0.0,0.0,1.75120210647583,400,0
CY25-1,779,1.7489690780639648,1.7502119541168213,1.7502119541168213,0.0,0.0,1.7507438659667969,400,0
CY25-1,780,1.747785210609436,1.748548150062561,1.748548150062561,0.0,0.0,1.7489690780639648,400,0
CY25-1,781,1.746832013130188,1.746996283531189,1.746996283531189,0.0,0.0,1.747785210609436,400,0
CY25-1,782,1.7463977336883545,1.7459341287612915,1.7459341287612915,0.0,0.0,1.746832013130188,400,0
CY25-1,783,1.7456631660461426,1.7455898523330688,1.7455898523330688,0.0,0.0,1.7463977336883545,400,0
CY25-1,784,1.7477378845214844,1.7451115846633911,1.7451115846633911,0.0,0.0,1.7456631660461426,400,0
CY25-1,785,1.7446398735046387,1.7469255924224854,1.7469255924224854,0.0,0.0,1.7477378845214844,400,0
CY25-1,786,1.742565393447876,1.7442169189453125,1.7442169189453125,0.0,0.0,1.7446398735046387,400,0
CY25-1,787,1.7428008317947388,1.7414357662200928,1.7414357662200928,0.0,0.0,1.742565393447876,400,0
CY25-1,788,1.7400078773498535,1.7418997287750244,1.7418997287750244,0.0,0.0,1.7428008317947388,400,0
CY25-1,789,1.7404356002807617,1.739581823348999,1.739581823348999,0.0,0.0,1.7400078773498535,400,0
CY25-1,790,1.7393909692764282,1.739813208580017,1.739813208580017,0.0,0.0,1.7404356002807617,400,0
CY25-1,791,1.7385585308074951,1.7389814853668213,1.7389814853668213,0.0,0.0,1.7393909692764282,400,0
CY25-1,792,1.7372126579284668,1.738153338432312,1.738153338432312,0.0,0.0,1.7385585308074951,400,0
CY25-1,793,1.737318992614746,1.7361844778060913,1.7361844778060913,0.0,0.0,1.7372126579284668,400,0
CY25-1,794,1.735517144203186,1.7362982034683228,1.7362982034683228,0.0,0.0,1.737318992614746,400,0
CY25-1,795,1.7362911701202393,1.7348520755767822,1.7348520755767822,0.0,0.0,1.735517144203186,400,0
CY25-1,796,1.7341831922531128,1.7353864908218384,1.7353864908218384,0.0,0.0,1.7362911701202393,400,0
CY25-1,797,1.736839771270752,1.7337799072265625,1.7337799072265625,0.0,0.0,1.7341831922531128,400,0
CY25-1,798,1.7319585084915161,1.7358074188232422,1.7358074188232422,0.0,0.0,1.736839771270752,400,0
CY25-1,799,1.7325570583343506,1.7309072017669678,1.7309072017669678,0.0,0.0,1.7319585084915161,400,0
CY25-1,800,1.7320469617843628,1.7316023111343384,1.7316023111343384,0.0,0.0,1.7325570583343506,400,0
CY25-1,801,1.7307320833206177,1.7309789657592773,1.7309789657592773,0.0,0.0,1.7320469617843628,400,0
CY25-1,802,1.7292757034301758,1.72993004322052,1.72993004322052,0.0,0.0,1.7307320833206177,400,0
CY25-1,803,1.7280538082122803,1.7288849353790283,1.7288849353790283,0.0,0.0,1.7292757034301758,400,0
CY25-1,804,1.7282238006591797,1.7274203300476074,1.7274203300476074,0.0,0.0,1.7280538082122803,400,0
CY25-1,805,1.7265477180480957,1.7277629375457764,1.7277629375457764,0.0,0.0,1.7282238006591797,400,0
CY25-1,806,1.7252448797225952,1.7254737615585327,1.7254737615585327,0.0,0.0,1.7265477180480957,400,0
CY25-1,807,1.7248743772506714,1.724617838859558,1.724617838859558,0.0,0.0,1.7252448797225952,400,0
CY25-1,808,1.7233749628067017,1.7244548797607422,1.7244548797607422,0.0,0.0,1.7248743772506714,400,0
CY25-1,809,1.722311019897461,1.7229872941970825,1.7229872941970825,0.0,0.0,1.7233749628067017,400,0
CY25-1,810,1.7219164371490479,1.721259355545044,1.721259355545044,0.0,0.0,1.722311019897461,400,0
CY25-1,811,1.7209885120391846,1.7208003997802734,1.7208003997802734,0.0,0.0,1.7219164371490479,400,0
CY25-1,812,1.720297932624817,1.7200349569320679,1.7200349569320679,0.0,0.0,1.7209885120391846,400,0
CY25-1,813,1.719077229499817,1.7196283340454102,1.7196283340454102,0.0,0.0,1.720297932624817,400,0
CY25-1,814,1.7194100618362427,1.7186988592147827,1.7186988592147827,0.0,0.0,1.719077229499817,400,0
CY25-1,815,1.7180638313293457,1.7190319299697876,1.7190319299697876,0.0,0.0,1.7194100618362427,400,0
CY25-1,816,1.716690182685852,1.7174696922302246,1.7174696922302246,0.0,0.0,1.7180638313293457,400,0
CY25-1,817,1.7151877880096436,1.7156065702438354,1.7156065702438354,0.0,0.0,1.716690182685852,400,0
CY25-1,818,1.714561939239502,1.7145814895629883,1.7145814895629883,0.0,0.0,1.7151877880096436,400,0
CY25-1,819,1.7140207290649414,1.714189052581787,1.714189052581787,0.0,0.0,1.714561939239502,400,0
CY25-1,820,1.7130680084228516,1.7136502265930176,1.7136502265930176,0.0,0.0,1.7140207290649414,400,0
CY25-1,821,1.7124041318893433,1.7124755382537842,1.7124755382537842,0.0,0.0,1.7130680084228516,400,0
CY25-1,822,1.71319580078125,1.711321473121643,1.711321473121643,0.0,0.0,1.7124041318893433,400,0
CY25-1,823,1.7138535976409912,1.7127736806869507,1.7127736806869507,0.0,0.0,1.71319580078125,400,0
CY25-1,824,1.7103842496871948,1.7134791612625122,1.7134791612625122,0.0,0.0,1.7138535976409912,400,0
CY25-1,825,1.7085100412368774,1.7095259428024292,1.7095259428024292,0.0,0.0,1.7103842496871948,400,0
CY25-1,826,1.707737922668457,1.7081422805786133,1.7081422805786133,0.0,0.0,1.7085100412368774,400,0
CY25-1,827,1.7073657512664795,1.7067911624908447,1.7067911624908447,0.0,0.0,1.707737922668457,400,0
CY25-1,828,1.706480622291565,1.7062263488769531,1.7062263488769531,0.0,0.0,1.7073657512664795,400,0
CY25-1,829,1.705238938331604,1.7052464485168457,1.7052464485168457,0.0,0.0,1.706480622291565,400,0
CY25-1,830,1.7045047283172607,1.7044304609298706,1.7044304609298706,0.0,0.0,1.705238938331604,400,0
CY25-1,831,1.7036561965942383,1.704094409942627,1.704094409942627,0.0,0.0,1.7045047283172607,400,0
CY25-1,832,1.7035229206085205,1.7032924890518188,1.7032924890518188,0.0,0.0,1.7036561965942383,400,0
CY25-1,833,1.7022114992141724,1.703160047531128,1.703160047531128,0.0,0.0,1.7035229206085205,400,0
CY25-1,834,1.7022796869277954,1.700964331626892,1.700964331626892,0.0,0.0,1.7022114992141724,400,0
CY25-1,835,1.7017829418182373,1.7010332345962524,1.7010332345962524,0.0,0.0,1.7022796869277954,400,0
CY25-1,836,1.6997358798980713,1.7005012035369873,1.7005012035369873,0.0,0.0,1.7017829418182373,400,0
CY25-1,837,1.6992683410644531,1.699048399925232,1.699048399925232,0.0,0.0,1.6997358798980713,400,0
CY25-1,838,1.6974799633026123,1.6988786458969116,1.6988786458969116,0.0,0.0,1.6992683410644531,400,0
CY25-1,839,1.697635293006897,1.6962965726852417,1.6962965726852417,0.0,0.0,1.6974799633026123,400,0
CY25-1,840,1.6957550048828125,1.6965556144714355,1.6965556144714355,0.0,0.0,1.697635293006897,400,0
CY25-1,841,1.6952979564666748,1.694563388824463,1.694563388824463,0.0,0.0,1.6957550048828125,400,0
CY25-1,842,1.6947021484375,1.6943042278289795,1.6943042278289795,0.0,0.0,1.6952979564666748,400,0
CY25-1,843,1.6966530084609985,1.6940264701843262,1.6940264701843262,0.0,0.0,1.6947021484375,400,0
CY25-1,844,1.6933854818344116,1.6952409744262695,1.6952409744262695,0.0,0.0,1.6966530084609985,400,0
CY25-1,845,1.6918680667877197,1.693029522895813,1.693029522895813,0.0,0.0,1.6933854818344116,400,0
CY25-1,846,1.7061915397644043,1.6904270648956299,1.6904270648956299,0.0,0.0,1.6918680667877197,400,0
CY25-1,847,1.7028039693832397,1.7047603130340576,1.7047603130340576,0.0,0.0,1.7061915397644043,400,0
CY25-1,848,1.7012250423431396,1.7018163204193115,1.7018163204193115,0.0,0.0,1.7028039693832397,400,0
CY25-1,849,1.700391411781311,1.6997594833374023,1.6997594833374023,0.0,0.0,1.7012250423431396,400,0
CY25-1,850,1.6963707208633423,1.6992182731628418,1.6992182731628418,0.0,0.0,1.700391411781311,400,0
CY25-1,851,1.6934078931808472,1.6948504447937012,1.6948504447937012,0.0,0.0,1.6963707208633423,400,0
CY25-1,852,1.6909335851669312,1.6930514574050903,1.6930514574050903,0.0,0.0,1.6934078931808472,400,0
CY25-1,853,1.6894785165786743,1.6895133256912231,1.6895133256912231,0.0,0.0,1.6909335851669312,400,0
CY25-1,854,1.6879345178604126,1.688805103302002,1.688805103302002,0.0,0.0,1.6894785165786743,400,0
CY25-1,855,1.6865912675857544,1.6871782541275024,1.6871782541275024,0.0,0.0,1.6879345178604126,400,0
CY25-1,856,1.6855963468551636,1.6851394176483154,1.6851394176483154,0.0,0.0,1.6865912675857544,400,0
CY25-1,857,1.6844837665557861,1.6843416690826416,1.6843416690826416,0.0,0.0,1.6855963468551636,400,0
CY25-1,858,1.6830270290374756,1.6837819814682007,1.6837819814682007,0.0,0.0,1.6844837665557861,400,0
CY25-1,859,1.6809959411621094,1.6824414730072021,1.6824414730072021,0.0,0.0,1.6830270290374756,400,0
CY25-1,860,1.6813384294509888,1.6794880628585815,1.6794880628585815,0.0,0.0,1.6809959411621094,400,0
CY25-1,861,1.678710699081421,1.6797407865524292,1.6797407865524292,0.0,0.0,1.6813384294509888,400,0
CY25-1,862,1.677195429801941,1.6783703565597534,1.6783703565597534,0.0,0.0,1.678710699081421,400,0
CY25-1,863,1.6753108501434326,1.6757010221481323,1.6757010221481323,0.0,0.0,1.677195429801941,400,0
CY25-1,864,1.6746448278427124,1.6740589141845703,1.6740589141845703,0.0,0.0,1.6753108501434326,400,0
CY25-1,865,1.6728707551956177,1.6737494468688965,1.6737494468688965,0.0,0.0,1.6746448278427124,400,0
CY25-1,866,1.6718090772628784,1.6720104217529297,1.6720104217529297,0.0,0.0,1.6728707551956177,400,0
CY25-1,867,1.6713069677352905,1.6701409816741943,1.6701409816741943,0.0,0.0,1.6718090772628784,400,0
CY25-1,868,1.67331063747406,1.669636845588684,1.669636845588684,0.0,0.0,1.6713069677352905,400,0
CY25-1,869,1.6704925298690796,1.6729810237884521,1.6729810237884521,0.0,0.0,1.67331063747406,400,0
CY25-1,870,1.667818546295166,1.6690552234649658,1.6690552234649658,0.0,0.0,1.6704925298690796,400,0
CY25-1,871,1.6674269437789917,1.666869044303894,1.666869044303894,0.0,0.0,1.667818546295166,400,0
CY25-1,872,1.6665675640106201,1.6659823656082153,1.6659823656082153,0.0,0.0,1.6674269437789917,400,0
CY25-1,873,1.6647311449050903,1.6648080348968506,1.6648080348968506,0.0,0.0,1.6665675640106201,400,0
CY25-1,874,1.6632040739059448,1.6636565923690796,1.6636565923690796,0.0,0.0,1.6647311449050903,400,0
CY25-1,875,1.6622637510299683,1.662874698638916,1.662874698638916,0.0,0.0,1.6632040739059448,400,0
CY25-1,876,1.6611377000808716,1.6607719659805298,1.6607719659805298,0.0,0.0,1.6622637510299683,400,0
CY25-1,877,1.660190224647522,1.6594854593276978,1.6594854593276978,0.0,0.0,1.6611377000808716,400,0
CY25-1,878,1.6587942838668823,1.6588921546936035,1.6588921546936035,0.0,0.0,1.660190224647522,400,0
CY25-1,879,1.6584450006484985,1.658341884613037,1.658341884613037,0.0,0.0,1.6587942838668823,400,0
CY25-1,880,1.6567895412445068,1.6581284999847412,1.6581284999847412,0.0,0.0,1.6584450006484985,400,0
CY25-1,881,1.6578232049942017,1.654968023300171,1.654968023300171,0.0,0.0,1.6567895412445068,400,0
CY25-1,882,1.6547693014144897,1.6568660736083984,1.6568660736083984,0.0,0.0,1.6578232049942017,400,0
CY25-1,883,1.653610348701477,1.6535896062850952,1.6535896062850952,0.0,0.0,1.6547693014144897,400,0
CY25-1,884,1.6475660800933838,1.653211236000061,1.653211236000061,0.0,0.0,1.653610348701477,400,0
CY25-1,885,1.6517738103866577,1.6462067365646362,1.6462067365646362,0.0,0.0,1.6475660800933838,400,0
CY25-1,886,1.65133798122406,1.6499269008636475,1.6499269008636475,0.0,0.0,1.6517738103866577,400,0
